arrivalDate	stateName	marketName	commodityName	modalPrice	arrivalQuantity
04-08-2023	Punjab	Tanda Urmur	Potato	1400	3953
31-08-2023	Madhya Pradesh	Taal	Wheat	2200	1602
25-10-2023	Madhya Pradesh	Shivpuri	Wheat	2325	4779
12-02-2025	Uttar Pradesh	Bahraich	Potato	1105	4748
25-08-2023	Karnataka	Bangalore	Wheat	4050	2712
25-10-2024	Gujarat	Navsari	Potato	2950	1698
20-05-2025	Uttar Pradesh	Pratapgarh	Potato	1200	3573
04-09-2023	Uttar Pradesh	Gadaura	Tomato	4100	2977
22-02-2025	Himachal Pradesh	Solan	Onion	3300	2306
27-02-2025	Tamilnadu	Sivakasi(Uzhavar Sandhai )	Potato	5000	2469
17-11-2023	 Punjab	Jalalabad	Onion	3500	1587
06-01-2024	Uttar Pradesh	Chaandpur	Potato	800	4675
06-07-2024	Uttar Pradesh	Nawabganj	Potato	2400	2205
20-08-2024	Punjab	Nabha	Potato	1440	3190
24-01-2024	Uttar Pradesh	Mathura	Onion	1900	2917
30-07-2023	West Bengal	Bolpur	Onion	2450	1133
02-10-2024	Maharashtra	Bhusaval	Potato	2800	1094
17-08-2023	Bihar	Tajpur	Onion	2500	4641
19-02-2025	Kerala	Ettumanoor	Onion	6400	777
30-06-2023	Haryana	Gurgaon	Onion	1100	2979
27-07-2024	Himachal Pradesh	Shimla	Onion	3400	3510
11-03-2025	Tamilnadu	Kahithapattarai(Uzhavar Sandhai )	Potato	2500	1332
26-03-2025	Himachal Pradesh	Hamirpur	Potato	1100	4119
23-04-2025	Uttar Pradesh	Muradabad	Potato	1100	647
11-10-2023	Madhya Pradesh	Pachaur	Wheat	2370	1173
17-03-2025	Haryana	Gharaunda	Onion	2500	1589
12-02-2025	Kerala	Ettumanoor	Onion	3800	3070
04-10-2023	Madhya Pradesh	Bankhedi	Wheat	2451	2280
19-03-2024	Uttar Pradesh	Ballia	Potato	1370	425
13-09-2023	Orissa	Rayagada	Potato	1800	1533
17-02-2024	Punjab	Sahnewal	Potato	660	141
06-07-2024	Chhattisgarh	Tiphra	Onion	3100	4753
13-02-2025	Uttar Pradesh	Kosikalan	Onion	1950	3566
13-04-2024	Uttar Pradesh	Khaga	Potato	1575	2512
02-12-2023	Himachal Pradesh	Kangra(Jassour)	Onion	5000	1912
27-09-2024	Tamilnadu	Palanganatham(Uzhavar Sandhai )	Onion	6000	4399
07-12-2024	Tamilnadu	Mayiladuthurai(Uzhavar Sandhai )	Potato	5000	1881
04-06-2025	Himachal Pradesh	Hamirpur	Onion	1800	1590
19-07-2024	Uttar Pradesh	Milak	Onion	3060	1005
21-02-2025	Uttar Pradesh	Gadaura	Onion	2100	3698
04-03-2024	Maharashtra	Kamthi	Onion	2000	553
01-05-2025	Maharashtra	Junnar(Otur)	Potato	1300	3088
23-05-2024	Haryana	Barara	Onion	1300	1189
16-07-2024	Tamilnadu	Thammampati	Onion	4800	4250
13-02-2024	Rajasthan	Rawatsar	Onion	1200	1365
15-05-2024	Uttar Pradesh	Awagarh	Potato	1500	4625
12-07-2023	Madhya Pradesh	Mandla	Wheat	2000	2243
06-06-2023	Uttar Pradesh	Tilhar	Onion	1000	4879
04-12-2024	Tamilnadu	NGO Colony(Uzhavar Sandhai )	Potato	4200	1503
07-12-2023	West Bengal	Chakdah	Onion	4700	832
05-06-2024	Himachal Pradesh	Una	Potato	1800	306
04-04-2025	West Bengal	Barasat	Onion	1800	3646
24-01-2025	Tamilnadu	Mannargudi I(Uzhavar Sandhai )	Potato	4600	3524
19-07-2023	Rajasthan	Kota (F&V)	Onion	850	4956
16-10-2023	Punjab	Rajpura	Onion	2100	1016
28-09-2024	Himachal Pradesh	Muskara	Onion	3850	3718
23-09-2024	Punjab	Sangrur	Potato	1300	1013
28-08-2023	Gujarat	Radhanpur	Wheat	2275	2148
27-01-2024	Kerala	Ettumanoor	Potato	3000	4959
18-11-2023	Himachal Pradesh	Shimla	Onion	5100	731
18-12-2023	Uttar Pradesh	Puwaha	Potato	780	2771
04-06-2024	Delhi	Azadpur	Potato	1509	3180
25-07-2023	Madhya Pradesh	Harda(F&V)	Onion	950	1655
17-08-2024	Tamilnadu	Chidambaram(Uzhavar Sandhai )	Onion	4500	790
19-04-2024	Kerala	Kanjirappally	Onion	2700	1957
23-06-2023	Maharashtra	Shrirampur	Onion	700	1610
17-12-2023	Punjab	Malerkotla	Potato	400	4753
14-01-2024	Uttar Pradesh	Siyana	Onion	1960	2422
20-08-2024	Uttar Pradesh	Muzzafarnagar	Potato	2350	2801
01-03-2025	 Punjab	Fazilka	Potato	1000	2837
11-06-2023	Maharashtra	Phaltan	Wheat	2500	954
28-03-2025	Punjab	Mukerian(Talwara)	Potato	900	4774
08-04-2025	Haryana	Ganaur	Onion	2400	4613
09-03-2024	Haryana	Dabwali	Potato	800	3168
04-02-2025	Haryana	Punhana	Potato	800	4811
01-03-2024	Uttar Pradesh	Fatehpur Sikri	Onion	1600	259
29-09-2023	Rajasthan	Rawatsar	Potato	700	1059
27-03-2025	Kerala	Aroor	Onion	3900	4591
18-05-2024	Haryana	Radaur	Potato	1400	2171
02-12-2024	Karnataka	Shimoga	Onion	6000	628
01-11-2023	Maharashtra	Shirpur	Wheat	2720	3951
04-01-2025	Rajasthan	Sikar	Potato	1500	3523
29-09-2023	Uttar Pradesh	Chutmalpur	Onion	1800	3153
23-08-2024	Haryana	Kosli	Potato	1500	1286
23-01-2025	Tamilnadu	Tirupatthur(Uzhavar Sandhai )	Potato	6000	1981
21-10-2023	Uttar Pradesh	Bijnaur	Potato	1020	4190
22-10-2024	Tamilnadu	Thanjavur(Uzhavar Sandhai )	Potato	5000	482
12-07-2023	Meghalaya	Shillong	Tomato	6500	3483
21-10-2024	Rajasthan	Nimbahera	Onion	2500	4289
20-07-2024	Maharashtra	Pune(Manjri)	Onion	2600	370
14-10-2023	Madhya Pradesh	Ganjbasoda	Wheat	2430	1262
15-04-2025	Punjab	Dharamkot	Potato	1000	2788
08-05-2024	Haryana	Gohana	Onion	1200	1317
08-08-2024	Tamilnadu	Athur(Uzhavar Sandhai )	Potato	5000	2434
16-02-2025	Kerala	Punalur	Potato	3800	1735
30-06-2023	Uttar Pradesh	Fatehpur	Potato	960	1816
12-02-2025	Gujarat	Nadiyad(Piplag)	Potato	950	4562
03-08-2023	Uttar Pradesh	Madhoganj	Wheat	2280	4342
23-11-2023	Haryana	Samalkha	Potato	1000	2638
30-07-2024	Uttar Pradesh	Sandi	Onion	2680	2960
10-03-2025	Uttar Pradesh	Aligarh	Onion	2500	3218
24-09-2023	Uttar Pradesh	Rampurmaniharan	Potato	931	703
26-12-2023	Uttar Pradesh	Sandi	Onion	2065	602
12-01-2024	Gujarat	Kapadvanj	Wheat	2400	4121
25-02-2024	West Bengal	Karimpur	Potato	1220	1066
11-04-2025	Tamilnadu	Edapadi (Uzhavar Sandhai )	Potato	3000	1374
18-03-2024	Rajasthan	Sujangarh	Potato	800	1614
29-05-2025	Uttar Pradesh	Tulsipur	Onion	1240	3505
23-06-2023	Chattisgarh	Kheragarh	Wheat	1850	1398
18-07-2023	Punjab	Rayya	Potato	1300	2315
22-04-2025	Haryana	FerozpurZirkha(Nagina)	Onion	1800	515
20-11-2023	Uttar Pradesh	Naanpara	Wheat	2490	970
09-09-2024	Gujarat	Jetpur(Dist.Rajkot)	Onion	2955	338
11-05-2025	Tamilnadu	Panruti(Uzhavar Sandhai )	Potato	4000	4514
19-07-2024	West Bengal	Dhupguri	Potato	2500	629
01-09-2023	Uttar Pradesh	Ajuha	Potato	1100	503
05-04-2025	Uttar Pradesh	Chitwadagaon	Onion	1710	4091
24-12-2024	West Bengal	Asansol	Potato	2460	1935
08-02-2025	Tamilnadu	Karur(Uzhavar Sandhai )	Potato	5000	3943
02-12-2023	Gujarat	Bilimora	Potato	2400	3430
04-08-2023	Maharashtra	Solapur	Potato	1200	4129
11-12-2023	Kerala	Perumbavoor	Onion	4500	2035
11-07-2023	Uttar Pradesh	Chaandpur	Onion	1450	1621
14-09-2023	Madhya Pradesh	Sanwer	Onion	1300	3230
06-06-2024	Uttar Pradesh	Gonda	Onion	1800	2060
18-09-2023	Maharashtra	Malegaon	Wheat	2752	2945
23-07-2023	West Bengal	Belacoba	Potato	1300	3476
26-12-2023	Assam	Paliakala	Potato	950	3093
24-06-2023	West Bengal	Alipurduar	Potato	1200	1001
22-10-2024	Gujarat	Nadiyad(Piplag)	Onion	3200	3157
11-08-2023	Rajasthan	Madanganj Kishangarh	Onion	2200	4499
08-07-2024	Orissa	Aiginia Mandi	Potato	3500	943
24-01-2025	Tamilnadu	Thanjavur(Uzhavar Sandhai )	Potato	4600	2960
21-01-2025	Gujarat	Ahmedabad(Chimanbhai Patal Market Vasana)	Potato	1200	1501
01-05-2024	Uttar Pradesh	Khaga	Onion	1760	3174
21-02-2025	West Bengal	Jalpaiguri Sadar	Potato	850	2125
05-10-2024	Uttar Pradesh	Dhanaura	Onion	1500	364
21-01-2025	Uttar Pradesh	Sikanderabad	Potato	1100	2369
03-10-2024	Punjab	Ajnala	Onion	2450	859
22-08-2024	Haryana	Sirsa	Onion	3500	3063
03-08-2024	Uttar Pradesh	Mugrabaadshahpur	Potato	2350	3124
06-05-2024	Madhya Pradesh	Agar	Onion	850	1540
29-03-2025	Uttar Pradesh	Ghiraur	Onion	1980	4650
20-10-2023	Manipur	Thoubal	Potato	2750	1860
25-02-2025	Himachal Pradesh	Mandi(Takoli)	Potato	1500	1547
11-10-2024	Kerala	North Paravur	Onion	5800	4939
10-07-2024	Andhra Pradesh	Erragadda(Rythu Bazar)	Onion	3200	526
30-07-2023	Uttar Pradesh	Mahoba	Tomato	8100	4744
22-11-2024	Haryana	Sonepat	Potato	2300	1498
20-10-2023	Gujarat	Anand(Veg,Yard,Anand)	Onion	2700	2232
06-05-2024	West Bengal	Khatra	Potato	2100	223
01-07-2024	Tamilnadu	Palakode	Potato	40	3954
19-12-2024	Assam	Paliakala	Potato	1820	2049
20-08-2024	Jammu & Kashmir	Udhampur	Potato	3250	2987
19-06-2023	Haryana	Sadhaura	Potato	900	4201
07-12-2023	Gujarat	Dhari	Wheat	2710	1333
28-08-2024	Karnataka	Bangalore	Potato	2900	4279
06-11-2023	Karnataka	Channapatana	Tomato	2250	4452
23-08-2023	Uttar Pradesh	Balrampur	Potato	1235	1011
02-09-2023	Madhya Pradesh	Mahidpur	Wheat	2520	3948
30-01-2024	Maharashtra	Bhusaval	Onion	1000	1349
28-06-2023	Punjab	Nabha	Tomato	3600	4866
04-06-2024	Himachal Pradesh	Hamirpur(Nadaun)	Potato	2200	4859
06-12-2024	Tamilnadu	Chinnamanur(Uzhavar Sandhai )	Potato	6000	4094
15-03-2025	Tamilnadu	Sulur(Uzhavar Sandhai )	Potato	4000	4992
14-07-2024	Bihar	Piro	Onion	3820	494
19-12-2024	Himachal Pradesh	Dhanotu (Mandi)	Potato	2250	4222
12-06-2023	Uttar Pradesh	Sardhana	Potato	850	1174
14-01-2024	Haryana	Ambala Cantt.	Onion	1400	3396
19-03-2024	Uttar Pradesh	Jhansi	Potato	1330	2727
14-09-2023	Punjab	Garh Shankar	Onion	1700	241
04-09-2023	Gujarat	Palitana	Potato	1400	4813
13-12-2023	Madhya Pradesh	Sanwer	Wheat	2400	3716
27-06-2023	Himachal Pradesh	Kangra(Jaisinghpur)	Potato	1850	4911
28-10-2024	Maharashtra	Rahuri(Vambori)	Onion	3600	584
17-09-2024	West Bengal	Bolpur	Onion	4200	2065
21-06-2023	Gujarat	Porbandar	Wheat	1875	4567
07-12-2023	Haryana	Siwan	Potato	1000	1420
24-03-2024	Uttar Pradesh	Sambhal	Onion	1450	3341
15-07-2023	Chattisgarh	Rajnandgaon	Onion	1200	4474
12-01-2024	Madhya Pradesh	Khirakiya	Wheat	2690	421
23-09-2024	Tamilnadu	Kancheepuram(Uzhavar Sandhai )	Onion	6000	3876
29-12-2023	Himachal Pradesh	Mandi(Mandi)	Onion	2000	4622
11-12-2024	Madhya Pradesh	Indore	Potato	2519	4602
19-10-2024	Uttar Pradesh	Bewar	Potato	1750	2736
14-06-2023	Madhya Pradesh	Jobat	Wheat	2100	1562
17-02-2024	Uttar Pradesh	Bahedi	Onion	1435	1192
30-08-2023	Uttar Pradesh	Mauranipur	Wheat	2340	1738
09-12-2024	West Bengal	Kandi	Potato	2700	3893
19-12-2024	Punjab	Jalandhar City(Jalandhar)	Potato	440	3600
26-07-2023	Uttar Pradesh	Auraiya	Wheat	2250	2395
27-03-2025	Kerala	Thrippunithura	Potato	3800	507
03-04-2025	Jammu and Kashmir	Ashahipora (Anantnagh)	Onion	2500	3504
03-12-2024	Delhi	Shahdara	Potato	2200	3224
30-07-2024	Maharashtra	Kalyan	Potato	3000	3657
11-11-2023	Delhi	Azadpur	Onion	3344	3680
27-09-2023	Punjab	Malout	Potato	900	4984
29-12-2024	Orissa	Kamakhyanagar	Potato	4000	2817
12-08-2023	Madhya Pradesh	Ajaygarh	Wheat	2200	165
06-06-2024	Haryana	Barwala	Potato	1100	1043
11-01-2024	Uttar Pradesh	Agra	Onion	1830	452
14-06-2023	Maharashtra	Manmad	Onion	850	1791
14-08-2023	Himachal Pradesh	Kangra(Nagrota Bagwan)	Onion	2900	2330
03-06-2024	Punjab	Samrala	Onion	1800	2303
01-06-2025	Uttar Pradesh	Anwala	Potato	900	2523
06-09-2024	Kerala	Aluva	Onion	5500	675
31-08-2023	West Bengal	Kalyani	Potato	1610	3654
06-08-2024	West Bengal	Dhupguri	Potato	2400	3501
04-09-2023	West Bengal	Bankura Sadar	Onion	3000	3583
21-02-2024	Punjab	Mukerian(Talwara)	Onion	2000	729
15-03-2025	Punjab	Patran	Onion	1540	1423
19-12-2023	Orissa	Rayagada	Potato	1800	1091
05-09-2024	Uttar Pradesh	Hargaon (Laharpur)	Onion	3200	3899
03-05-2024	Haryana	Pipli	Onion	2275	3660
18-11-2023	Madhya Pradesh	Dhar(F&V)	Potato	1800	2862
02-05-2025	Maharashtra	Lasalgaon	Onion	1150	4615
20-01-2024	Rajasthan	Sikar	Onion	1200	4992
02-09-2023	Maharashtra	Raver	Wheat	2460	2678
25-09-2023	Uttar Pradesh	Badayoun	Wheat	2355	3751
12-11-2023	Haryana	Pehowa	Onion	1600	3055
02-02-2024	Uttar Pradesh	Kiratpur	Potato	750	899
06-12-2023	Kerala	Kanjirappally	Onion	6300	1423
20-07-2024	Maharashtra	Vai	Onion	2500	1914
20-06-2024	Uttar Pradesh	Buland Shahr	Potato	2015	2215
02-04-2024	Punjab	Gehri(Jandiala mandi)	Potato	500	4245
12-07-2024	Haryana	Punhana	Onion	3000	1718
21-12-2023	Uttar Pradesh	Mathura	Wheat	2450	3341
23-08-2024	Haryana	Sirsa	Onion	3500	1177
10-11-2023	Chattisgarh	Rajnandgaon	Potato	1200	2044
19-08-2023	Uttar Pradesh	Mawana	Wheat	2340	1847
25-09-2023	Uttar Pradesh	Anoop Shahar	Potato	900	2623
25-10-2024	West Bengal	Khatra	Potato	2420	4319
02-08-2023	Nagaland	Mangkolemba	Potato	1700	2976
17-10-2024	Tamilnadu	Avallapalli(Uzhavar Sandhai )	Onion	6000	3985
17-02-2025	Kerala	Vamanapuram	Onion	4000	1115
28-07-2023	Maharashtra	Rahuri(Vambori)	Wheat	2275	1956
05-03-2025	Haryana	Narwana	Potato	1100	2988
14-06-2023	Rajasthan	Itawa	Wheat	2115	1726
14-08-2023	Madhya Pradesh	Thandla	Onion	1000	1916
06-06-2023	Punjab	Samrala	Potato	500	4655
26-04-2024	Punjab	Jalandhar City(Jalandhar)	Potato	1000	4117
29-11-2023	Madhya Pradesh	Sailana	Onion	4400	583
12-01-2024	Maharashtra	Gevrai	Wheat	2800	736
16-09-2023	Uttar Pradesh	Shahjahanpur	Onion	1900	3804
17-08-2023	Uttar Pradesh	Allahabad	Onion	1725	2765
10-05-2025	Kerala	Parappanangadi	Onion	5100	3641
07-05-2024	Haryana	Sirsa	Onion	1500	1808
27-02-2024	Kerala	Parappanangadi	Potato	2400	568
01-08-2023	Madhya Pradesh	Khandwa(F&V)	Onion	600	1517
19-04-2025	Uttar Pradesh	Khaga	Onion	1350	4326
22-05-2024	Uttar Pradesh	Gurusarai	Potato	1800	1420
03-05-2025	Punjab	Lehra Gaga	Potato	600	4891
15-05-2025	Chhattisgarh	Tiphra	Potato	2100	1295
07-08-2024	Uttar Pradesh	Mirzapur	Onion	2815	180
26-09-2023	Haryana	Siwan	Potato	1100	3040
17-09-2023	Haryana	New Grain Market(main), Karnal	Onion	1700	3657
29-10-2024	Kerala	Kuruppanthura	Onion	7500	4944
09-10-2024	Tamilnadu	Harur(Uzhavar Sandhai )	Potato	5000	3534
21-10-2023	Madhya Pradesh	Bhopal(F&V)	Potato	800	1871
14-05-2025	Uttar Pradesh	Khekda	Potato	1000	2438
11-10-2023	Madhya Pradesh	Narsinghpur	Wheat	2401	4953
07-10-2023	Rajasthan	Hanumangarh	Onion	2600	2839
18-12-2024	West Bengal	Ranaghat	Potato	2580	1500
24-10-2024	Uttar Pradesh	Firozabad	Potato	1975	4077
28-11-2023	Kerala	Pothencode	Potato	19280	1700
13-01-2025	Tamilnadu	Bodinayakanur(Uzhavar Sandhai )	Potato	5000	1480
11-11-2023	Madhya Pradesh	Seoni	Onion	2396	4667
21-06-2023	Madhya Pradesh	Bina	Wheat	2152	4927
10-05-2024	Uttar Pradesh	Gurusarai	Potato	1840	1375
05-08-2023	Haryana	Jagadhri	Onion	1500	924
16-04-2024	Kerala	Chengannur	Potato	4000	358
06-01-2024	Kerala	Kuruppanthura	Onion	5800	4913
09-10-2023	West Bengal	Belacoba	Potato	1200	400
11-04-2025	Punjab	Phagwara	Potato	594	3696
08-03-2025	Gujarat	Mahuva(Station Road)	Onion	1345	4436
08-03-2024	Haryana	Pipli	Potato	955	1133
22-02-2024	Haryana	Ambala City(Subji Mandi)	Potato	450	2608
03-08-2024	Maharashtra	Sakri	Onion	2600	410
05-10-2024	Uttar Pradesh	Banda	Potato	2150	4109
25-02-2025	Tamilnadu	Kundrathur(Uzhavar Sandhai )	Onion	4500	599
06-07-2023	Andhra Pradesh	Venkateswarnagar	Potato	2000	3533
17-02-2025	West Bengal	Khatra	Potato	600	4858
06-07-2023	West Bengal	Karimpur	Onion	1950	1926
24-01-2024	Uttar Pradesh	Lucknow	Onion	1985	4528
19-07-2024	Kerala	Aluva	Potato	5000	448
30-07-2024	Punjab	Banga	Onion	3025	699
20-10-2024	Maharashtra	Rahuri	Onion	2800	4675
26-06-2023	Jammu & Kashmir	Narwal Jammu (F&V)	Onion	1550	281
16-05-2025	Uttar Pradesh	Fatehpur	Onion	1205	1884
13-11-2024	West Bengal	Nadia	Potato	2740	4939
19-11-2023	Madhya Pradesh	Chhindwara(F&V)	Onion	2000	355
10-11-2023	Kerala	Chengannur	Onion	10000	1987
25-11-2024	West Bengal	Jangipur	Onion	5010	2360
16-02-2024	Kerala	Chathanoor	Potato	4000	872
22-04-2025	Delhi	Keshopur	Potato	850	322
26-10-2023	Haryana	Madlauda	Potato	1000	2828
11-02-2025	Haryana	New Grain Market , Faridabad	Onion	2350	4705
13-02-2025	Punjab	Phillaur(Apra Mandi)	Onion	3000	2840
26-05-2025	Tamilnadu	Periyakulam(Uzhavar Sandhai )	Potato	3000	4643
09-06-2025	Uttar Pradesh	Jasvantnagar	Potato	1200	4891
27-08-2024	Jammu & Kashmir	Narwal Jammu (F&V)	Potato	2350	3445
28-12-2023	Madhya Pradesh	Indore	Onion	734	2773
07-05-2025	Haryana	Panipat	Onion	900	4302
22-06-2024	Uttar Pradesh	Kosikalan	Potato	1765	4362
08-08-2023	Himachal Pradesh	Una	Onion	2150	2081
18-05-2024	Uttar Pradesh	Sikarpur	Potato	1400	4086
08-04-2025	Uttar Pradesh	Chaandpur	Onion	1100	4105
14-09-2024	Kerala	Nedumkandam	Potato	4400	3307
26-04-2024	Uttar Pradesh	Bahraich	Potato	1790	2091
27-01-2024	Uttar Pradesh	Mehmoodabad	Potato	730	693
05-03-2025	Gujarat	Jetpur(Dist.Rajkot)	Onion	1855	3456
06-05-2025	Maharashtra	Akola	Potato	1600	1990
03-06-2025	Madhya Pradesh	Bhopal(F&V)	Onion	600	105
24-07-2024	Uttar Pradesh	Chandausi	Onion	2975	3241
06-04-2025	Uttar Pradesh	Bahedi	Onion	1530	4396
26-09-2023	Maharashtra	Vashi New Mumbai	Potato	1150	1825
22-07-2024	Andhra Pradesh	Sadasivpet	Onion	3212	2634
21-07-2023	Orissa	Keonjhar	Tomato	12000	3031
18-03-2024	Punjab	Nabha	Onion	1750	4790
16-12-2023	Uttar Pradesh	Gazipur	Wheat	2500	4393
18-02-2025	Manipur	Bishenpur	Potato	2250	2466
12-08-2024	Tamilnadu	Hasthampatti(Uzhavar Sandhai )	Onion	5200	4821
11-08-2023	Punjab	Noor Mehal	Potato	950	2848
01-09-2024	Kerala	Chathanoor	Onion	5500	2508
04-07-2023	Chandigarh	Chandigarh(Grain/Fruit)	Tomato	7200	707
19-07-2023	Haryana	Gurgaon	Potato	1250	1275
29-03-2024	Haryana	Radaur	Onion	2000	2192
07-07-2023	Haryana	Rewari	Tomato	6000	1579
22-11-2024	Kerala	Kattappana	Potato	4300	4821
28-11-2023	Haryana	Pehowa	Potato	900	4184
07-06-2024	Kerala	Thalayolaparambu	Potato	4200	2440
19-11-2024	Uttar Pradesh	Madhoganj	Onion	4160	1797
16-11-2024	Tamilnadu	Theni(Uzhavar Sandhai )	Onion	7800	4762
18-02-2025	Tamilnadu	Mannargudi II(Uzhavar Sandhai )	Potato	3600	3394
11-06-2025	Uttar Pradesh	Mehmoodabad	Potato	1250	1974
09-10-2024	Uttar Pradesh	Achalda	Onion	4250	3159
22-06-2024	Uttar Pradesh	Anwala	Potato	1500	4028
23-05-2024	Uttar Pradesh	Sandila	Onion	1530	4644
02-11-2024	Punjab	Garh Shankar(Mahalpur)	Onion	4300	531
23-03-2025	Tamilnadu	Thalavaipuram(Uzhavar Sandhai )	Onion	3500	4957
19-02-2025	Punjab	Kot ise Khan	Potato	900	250
31-03-2025	Himachal Pradesh	Hamirpur(Nadaun)	Onion	2200	174
06-08-2024	Haryana	Mustafabad	Onion	3000	3348
23-09-2024	Andhra Pradesh	Hanmarkonda(Rythu Bazar)	Potato	4400	4027
25-04-2024	Maharashtra	Akole	Onion	1350	3798
14-05-2024	Madhya Pradesh	Narsinghgarh	Onion	800	1378
09-11-2024	Kerala	Athirampuzha	Potato	5300	3922
21-09-2024	Uttar Pradesh	Auraiya	Onion	4000	1251
16-04-2025	Madhya Pradesh	Petlawad(F&V)	Potato	1237	730
29-02-2024	Maharashtra	Nasik	Onion	1600	3914
07-11-2024	Bihar	Kochas (Balthari)	Onion	4600	4733
20-06-2023	Haryana	Jakhal	Onion	1500	4996
30-10-2023	Uttar Pradesh	Fatehpur	Potato	940	4933
13-01-2024	Gujarat	Vadhvan	Potato	2250	166
06-05-2025	Kerala	Athirampuzha	Onion	1900	4918
30-04-2024	Andhra Pradesh	Bowenpally	Onion	1300	640
29-05-2025	Maharashtra	Chandrapur(Ganjwad)	Potato	1800	1098
20-03-2025	Maharashtra	Nampur	Onion	1200	756
12-12-2024	West Bengal	Birbhum	Potato	2400	2542
26-11-2024	Haryana	Nuh	Potato	1200	3367
23-03-2024	Gujarat	Bilimora	Onion	1800	1077
05-02-2024	Haryana	Pataudi	Potato	650	3296
19-06-2023	Uttar Pradesh	Nautnava	Onion	1300	3067
08-04-2025	Haryana	Siwan	Onion	1200	1764
17-09-2024	Uttar Pradesh	Basti	Potato	2290	4545
30-12-2024	Haryana	Hodal	Potato	1600	763
14-07-2023	Rajasthan	Anta	Wheat	2123	4570
25-11-2023	West Bengal	Karimpur	Onion	4300	765
11-07-2024	Punjab	Phillaur(Apra Mandi)	Onion	4500	1188
11-08-2023	Maharashtra	Chandvad	Onion	2260	1989
15-11-2024	Uttar Pradesh	Aligarh	Potato	1970	2003
12-10-2023	Meghalaya	Sohra	Potato	43000	1420
03-06-2025	Uttar Pradesh	Lucknow	Onion	1230	3054
19-02-2024	West Bengal	Champadanga	Onion	1900	292
19-07-2024	Tamilnadu	Sooramangalam(Uzhavar Sandhai )	Potato	9000	4594
20-10-2023	Himachal Pradesh	Bharuasumerpur	Onion	2125	2229
02-09-2024	Uttar Pradesh	Gorakhpur	Onion	3625	1398
21-03-2024	Maharashtra	Ahmednagar	Onion	900	1710
16-01-2024	Uttar Pradesh	Pratapgarh	Wheat	2608	1025
03-07-2023	Uttar Pradesh	Dibiapur	Potato	900	3009
06-04-2025	Uttar Pradesh	Purwa	Potato	1150	1220
16-08-2024	Tamilnadu	Panruti(Uzhavar Sandhai )	Potato	5000	1400
30-05-2025	West Bengal	Jalpaiguri Sadar	Onion	1900	4703
21-09-2024	Kerala	Kothamangalam	Onion	5000	880
17-05-2025	Tamilnadu	Viruthachalam(Uzhavar Sandhai )	Onion	2500	1574
08-02-2025	Maharashtra	Pune(Pimpri)	Potato	1150	725
02-11-2024	Himachal Pradesh	Kangra(Jaisinghpur)	Onion	5400	2016
01-12-2023	Madhya Pradesh	Pawai	Wheat	2350	804
15-04-2025	Uttar Pradesh	Devariya	Potato	1245	1433
25-11-2023	Madhya Pradesh	Dhar(F&V)	Onion	5000	4842
08-06-2023	Madhya Pradesh	Kolaras	Wheat	2190	2203
15-09-2024	Uttar Pradesh	Madhoganj	Onion	3725	1896
03-04-2024	Rajasthan	Kota (F&V)	Onion	1100	1030
16-02-2025	Himachal Pradesh	Bhuntar	Onion	3100	2485
20-10-2023	Kerala	Perinthalmanna	Potato	2200	362
29-09-2024	Tamilnadu	Kancheepuram(Uzhavar Sandhai )	Potato	5000	4582
08-11-2023	Haryana	Chhachrauli	Onion	3600	4088
29-04-2024	Orissa	Attabira	Potato	2500	568
14-10-2023	Gujarat	Kapadvanj	Wheat	2487	207
09-02-2024	Uttar Pradesh	Bindki	Onion	1520	2023
17-08-2024	Punjab	Dasuya	Onion	3000	3295
22-05-2025	Kerala	Kottakkal	Potato	2500	2534
23-03-2024	Maharashtra	Karjat	Onion	1000	3595
26-02-2025	Haryana	Gharaunda	Potato	1000	3903
03-10-2024	Punjab	Barnala	Onion	3750	944
10-04-2025	Punjab	Nihal Singh Wala	Potato	800	2811
13-11-2023	Uttar Pradesh	Sandila	Potato	1110	1185
24-09-2024	Uttar Pradesh	Gangoh	Potato	2100	1595
09-07-2024	Chattisgarh	Rajnandgaon	Potato	2800	4155
02-08-2024	Gujarat	Bilimora	Potato	2800	4275
21-06-2023	Meghalaya	Dadengiri	Potato	2000	3317
19-11-2024	Punjab	Sangrur	Potato	1300	3202
18-08-2023	Karnataka	Shimoga	Potato	2300	3940
29-09-2023	Himachal Pradesh	Bhuntar	Onion	3300	4023
09-07-2023	Uttar Pradesh	Madhoganj	Potato	1160	4276
03-04-2025	Assam	Golagokarnath	Potato	1140	3249
21-11-2024	Orissa	Keonjhar	Potato	3000	3124
22-11-2023	Punjab	Phillaur(Apra Mandi)	Onion	4000	4747
01-02-2025	West Bengal	Sainthia	Potato	1100	1283
17-04-2024	Punjab	Moga	Potato	1000	4873
02-05-2024	Maharashtra	Solapur	Potato	1750	1295
30-07-2024	Punjab	Tanda Urmur	Potato	2600	2117
01-11-2024	Tamilnadu	Andipatti(Uzhavar Sandhai )	Onion	6000	2443
27-09-2023	Haryana	Rohtak	Onion	1000	824
21-08-2024	Punjab	Rajpura	Onion	3100	1243
07-06-2023	Haryana	Ladwa	Onion	850	1923
04-03-2024	Uttar Pradesh	Mugrabaadshahpur	Onion	1910	4293
20-03-2025	Madhya Pradesh	Sailana	Onion	1341	1843
22-11-2024	Punjab	Dasuya	Potato	2200	2944
04-10-2024	Madhya Pradesh	Akodiya(F&V)	Onion	2300	3277
20-02-2024	 Punjab	Fazilka	Potato	1000	4664
28-04-2025	Tamilnadu	Periyakulam(Uzhavar Sandhai )	Onion	2400	4140
10-03-2025	Haryana	Gohana	Onion	2200	4013
14-02-2024	Uttar Pradesh	Khurja	Potato	670	2057
03-01-2025	West Bengal	Sheoraphuly	Potato	2000	1472
15-07-2023	Gujarat	Amreli	Wheat	2350	918
19-04-2024	Uttar Pradesh	Chandoli	Onion	1640	2507
14-06-2023	Karnataka	Bangalore	Wheat	3500	2765
28-11-2024	Uttar Pradesh	Sandila	Potato	2120	3752
15-07-2023	West Bengal	Kalyani	Potato	1660	324
21-03-2025	Punjab	Sahnewal	Potato	800	2371
10-03-2024	Uttar Pradesh	Gulavati	Onion	2000	2499
29-01-2025	Uttar Pradesh	Akbarpur	Potato	1200	2382
08-09-2023	Rajasthan	Kawai Salpura (Atru)	Wheat	2496	4155
19-01-2025	Rajasthan	Sikar	Potato	1300	3942
26-11-2024	Punjab	Dudhansadhan	Onion	4900	1955
19-04-2024	Orissa	Bargarh	Potato	2100	2280
16-10-2023	Haryana	Ch. Dadri	Onion	1900	958
14-10-2024	Tamilnadu	Attayampatti(Uzhavar Sandhai )	Onion	7000	4360
05-09-2023	Punjab	Jaitu	Onion	2500	3336
27-06-2023	Haryana	Bhiwani	Potato	900	4593
21-11-2024	West Bengal	Durgapur	Onion	4800	1971
18-07-2023	Uttar Pradesh	Ghiraur	Wheat	2210	2588
28-12-2023	Maharashtra	Junnar(Narayangaon)	Onion	1500	2981
15-06-2024	Haryana	Madlauda	Potato	1500	1119
24-09-2024	Haryana	Punhana	Potato	2000	4061
13-12-2023	Uttar Pradesh	Ghiraur	Wheat	2345	3091
11-07-2023	West Bengal	Purulia	Onion	2100	496
16-04-2024	Punjab	Dhuri	Onion	1800	2084
05-09-2023	Rajasthan	Sangriya	Wheat	2350	3112
24-05-2025	Gujarat	Vadhvan	Potato	1750	4180
19-10-2023	Uttar Pradesh	Shahjahanpur	Wheat	2325	4922
20-07-2023	Uttar Pradesh	Jaunpur	Wheat	2300	3470
20-10-2023	Maharashtra	Vashi New Mumbai	Potato	1000	4138
07-05-2024	Uttar Pradesh	Panchpedwa	Potato	1900	2835
08-10-2024	Haryana	Sohna	Onion	4500	1528
01-04-2025	Uttar Pradesh	Lucknow	Onion	1950	380
09-12-2023	Madhya Pradesh	Kesli	Wheat	2425	3265
01-03-2025	Karnataka	Belgaum	Potato	1800	2550
06-01-2024	Punjab	Patran	Potato	490	2564
11-11-2023	Haryana	Narwana	Potato	1500	4718
22-12-2024	West Bengal	Kasipur	Potato	2260	4292
21-11-2023	Uttar Pradesh	Chutmalpur	Potato	1500	1233
14-10-2023	Delhi	Azadpur	Onion	2019	3334
28-07-2023	Gujarat	Navsari	Tomato	9500	4202
30-01-2025	Uttar Pradesh	Allahabad	Potato	1200	1969
22-05-2025	Uttar Pradesh	Dhanaura	Onion	1200	4717
05-01-2024	Punjab	Bhawanigarh	Onion	1700	2949
29-04-2025	Gujarat	Anand(Veg,Yard,Anand)	Onion	1250	2019
08-06-2023	Uttar Pradesh	Puwaha	Wheat	2220	4526
19-04-2025	Orissa	Rayagada	Onion	2800	600
01-10-2024	Tamilnadu	Katpadi (Uzhavar Sandhai )	Onion	6200	1772
04-01-2025	Haryana	Ambala Cantt.	Potato	1100	3979
25-01-2024	Uttar Pradesh	Bahraich	Potato	845	486
13-08-2023	Uttar Pradesh	Divai	Wheat	2200	4582
09-12-2023	West Bengal	Barasat	Potato	1590	4047
02-07-2024	Tamilnadu	Gudiyatham	Potato	45	1778
15-08-2023	Orissa	Keonjhar(Dhekikote)	Onion	2500	1894
03-05-2025	Gujarat	Nadiyad(Piplag)	Potato	750	1341
08-03-2025	Tamilnadu	Katpadi (Uzhavar Sandhai )	Onion	4200	4241
28-03-2024	Chhattisgarh	Tiphra	Potato	1800	565
17-11-2023	Haryana	Jind	Onion	3800	3226
17-07-2024	West Bengal	Champadanga	Potato	2580	1680
02-12-2023	Haryana	Naraingarh	Potato	750	1016
21-04-2025	Uttar Pradesh	Moth	Onion	1370	4859
31-05-2024	Haryana	Gharaunda	Onion	1800	4847
18-10-2023	Bihar	Jamui	Onion	2800	3829
19-06-2023	Assam	Golagokarnath	Onion	1100	1522
08-10-2023	Uttar Pradesh	Tulsipur	Wheat	2350	4760
17-01-2024	Gujarat	Rajkot(Veg.Sub Yard)	Potato	1000	1962
16-10-2023	Uttar Pradesh	Meerut	Wheat	2340	4949
30-07-2023	Rajasthan	Jalore	Tomato	7500	1196
23-11-2023	Gujarat	Rajkot	Wheat	2925	4918
19-10-2024	Maharashtra	Solapur	Onion	2600	3943
23-04-2024	Haryana	Sadhaura	Potato	1000	232
15-10-2024	Tamilnadu	Palacode(Uzhavar Sandhai )	Onion	6000	881
14-10-2023	Delhi	Najafgarh	Wheat	2800	3450
26-10-2024	Bihar	Brahmpur	Onion	4800	4674
08-01-2024	Maharashtra	Baramati	Onion	1900	1228
25-01-2024	Uttar Pradesh	Bahraich	Onion	2050	4698
18-09-2023	Nagaland	Mokokchung Town	Potato	3000	4355
29-06-2024	Maharashtra	Amrawati(Frui & Veg. Market)	Potato	2100	483
24-01-2025	Tamilnadu	Gudalur(Uzhavar Sandhai )	Potato	5000	3819
23-03-2024	Uttar Pradesh	Shahjahanpur	Potato	1330	2495
11-06-2024	Punjab	Ludhiana	Potato	900	410
30-01-2025	Haryana	Yamuna Nagar	Potato	600	2586
20-01-2024	Kerala	Kattappana	Onion	4800	1342
06-07-2023	Madhya Pradesh	Seoni	Wheat	2060	233
19-05-2025	Uttar Pradesh	Rasda	Rice	3310	2094
14-01-2025	Tamilnadu	Devaram(Uzhavar Sandhai )	Potato	3600	1083
25-01-2024	Uttar Pradesh	Khair	Wheat	2560	680
24-05-2025	Uttar Pradesh	Saharanpur	Onion	1200	1786
19-03-2025	Uttar Pradesh	Dibiapur	Potato	900	1462
03-11-2024	West Bengal	Bankura Sadar	Onion	5000	2845
21-02-2024	Bihar	Jaitipir Mandi, Lalganj block	Potato	1300	4312
23-09-2024	Tamilnadu	Virudhunagar(Uzhavar Sandhai )	Onion	6600	4346
10-04-2025	Tamilnadu	Rasipuram(Uzhavar Sandhai )	Onion	3500	2210
27-03-2025	Kerala	Aralamoodu	Potato	4000	993
27-07-2024	West Bengal	Khatra	Potato	2400	1579
18-09-2023	West Bengal	Birbhum	Wheat	2950	2583
27-04-2025	Haryana	Narwana	Potato	1000	2504
26-11-2024	Bihar	Danapur	Potato	4800	4963
24-02-2025	Himachal Pradesh	Muskara	Onion	2800	2751
06-12-2023	Madhya Pradesh	Shamgarh(F&V)	Onion	900	2463
06-08-2023	Uttar Pradesh	Aliganj	Wheat	2160	2809
02-08-2023	Kerala	Madhavapuram	Potato	2400	4204
25-11-2024	Tamilnadu	Sampath Nagar(Uzhavar Sandhai )	Onion	6200	144
24-03-2025	Tamilnadu	Virudhunagar(Uzhavar Sandhai )	Potato	4900	3825
12-07-2023	West Bengal	Karimpur	Onion	2100	2229
26-10-2024	Haryana	Gurgaon	Onion	3000	1041
18-03-2024	Uttar Pradesh	Lucknow	Potato	1420	419
16-06-2023	Uttar Pradesh	Aligarh	Wheat	2300	1985
15-10-2024	Haryana	Sadhaura	Onion	4200	4663
22-02-2024	Gujarat	Surat	Onion	1350	3932
09-02-2025	West Bengal	Durgapur	Potato	1040	4354
10-11-2024	Uttar Pradesh	Gulavati	Potato	1900	385
01-07-2023	Uttar Pradesh	Atrauli	Wheat	2200	949
27-12-2023	Madhya Pradesh	Rahatgarh	Wheat	2362	4999
30-04-2024	Punjab	Bhawanigarh	Potato	900	4419
11-02-2025	Uttar Pradesh	Jasra	Potato	990	2402
27-03-2025	Himachal Pradesh	Bharuasumerpur	Potato	1300	427
31-07-2023	Madhya Pradesh	Khargone	Tomato	600	4630
11-01-2024	Chattisgarh	Durg	Potato	1200	3955
31-10-2024	Andhra Pradesh	Warangal	Potato	3400	1102
03-10-2023	Uttar Pradesh	Bareilly	Onion	1815	4264
26-06-2023	Madhya Pradesh	Khachrod	Wheat	2150	3490
01-03-2024	Gujarat	Nadiyad(Piplag)	Potato	1150	4623
19-08-2024	Tamilnadu	Cuddalore(Uzhavar Sandhai )	Potato	5200	3741
02-10-2023	Haryana	Pundri	Onion	2550	2346
16-08-2023	Punjab	Bilga	Potato	1400	1343
12-12-2023	Madhya Pradesh	Taal	Wheat	2600	2330
22-04-2024	Haryana	Barwala	Potato	900	4157
23-08-2024	Tamilnadu	Thalavaipuram(Uzhavar Sandhai )	Onion	6000	1065
14-11-2023	Uttar Pradesh	Moth	Onion	3000	3948
22-10-2024	Uttar Pradesh	Samsabad	Onion	3500	4438
27-04-2025	Punjab	Garh Shankar(Mahalpur)	Onion	1200	1757
07-06-2025	Tamilnadu	Sathur(Uzhavar Sandhai )	Potato	4000	964
12-02-2025	Nagaland	Kohima	Potato	5100	3831
30-09-2023	Kerala	Anchal	Onion	4500	3347
23-12-2023	Maharashtra	Junnar(Narayangaon)	Onion	2000	2729
22-08-2023	Madhya Pradesh	Sidhi	Wheat	2130	3726
18-04-2024	Uttar Pradesh	Devariya	Potato	1630	1140
09-01-2025	Uttar Pradesh	Amroha	Potato	1390	576
13-08-2023	Chhattisgarh	Tiphra	Onion	1500	1850
30-06-2023	Madhya Pradesh	Khilchipur	Wheat	2200	2872
16-10-2023	Madhya Pradesh	Sidhi	Wheat	2140	3731
21-07-2023	West Bengal	Sainthia	Onion	1950	2879
21-06-2023	Kerala	Kayamkulam	Potato	2200	1201
04-05-2024	Punjab	Rajpura	Potato	1450	1391
09-04-2024	Uttar Pradesh	Fatehpur	Potato	1465	2228
28-12-2023	Haryana	Tarori	Potato	1100	1032
04-02-2024	West Bengal	Pandua	Potato	1200	727
06-09-2024	Tamilnadu	Kariyapatti(Uzhavar Sandhai )	Onion	6000	2885
15-09-2023	Uttar Pradesh	Atarra	Tomato	1300	432
12-12-2023	Punjab	Khanna	Potato	300	4281
28-06-2023	Rajasthan	Jhalarapatan	Wheat	2200	935
25-06-2024	Orissa	Kendrapara(Marshaghai)	Potato	2700	964
06-07-2024	Rajasthan	Baran	Onion	1800	3121
22-08-2023	Punjab	Jalandhar City(Jalandhar)	Potato	480	2927
03-10-2024	Kerala	Pothencode	Onion	40340	4954
10-07-2023	Punjab	Giddarbaha	Onion	2000	1402
31-12-2024	Punjab	Garh Shankar	Potato	1300	3218
18-10-2023	Uttar Pradesh	Agra	Potato	860	2747
20-02-2025	Uttar Pradesh	Fatehpur	Potato	1010	2818
25-06-2023	Madhya Pradesh	Petlawad	Tomato	1219	4523
07-06-2024	West Bengal	Asansol	Potato	2200	4987
18-05-2025	Uttar Pradesh	Bhehjoi	Potato	705	2682
02-08-2023	Madhya Pradesh	Kasrawad	Wheat	2535	2583
17-12-2023	Punjab	Dhuri	Potato	580	2457
27-10-2023	Madhya Pradesh	Khandwa(F&V)	Onion	2000	3755
05-04-2025	Kerala	Thodupuzha	Onion	4600	305
10-02-2025	Gujarat	Nadiyad(Piplag)	Onion	1050	4720
19-03-2025	West Bengal	Moynaguri	Potato	1250	1814
25-10-2024	Uttar Pradesh	Pratapgarh	Potato	2125	4506
01-02-2024	Rajasthan	Bhadara	Potato	515	1687
28-02-2024	Punjab	Dinanagar	Potato	1000	329
19-11-2023	Uttar Pradesh	Muradabad	Onion	3250	4009
23-06-2024	Uttar Pradesh	Gangoh	Potato	1900	1229
05-06-2024	West Bengal	Bankura Sadar	Onion	2700	4966
14-09-2023	Uttar Pradesh	Safdarganj	Potato	1200	3399
16-09-2024	Bihar	Piro	Onion	4420	1621
28-05-2025	Uttar Pradesh	Najibabad	Potato	1000	2541
03-07-2024	Kerala	Taliparamba	Potato	4000	2195
03-12-2024	Kerala	Pothencode	Potato	24780	853
07-06-2024	Maharashtra	Nasik	Potato	2300	3559
03-07-2023	Madhya Pradesh	Ganjbasoda	Wheat	2750	2117
10-08-2024	Uttar Pradesh	Sandi	Potato	2360	4330
09-06-2023	Rajasthan	Jalore	Potato	1100	2596
28-11-2024	Gujarat	Nadiyad(Chaklasi)	Potato	2500	4151
28-08-2024	Bihar	Natwar	Potato	2600	2538
23-07-2023	West Bengal	Champadanga	Potato	1560	1961
25-09-2024	Tamilnadu	Thammampatti (Uzhavar Sandhai )	Potato	6000	2064
01-09-2023	Madhya Pradesh	Hoshangabad	Potato	1330	2334
29-04-2025	Maharashtra	Devala	Onion	1200	830
06-11-2024	Bihar	Brahmpur	Potato	2500	3347
17-10-2024	Kerala	Thalayolaparambu	Onion	6200	296
31-08-2024	Tamilnadu	Chidambaram(Uzhavar Sandhai )	Potato	5000	2522
14-10-2023	Madhya Pradesh	Hoshangabad	Potato	1230	4711
05-01-2024	Madhya Pradesh	Ujjain	Potato	425	2194
30-07-2023	Madhya Pradesh	Khurai	Wheat	2450	2673
26-06-2023	Assam	Lakhimpur	Tomato	2400	2587
09-06-2023	Maharashtra	Mankamneshwar Farmar Producer CoLtd Sanchalit Mank	Onion	534.81	859
28-03-2024	Uttar Pradesh	Bahraich	Potato	1500	4022
23-04-2025	Tamilnadu	Sathur(Uzhavar Sandhai )	Onion	3000	2196
28-06-2023	Haryana	Dhand	Potato	1080	4704
21-03-2024	Maharashtra	Vai	Onion	1200	3112
17-09-2023	Uttar Pradesh	Visoli	Potato	800	3745
01-05-2025	Delhi	Keshopur	Potato	1200	3791
08-05-2025	West Bengal	Beldanga	Potato	970	4268
01-08-2024	West Bengal	Bolpur	Potato	2500	2561
01-11-2024	Tamilnadu	Kambam(Uzhavar Sandhai )	Potato	4800	3532
29-07-2023	Madhya Pradesh	Guna(F&V)	Potato	750	718
27-07-2023	Madhya Pradesh	Bhanpura	Wheat	2210	883
22-11-2024	Uttar Pradesh	Fatehabad	Onion	2650	787
10-01-2024	Uttar Pradesh	Meerut	Onion	1750	1100
07-03-2025	Punjab	Ludhiana	Potato	600	1023
17-07-2024	Uttar Pradesh	Etah	Onion	2900	1687
04-04-2024	Punjab	Bilga	Potato	1100	4562
06-11-2024	Haryana	Safidon	Potato	2000	399
08-06-2023	Andhra Pradesh	L B Nagar	Onion	1250	598
09-01-2025	Tamilnadu	Sundarapuram(Uzhavar Sandhai )	Potato	4500	1671
14-10-2024	Orissa	Bargarh	Potato	4500	973
02-05-2024	Uttar Pradesh	Milak	Potato	1650	747
09-07-2023	Rajasthan	Mandawari	Wheat	2220	1151
09-05-2024	Orissa	Rayagada	Potato	2200	896
19-06-2023	Madhya Pradesh	Haatpipliya	Potato	1600	2341
21-08-2024	West Bengal	Bishnupur(Bankura)	Potato	2260	3778
17-03-2025	Maharashtra	Amrawati(Frui & Veg. Market)	Onion	1300	814
14-03-2025	Uttar Pradesh	Sambhal	Potato	1000	3344
26-05-2025	Kerala	Chala	Onion	5800	3830
06-12-2024	Tamilnadu	AJattihalli(Uzhavar Sandhai )	Potato	4600	1655
15-08-2024	West Bengal	Kalyani	Potato	2580	2095
03-05-2025	Uttar Pradesh	Safdarganj	Onion	1150	2460
04-12-2024	Uttar Pradesh	Agra	Potato	1950	923
12-06-2023	Madhya Pradesh	Sheopurbadod	Wheat	2195	475
01-07-2023	Madhya Pradesh	Shamshabad	Wheat	2180	4059
01-06-2025	Tamilnadu	Coonoor(Uzhavar Sandhai )	Potato	7400	3118
03-10-2024	Maharashtra	Lonand	Onion	2700	4876
26-02-2025	Uttar Pradesh	Muzzafarnagar	Potato	750	1305
20-09-2023	Uttar Pradesh	Bangarmau	Potato	1130	4321
20-11-2024	Uttar Pradesh	Rampur	Potato	2050	2106
26-03-2025	Uttar Pradesh	Meerut	Onion	2160	4544
17-04-2025	Maharashtra	Ramtek	Potato	1200	2541
21-10-2024	Uttar Pradesh	Devariya	Onion	4250	1666
26-09-2024	Kerala	Angamaly	Potato	4800	3287
22-06-2024	Rajasthan	Suratgarh	Potato	1650	2193
25-07-2023	Kerala	Chathanoor	Potato	4000	4171
05-12-2024	Uttar Pradesh	Jagnair	Potato	1610	4806
28-04-2025	Orissa	Balugaon	Onion	2200	2501
12-07-2024	Karnataka	Udupi	Onion	3500	2710
31-01-2024	Madhya Pradesh	Khaniadhana	Wheat	2350	1143
31-07-2023	Uttar Pradesh	Chandausi	Tomato	7800	225
12-02-2025	Punjab	Dhuri	Onion	2300	3618
13-01-2024	Maharashtra	Bhusaval	Onion	1000	4634
21-07-2023	Karnataka	Chintamani	Tomato	5330	3387
15-05-2025	Uttar Pradesh	Amroha	Rice	3250	2939
21-07-2023	West Bengal	Karimpur	Potato	1750	332
05-12-2023	Uttar Pradesh	Jafarganj	Onion	3500	1587
27-09-2023	Uttar Pradesh	Lalitpur	Potato	1280	1805
24-08-2023	Madhya Pradesh	Pachaur	Wheat	2405	2334
10-09-2024	Kerala	Kannur	Onion	5600	3394
26-02-2025	West Bengal	Kalipur	Potato	860	4299
29-12-2023	Maharashtra	Wardha	Wheat	2450	3372
12-07-2023	Uttar Pradesh	Moth	Wheat	2180	332
29-03-2024	West Bengal	Jalpaiguri Sadar	Potato	1400	4564
24-08-2023	Gujarat	Ankleshwar	Onion	2000	3304
26-08-2023	Jammu & Kashmir	Kathua	Potato	1600	2037
21-10-2024	Rajasthan	Goluwala	Onion	4800	1890
05-09-2024	Punjab	Giddarbaha	Onion	3800	4800
11-08-2024	Uttar Pradesh	Etah	Potato	2030	4171
20-06-2023	Maharashtra	Shrirampur(Belapur)	Wheat	2000	4145
18-03-2024	Punjab	Bariwala	Onion	2200	4892
14-06-2023	Madhya Pradesh	Thandla	Tomato	2000	1782
15-03-2024	West Bengal	Kasipur	Potato	1400	3213
22-01-2025	Karnataka	Davangere	Potato	1800	865
07-08-2024	Tamilnadu	Sooramangalam(Uzhavar Sandhai )	Onion	5000	1887
18-07-2023	Madhya Pradesh	Neemuch	Onion	900	1846
17-08-2023	Madhya Pradesh	Ujjain(F&V)	Potato	919	2417
28-03-2024	Delhi	Azadpur	Potato	936	882
25-09-2024	Uttar Pradesh	Panchpedwa	Potato	2600	4927
02-06-2024	Maharashtra	Satara	Potato	2450	4540
11-10-2023	Madhya Pradesh	Lahar	Wheat	2340	878
26-09-2023	Rajasthan	Nadwai	Wheat	2295	3390
15-06-2024	Haryana	Palwal	Potato	1500	4824
29-11-2024	Kerala	Thrippunithura	Onion	7800	1043
01-05-2025	Himachal Pradesh	Dhanotu (Mandi)	Onion	1600	660
11-10-2023	Uttar Pradesh	Wazirganj	Potato	1010	2159
12-06-2024	Uttar Pradesh	Auraiya	Potato	1720	2754
12-06-2023	Uttar Pradesh	Ballia	Onion	1120	2766
22-11-2023	Uttar Pradesh	Shahjahanpur	Wheat	2460	4453
12-01-2024	Bihar	Jehanabad	Onion	2800	3512
03-07-2023	Uttar Pradesh	Gangoh	Potato	1200	1386
12-04-2024	Uttar Pradesh	Ghiraur	Onion	1600	3272
08-03-2025	Kerala	Taliparamba	Potato	3200	3918
30-05-2025	Uttar Pradesh	Mathura	Onion	1150	4368
21-06-2023	Madhya Pradesh	Shujalpur	Onion	800	505
16-10-2024	Tamilnadu	Palacode(Uzhavar Sandhai )	Onion	6000	2036
02-11-2024	West Bengal	Alipurduar	Onion	5400	242
05-10-2024	Madhya Pradesh	Kalapipal(F&V)	Onion	3080	4760
06-09-2024	Punjab	Faridkot	Potato	1800	2848
30-12-2023	Uttar Pradesh	Sultanpur	Onion	2085	2810
15-07-2023	Uttar Pradesh	Jafarganj	Wheat	2315	4538
28-07-2023	Maharashtra	Kalvan	Onion	1000	3172
21-06-2024	Punjab	Moga	Potato	1400	1687
02-01-2024	Uttar Pradesh	Sandila	Onion	1835	4669
19-05-2025	Punjab	Rayya	Onion	2000	4591
26-01-2024	Himachal Pradesh	Hamirpur(Nadaun)	Onion	2500	2573
19-05-2025	Haryana	Ganaur	Potato	1200	4496
12-01-2024	West Bengal	Bankura Sadar	Potato	1100	1817
05-11-2023	Uttar Pradesh	Khaga	Onion	4130	1703
29-08-2023	Maharashtra	Mumbai	Wheat	4300	392
22-05-2024	Maharashtra	Hingna	Onion	2000	3685
22-08-2023	Uttar Pradesh	Sandila	Wheat	2280	3324
30-01-2024	Uttar Pradesh	Sandila	Wheat	2500	2440
06-10-2023	Rajasthan	Bayana	Wheat	2280	3348
18-09-2024	Uttar Pradesh	Hapur	Potato	2150	3897
30-04-2025	Punjab	Kot ise Khan	Potato	900	3801
16-10-2023	Kerala	Moovattupuzha	Potato	2800	362
01-03-2025	Tamilnadu	Perundurai(Uzhavar Sandhai )	Potato	4400	2772
04-06-2025	Uttar Pradesh	Ballia	Onion	1190	2378
18-06-2023	Madhya Pradesh	Khargone	Potato	800	2911
23-02-2024	Kerala	Vandiperiyar	Onion	3600	1296
12-08-2024	Tamilnadu	Theni(Uzhavar Sandhai )	Potato	4400	4544
11-07-2023	Punjab	Giddarbaha	Potato	900	3022
08-06-2025	Rajasthan	Rawatsar	Onion	800	2797
30-10-2023	Uttar Pradesh	Bindki	Potato	935	195
31-07-2023	Gujarat	Bilimora	Potato	1600	361
25-11-2023	Bihar	Aarah	Potato	1200	4700
15-05-2025	Kerala	Thodupuzha	Onion	6200	1885
28-11-2024	Haryana	Sadhaura	Potato	2200	1927
23-06-2023	Madhya Pradesh	Soyatkalan	Wheat	2125	4792
12-07-2023	Uttar Pradesh	Mainpuri	Tomato	6500	1334
14-05-2024	Karnataka	Mysore (Bandipalya)	Onion	1500	3538
26-06-2023	Uttar Pradesh	Shahaswan	Potato	1000	4897
10-08-2023	Uttar Pradesh	Kusmee	Wheat	2200	2327
21-10-2024	Uttar Pradesh	Mauranipur	Potato	2215	4076
02-05-2024	West Bengal	Balarampur	Potato	2100	713
02-07-2024	Haryana	Ganaur	Potato	2000	3620
12-03-2025	Uttar Pradesh	Jafarganj	Onion	2600	4855
29-07-2023	Madhya Pradesh	Kalapipal	Wheat	2055	3152
27-07-2024	 Punjab	Fazilka	Onion	3000	4306
04-07-2023	Madhya Pradesh	Indore(F&V)	Potato	1200	3331
18-05-2024	Uttar Pradesh	Sikanderabad	Potato	1500	3426
15-01-2025	Uttar Pradesh	Chandoli	Potato	1300	502
12-02-2025	Tamilnadu	Coonoor(Uzhavar Sandhai )	Potato	5500	4666
07-08-2023	Haryana	Ratia	Potato	700	864
20-07-2023	Uttar Pradesh	Ahirora	Onion	1550	3021
26-04-2025	Tamilnadu	Thalavadi(Uzhavar Sandhai )	Onion	3000	438
18-05-2024	Rajasthan	Churu	Onion	1200	1014
13-05-2025	Uttar Pradesh	Saharanpur	Onion	1250	4619
05-03-2025	Uttar Pradesh	Chitwadagaon	Potato	960	3802
14-01-2024	Maharashtra	Junnar	Onion	1500	1496
02-08-2024	Uttar Pradesh	Akbarpur	Potato	2330	438
22-11-2024	Tamilnadu	Papanasam(Uzhavar Sandhai )	Potato	5000	4835
26-03-2025	Tamilnadu	Mannargudi I(Uzhavar Sandhai )	Potato	3200	1335
14-11-2023	Madhya Pradesh	Suthalia	Wheat	2590	297
30-01-2025	Tamilnadu	Sulur(Uzhavar Sandhai )	Potato	5000	753
07-11-2023	Rajasthan	Lalsot	Wheat	2476	3063
07-02-2024	Bihar	Jamui	Onion	1100	2326
02-07-2023	Himachal Pradesh	Bandrol	Tomato	5500	3052
02-10-2024	Andhra Pradesh	Pattikonda	Onion	4800	3549
27-09-2023	West Bengal	Jiaganj	Potato	1560	4062
07-07-2024	Haryana	Nuh	Potato	1200	702
13-04-2025	West Bengal	Moynaguri	Potato	1300	4645
23-05-2024	Assam	Golagokarnath	Onion	1450	4860
03-10-2024	Uttar Pradesh	Ghaziabad	Potato	2160	1174
14-09-2024	Punjab	Mukerian	Potato	2800	1657
05-08-2023	Haryana	Barwala	Potato	1000	1297
07-04-2025	Maharashtra	Sangli(Phale, Bhajipura Market)	Onion	1050	3307
23-06-2023	Himachal Pradesh	Kangra	Potato	1450	720
10-11-2024	Tamilnadu	Pennagaram(Uzhavar Sandhai )	Onion	5500	1653
18-11-2023	Punjab	Dinanagar	Potato	1400	4761
02-10-2024	Maharashtra	Rahata	Potato	2800	4314
13-09-2023	Uttar Pradesh	Gangoh	Onion	2800	4246
12-12-2023	Rajasthan	Itawa	Wheat	2538	285
07-09-2023	Haryana	Madlauda	Potato	1200	4503
16-10-2023	West Bengal	Rampurhat	Potato	1300	2617
19-10-2024	Maharashtra	Rahuri	Potato	3000	2891
08-11-2023	Uttar Pradesh	Achalda	Potato	870	1491
14-08-2023	Uttar Pradesh	Sultanpur	Onion	1650	2673
26-10-2023	Uttar Pradesh	Jasra	Onion	2400	3520
07-03-2025	Uttar Pradesh	Tulsipur	Potato	1100	3759
03-03-2025	Rajasthan	Dungarpur	Potato	1800	409
06-01-2024	Uttar Pradesh	Wazirganj	Potato	680	3763
04-03-2024	Uttar Pradesh	Sikanderabad	Potato	900	1046
13-12-2023	Rajasthan	Bhadara	Potato	808	3895
23-09-2024	Tamilnadu	Vedasanthur(Uzhavar Sandhai )	Onion	6600	2270
21-10-2023	Uttar Pradesh	Gazipur	Potato	1070	1227
18-01-2025	Uttar Pradesh	Gazipur	Potato	1275	2105
06-07-2023	Haryana	Sonepat	Onion	1300	2851
29-08-2023	Uttar Pradesh	Puwaha	Potato	1245	3241
10-10-2023	Maharashtra	Akole	Onion	2351	3269
21-04-2025	Kerala	Aralamoodu	Potato	3500	4755
04-06-2025	West Bengal	Belacoba	Potato	1275	2963
15-06-2023	Rajasthan	Jalore	Tomato	1400	4496
26-05-2025	Kerala	Mannar	Onion	4100	1096
05-04-2024	Uttar Pradesh	Madhoganj	Potato	1410	3697
21-02-2024	Kerala	Kondotty	Onion	2600	3177
04-08-2023	Uttar Pradesh	Anandnagar	Onion	1545	132
26-11-2023	Haryana	New Grain Market(main), Karnal	Potato	650	3265
19-07-2023	Uttar Pradesh	Gazipur	Potato	1180	312
08-07-2024	West Bengal	Birbhum	Potato	2600	1619
23-04-2024	Madhya Pradesh	Shajapur	Potato	2300	4867
26-06-2023	Madhya Pradesh	Ujjain	Wheat	2160	2166
31-07-2023	Maharashtra	Dindori	Onion	1180	621
02-10-2024	Orissa	Jharsuguda	Onion	6000	4556
06-04-2025	Uttar Pradesh	Mehmoodabad	Potato	1120	1001
24-07-2024	Haryana	New Grain Market(main), Karnal	Potato	1700	2467
04-02-2024	Rajasthan	Rajsamand	Onion	2000	3809
14-11-2024	Tamilnadu	Karur(Uzhavar Sandhai )	Potato	6500	2683
30-12-2023	Punjab	Kotkapura	Onion	2700	587
20-09-2024	Uttar Pradesh	Tundla	Potato	2050	1938
05-10-2023	Madhya Pradesh	Chhpara	Wheat	2400	3707
25-12-2024	Haryana	Siwan	Potato	1200	860
23-12-2023	Uttar Pradesh	Wazirganj	Onion	2400	2440
08-09-2024	Uttar Pradesh	Bharwari	Potato	2310	1209
07-08-2024	Tamilnadu	Namakkal(Uzhavar Sandhai )	Potato	4600	2129
24-07-2024	Maharashtra	Yeola	Onion	2600	1778
02-09-2023	Rajasthan	Kherli	Wheat	2260	965
15-09-2023	Himachal Pradesh	Muskara	Onion	2000	1061
13-01-2024	Maharashtra	Kopargaon	Onion	1675	4201
09-07-2024	Kerala	Kothamangalam	Potato	4500	1164
18-09-2024	Tamilnadu	Mayiladuthurai(Uzhavar Sandhai )	Onion	5000	2081
02-01-2024	Maharashtra	Hinganghat	Wheat	2480	4235
11-09-2023	Himachal Pradesh	Bharuasumerpur	Wheat	2320	3627
28-10-2023	Haryana	Narwana	Potato	900	718
24-06-2023	Haryana	Radaur	Onion	1200	1129
03-12-2023	Uttar Pradesh	Basti	Potato	1000	1014
20-10-2023	Bihar	Jahajharpur	Onion	2900	4067
08-06-2023	Uttar Pradesh	Sambhal	Potato	650	2317
28-02-2025	Gujarat	Rajkot(Veg.Sub Yard)	Potato	1100	1519
20-06-2023	Uttar Pradesh	Madhoganj	Wheat	2270	1463
18-10-2023	Uttar Pradesh	Etah	Potato	950	3825
28-05-2025	Uttar Pradesh	Mathura	Onion	1100	4271
24-08-2024	Gujarat	Ankleshwar	Potato	2200	319
12-10-2023	Uttar Pradesh	Meerut	Potato	1160	4435
23-05-2025	West Bengal	Nadia	Potato	1480	4809
18-05-2025	West Bengal	Moynaguri	Potato	1150	2727
28-06-2023	Madhya Pradesh	Nalkehda	Wheat	2110	2204
06-08-2024	Tamilnadu	Coonoor(Uzhavar Sandhai )	Onion	4500	3301
29-07-2024	Madhya Pradesh	Neemuch	Onion	2800	3141
10-06-2023	Madhya Pradesh	Nagda	Wheat	2220	2435
23-10-2023	Maharashtra	Pimpalgaon	Onion	3900	3571
09-01-2024	Himachal Pradesh	Palampur	Onion	3100	4784
19-01-2024	Uttar Pradesh	Jagnair	Potato	800	421
31-07-2024	Haryana	Tohana(New Veg Market)	Onion	3000	3863
10-04-2024	Punjab	Banga	Potato	1220	1476
04-06-2025	Maharashtra	Kalyan	Onion	900	1924
09-04-2025	Himachal Pradesh	Hamirpur	Potato	1100	2738
12-04-2025	Uttar Pradesh	Najibabad	Potato	900	4760
18-07-2024	Uttar Pradesh	Khurja	Potato	2405	2259
13-08-2023	Uttar Pradesh	Basti	Onion	1750	2128
18-02-2024	West Bengal	Balarampur	Potato	960	1167
02-02-2025	Haryana	Sonepat	Potato	1200	1312
15-12-2023	Punjab	Bariwala	Onion	2500	255
11-06-2023	Haryana	New Grain Market , Panchkula	Potato	2500	4875
24-02-2025	Maharashtra	Sangli(Phale, Bhajipura Market)	Potato	1700	4717
12-12-2023	Punjab	Dinanagar	Potato	1200	2054
23-04-2025	Tamilnadu	Tiruchengode	Onion	3500	4847
05-03-2025	Madhya Pradesh	Sabalgarh(F&V)	Potato	475	381
13-03-2025	Punjab	Jagraon	Potato	500	1901
29-06-2023	Uttar Pradesh	Achalda	Wheat	2220	2186
10-05-2025	Madhya Pradesh	Gautampura	Onion	500	1001
13-06-2023	Andhra Pradesh	Gudimalkapur	Potato	1400	1647
08-06-2024	West Bengal	Alipurduar	Potato	2150	4432
02-06-2025	Tamilnadu	Gobichettipalayam(Uzhavar Sandhai )	Onion	2800	1186
29-06-2023	Kerala	Kottarakkara	Tomato	10000	4458
10-08-2024	Uttar Pradesh	Chirgaon	Onion	3000	2069
09-02-2024	Kerala	North Paravur	Onion	4000	1980
22-02-2025	Uttar Pradesh	Aligarh	Onion	2550	3688
17-04-2025	Tamilnadu	Sathur(Uzhavar Sandhai )	Potato	3500	972
27-05-2024	Uttar Pradesh	Sandila	Onion	1520	2377
12-06-2023	West Bengal	Falakata	Onion	1700	3416
15-09-2023	Haryana	Gharaunda	Potato	1500	1432
29-04-2024	Andhra Pradesh	Kurnool	Onion	1135	4550
29-10-2023	Madhya Pradesh	Jatara	Wheat	2300	4618
24-07-2023	Rajasthan	Sriganganagar (F&V)	Potato	900	2266
23-02-2025	Tamilnadu	Ammapet(Uzhavar Sandhai )	Potato	4500	1729
31-12-2023	Maharashtra	Manchar	Onion	1950	3367
13-10-2024	Maharashtra	Akluj	Onion	2000	2838
19-05-2024	Haryana	Sohna	Onion	1600	213
22-05-2024	Haryana	Radaur	Potato	1700	2731
07-05-2025	Uttar Pradesh	Gurusarai	Onion	1220	415
04-01-2025	Haryana	Mustafabad	Potato	1200	4104
10-11-2024	Tamilnadu	Srivilliputhur(Uzhavar Sandhai )	Onion	7000	2627
06-07-2024	Punjab	Bhawanigarh	Potato	1250	1077
29-04-2025	Assam	Lakhimpur	Potato	1240	4309
12-07-2023	Gujarat	Anand(Veg,Yard,Anand)	Potato	1250	1477
28-02-2025	Tamilnadu	Cuddalore(Uzhavar Sandhai )	Onion	5000	3526
13-12-2023	Madhya Pradesh	Akodiya	Wheat	2750	2770
18-02-2024	Rajasthan	Bhadara	Onion	1154	3818
15-09-2024	Orissa	Hinjilicut	Onion	5000	1561
07-11-2024	Punjab	Lehra Gaga	Onion	5000	3790
21-10-2023	Kerala	Athirampuzha	Onion	8900	332
31-05-2024	Haryana	Ratia	Onion	1500	4836
28-06-2024	West Bengal	Dhupguri	Potato	2300	2756
14-05-2024	Uttar Pradesh	Hasanpur	Onion	950	4638
19-10-2024	West Bengal	Uluberia	Potato	2640	1850
07-08-2024	Madhya Pradesh	Ujjain	Onion	2800	1487
18-08-2023	Rajasthan	Rawatsar	Potato	700	3304
09-02-2024	West Bengal	Bishnupur(Bankura)	Potato	940	3945
23-02-2024	Haryana	Pehowa	Potato	880	3081
13-11-2023	Uttar Pradesh	Mainpuri	Potato	830	2778
25-09-2023	Karnataka	Chikkamagalore	Onion	2941	2079
06-09-2023	Rajasthan	Keshoraipatan	Wheat	2500	1920
27-07-2024	Tamilnadu	Kariyapatti(Uzhavar Sandhai )	Onion	5000	3380
07-03-2025	Haryana	Gurgaon	Potato	1100	2746
23-08-2023	Uttar Pradesh	Jaunpur	Potato	1240	3754
30-01-2024	Maharashtra	Akola	Potato	1300	1351
23-08-2024	Punjab	Ludhiana	Potato	900	1339
19-09-2024	Uttar Pradesh	Bangarmau	Onion	3790	4757
26-06-2024	Punjab	Bilga	Potato	1400	264
18-07-2024	Uttar Pradesh	Lucknow	Onion	2850	4861
18-11-2024	Punjab	Batala	Potato	3200	3580
24-06-2023	Gujarat	Mahuva(Station Road)	Wheat	2735	1086
20-05-2024	Bihar	Danapur	Onion	2600	3678
04-10-2023	Jammu & Kashmir	Kathua	Onion	2900	2064
17-11-2023	Haryana	Nuh	Potato	1100	2054
20-07-2023	Punjab	Dasuya	Tomato	7000	1557
07-06-2025	Rajasthan	Madanganj Kishangarh	Onion	1800	4305
30-09-2023	Assam	Paliakala	Potato	1140	1289
27-06-2023	Uttar Pradesh	Akbarpur	Wheat	2325	2326
14-05-2024	Bihar	Jainagar	Onion	2400	2678
13-06-2023	Uttar Pradesh	Tundla	Wheat	2335	3287
28-01-2024	Haryana	Ch. Dadri	Potato	680	2467
14-02-2025	Uttar Pradesh	Safdarganj	Potato	950	894
09-09-2023	Uttar Pradesh	Bagpat	Onion	2000	3478
28-05-2024	Maharashtra	Devala	Onion	1800	4997
15-04-2024	Kerala	Aroor	Onion	4200	3528
08-09-2023	Kerala	Perinthalmanna	Potato	2200	898
04-11-2024	Haryana	Rewari	Onion	3250	4466
17-02-2024	Maharashtra	Pimpalgaon	Onion	1300	1383
13-11-2024	Tamilnadu	Denkanikottai(Uzhavar Sandhai )	Onion	6500	3482
28-11-2023	Jammu & Kashmir	Udhampur	Potato	1350	3098
25-10-2023	Madhya Pradesh	Kalapipal	Wheat	2075	2838
31-01-2024	Rajasthan	Madanganj Kishangarh	Onion	1900	3265
31-12-2023	Maharashtra	Junnar(Narayangaon)	Onion	1100	3754
23-07-2024	Gujarat	Ahmedabad(Chimanbhai Patal Market Vasana)	Onion	3050	316
30-07-2024	Tamilnadu	Kumarapalayam(Uzhavar Sandhai )	Onion	4500	1050
22-05-2025	Uttar Pradesh	Ujhani	Onion	1120	4202
15-07-2023	Orissa	Saharpada	Onion	2500	2950
21-01-2025	Tamilnadu	AJattihalli(Uzhavar Sandhai )	Potato	4400	2090
10-06-2025	Madhya Pradesh	Manawar(F&V)	Onion	814	3540
18-01-2024	Gujarat	Ahmedabad(Chimanbhai Patal Market Vasana)	Onion	1600	2756
29-01-2025	Karnataka	Chikkamagalore	Potato	2020	682
24-04-2025	Kerala	Perumbavoor	Onion	2000	4265
08-01-2025	Tamilnadu	Panruti(Uzhavar Sandhai )	Potato	5000	3039
06-07-2023	Uttar Pradesh	Saharanpur	Tomato	6200	4606
15-08-2024	Uttar Pradesh	Rampurmaniharan	Onion	2635	3777
01-09-2023	Maharashtra	Pimpalgaon Baswant(Saykheda)	Onion	2050	1200
06-09-2023	Uttar Pradesh	Shahabad	Wheat	2250	3023
19-02-2025	Assam	Golagokarnath	Potato	700	313
02-08-2024	Tamilnadu	Mettur(Uzhavar Sandhai )	Potato	5000	3787
14-10-2024	Haryana	Farukh Nagar	Potato	1500	1901
23-02-2024	Kerala	Kayamkulam	Onion	2100	3658
08-09-2023	Andhra Pradesh	Gudimalkapur	Potato	1500	2452
28-07-2023	Chhattisgarh	Bilaspur	Onion	2200	1581
03-04-2024	Uttar Pradesh	Amroha	Potato	1370	3838
22-06-2023	West Bengal	Durgapur	Potato	1400	862
30-04-2025	Haryana	Ch. Dadri	Potato	1300	1770
10-08-2024	Haryana	Jind	Onion	2600	4210
23-10-2024	Gujarat	Bilimora	Potato	3000	983
08-07-2023	Maharashtra	Sindi(Selu)	Wheat	2250	404
28-08-2023	Himachal Pradesh	Shimla	Potato	2000	295
01-05-2025	Tamilnadu	Viruthachalam(Uzhavar Sandhai )	Onion	2500	3013
18-08-2024	West Bengal	Dhupguri	Onion	4400	2766
14-09-2024	Uttar Pradesh	Nawabganj	Potato	2330	1054
08-11-2023	Punjab	Amritsar(Amritsar Mewa Mandi)	Onion	2400	233
17-03-2025	Uttar Pradesh	Ajuha	Onion	2350	2700
18-04-2025	Tamilnadu	Thammampatti (Uzhavar Sandhai )	Onion	3000	1498
03-09-2024	Kerala	Perumbavoor	Potato	4000	578
23-06-2023	Maharashtra	Pune(Manjri)	Potato	1500	2119
20-05-2025	West Bengal	Nadia	Rice	4750	3524
06-07-2023	Haryana	Bhiwani	Potato	850	699
14-09-2023	Haryana	Bhuna	Tomato	1300	421
23-08-2024	Tamilnadu	Kambam(Uzhavar Sandhai )	Potato	4500	4832
03-12-2024	West Bengal	Durgapur	Potato	2660	2265
28-08-2024	Punjab	Nabha	Potato	1500	2089
01-05-2024	Karnataka	Belgaum	Potato	2500	4282
28-10-2023	Maharashtra	Nandgaon	Wheat	2950	2575
16-07-2024	Haryana	Tohana(New Veg Market)	Potato	1600	1576
16-08-2023	Madhya Pradesh	Mandsaur(F&V)	Potato	1330	2078
02-05-2024	Haryana	Barwala	Potato	800	3821
19-09-2023	Uttar Pradesh	Puwaha	Wheat	2365	4284
12-11-2024	Uttar Pradesh	Firozabad	Potato	1925	3203
20-11-2024	Uttar Pradesh	Lalitpur	Potato	2200	3191
22-03-2025	Uttar Pradesh	Sultanpur	Onion	2500	4504
01-07-2023	Uttar Pradesh	Khaga	Wheat	2200	1986
23-04-2025	Andhra Pradesh	Mahboob Manison	Onion	800	4264
05-06-2024	Gujarat	Bilimora	Potato	2600	2151
22-08-2023	Rajasthan	Abu Road	Potato	1000	449
29-12-2023	Uttar Pradesh	Bilsi	Potato	715	3925
23-08-2023	Maharashtra	Vai	Onion	1700	3848
21-07-2023	Maharashtra	Nasik	Onion	1100	4838
29-10-2024	Maharashtra	Pune(Manjri)	Potato	2600	2123
26-05-2025	Himachal Pradesh	Dharamshala	Potato	1350	4782
25-05-2025	Orissa	Bargarh(Barapalli)	Potato	2000	1135
29-04-2025	Assam	Jorhat	Potato	1200	392
12-07-2023	 Punjab	Jalalabad	Potato	800	4891
19-06-2024	Punjab	Dasuya	Potato	1800	369
08-09-2024	Bihar	Jahajharpur	Potato	2900	240
07-08-2023	Punjab	Dharamkot	Potato	1200	915
15-07-2024	Punjab	Doraha	Potato	1900	4498
21-09-2023	Gujarat	Nadiyad(Piplag)	Potato	1100	2014
20-09-2024	Uttar Pradesh	Wazirganj	Onion	3625	846
06-05-2025	Uttar Pradesh	Gonda	Onion	1250	2289
27-12-2023	Madhya Pradesh	Hanumana	Wheat	2300	2818
26-08-2023	Rajasthan	Kesarisinghpur	Wheat	2240	3963
20-01-2024	Uttar Pradesh	Charra	Potato	700	4211
19-03-2025	Uttar Pradesh	Sultanpur	Onion	2650	924
26-09-2023	West Bengal	Kasipur	Potato	1260	3252
23-01-2024	Uttar Pradesh	Banda	Onion	1775	3628
27-09-2024	Punjab	Malout	Potato	900	443
06-12-2024	Uttar Pradesh	Meerut	Onion	3900	608
22-02-2024	Madhya Pradesh	Sailana	Onion	510	3064
13-12-2024	Jammu & Kashmir	Kathua	Potato	1850	2345
30-08-2023	Uttar Pradesh	Amroha	Tomato	2530	113
18-10-2024	Punjab	Bhulath	Potato	2000	246
26-03-2025	Kerala	Thirurrangadi	Onion	2600	3950
16-11-2024	Tamilnadu	Muthupettai(Uzhavar Sandhai )	Onion	5000	542
03-11-2024	Uttar Pradesh	Unnao	Potato	2125	340
05-12-2023	West Bengal	Sheoraphuly	Potato	1520	4244
10-06-2023	Uttar Pradesh	Bharwari	Tomato	1010	811
11-09-2024	Chattisgarh	Rajnandgaon	Potato	2500	3826
01-01-2024	Uttar Pradesh	Jahanabad	Wheat	2160	3043
09-01-2024	Punjab	Moga	Onion	2400	3301
21-12-2024	Tamilnadu	Dindigul(Uzhavar Sandhai )	Potato	5000	2976
03-05-2025	Uttar Pradesh	Agra	Onion	1150	4848
14-09-2024	West Bengal	Birbhum	Potato	2250	4854
23-06-2023	Haryana	Tauru	Tomato	2000	2557
28-08-2023	Maharashtra	Baramati	Wheat	2300	4315
27-01-2024	Madhya Pradesh	Sabalgarh	Wheat	2460	3974
19-03-2024	Maharashtra	Pune	Potato	1700	1995
28-01-2025	Tamilnadu	NGO Colony(Uzhavar Sandhai )	Potato	3200	2950
20-10-2023	Jammu & Kashmir	Akhnoor	Onion	2700	411
05-06-2025	Madhya Pradesh	Ujjain	Onion	150	4453
23-04-2024	Punjab	Giddarbaha	Onion	2000	4445
08-01-2024	Madhya Pradesh	Khurai	Wheat	2425	3624
10-02-2024	Rajasthan	Sikar	Onion	1000	3147
23-02-2025	Tamilnadu	Kahithapattarai(Uzhavar Sandhai )	Potato	2600	717
14-09-2023	Madhya Pradesh	Dewas(F&V)	Tomato	2000	1077
22-07-2023	Madhya Pradesh	Khargone	Tomato	2000	2616
30-10-2023	Uttar Pradesh	Amroha	Wheat	2360	1759
21-08-2023	Uttar Pradesh	Bharwari	Onion	1850	848
24-01-2024	Rajasthan	Bikaner (F&V)	Onion	1700	3611
23-11-2024	West Bengal	Alipurduar	Potato	2450	320
14-08-2023	Uttar Pradesh	Badayoun	Wheat	2355	2523
27-07-2024	Tamilnadu	Viruthachalam(Uzhavar Sandhai )	Potato	5000	4990
17-03-2025	Tamilnadu	Singampunari(Uzhavar Sandhai )	Onion	5000	1638
17-05-2025	Uttar Pradesh	Achalda	Rice	3040	2360
02-05-2024	Haryana	Thanesar	Potato	1500	3513
06-01-2024	Kerala	Parappanangadi	Onion	2100	2294
27-11-2023	West Bengal	Alipurduar	Potato	1600	1415
12-09-2023	Madhya Pradesh	Jaora	Wheat	2600	2443
14-05-2025	Tamilnadu	Pollachi(Uzhavar Sandhai )	Onion	2400	3098
14-04-2025	Kerala	Kannur	Onion	2300	4197
08-11-2024	Karnataka	Belgaum	Onion	3000	1293
30-11-2024	Uttar Pradesh	Bharthna	Potato	1900	1331
23-07-2024	Punjab	Gurdaspur	Potato	2300	2922
07-11-2024	Madhya Pradesh	Shujalpur	Onion	5000	3423
23-02-2024	Orissa	Kuchinda	Onion	2700	149
03-09-2024	Madhya Pradesh	Indore	Potato	3108	3968
06-06-2024	Uttar Pradesh	Bahraich	Onion	1630	3905
23-09-2024	Tamilnadu	Sathiyamagalam(Uzhavar Sandhai )	Potato	4300	471
21-11-2023	Madhya Pradesh	Dhamnod	Wheat	2874	4753
08-07-2024	Uttar Pradesh	Khaga	Potato	2425	2262
16-05-2025	Uttar Pradesh	Noida	Onion	1242	3451
30-11-2023	Kerala	Aluva	Potato	3500	1761
28-03-2025	Uttar Pradesh	Noida	Onion	2100	1884
27-04-2024	West Bengal	Birbhum	Onion	2000	4408
19-09-2024	Jammu & Kashmir	Batote	Onion	4400	971
25-08-2024	Tamilnadu	Paramathivelur(Uzhavar Sandhai )	Onion	5400	2898
31-10-2024	West Bengal	Bethuadahari	Onion	3900	3780
02-11-2023	Uttar Pradesh	Gazipur	Wheat	2380	3953
13-01-2024	Haryana	Ladwa	Onion	2200	815
04-10-2023	Uttar Pradesh	Divai	Onion	1000	4026
01-04-2025	Tamilnadu	Udumalpet	Potato	4400	553
29-06-2023	Uttar Pradesh	Etah	Wheat	2375	3085
29-06-2023	Gujarat	Jam Jodhpur	Wheat	2150	592
20-03-2025	Punjab	Mukerian(Talwara)	Onion	2100	1588
13-12-2023	West Bengal	Falakata	Potato	2250	2432
25-04-2025	Uttar Pradesh	Agra	Rice	3380	773
27-04-2025	Tamilnadu	Singampunari(Uzhavar Sandhai )	Onion	3200	624
26-04-2025	Haryana	Thanesar	Onion	1600	631
30-04-2025	Uttar Pradesh	Bangarmau	Onion	1370	3763
09-05-2025	Maharashtra	Jalgaon	Onion	787	1357
29-04-2025	Rajasthan	Sangriya	Potato	1100	563
26-04-2025	Uttar Pradesh	Bareilly	Rice	3320	4393
15-12-2024	Tamilnadu	Tiruvarur(Uzhavar Sandhai )	Potato	4800	4117
24-06-2023	Rajasthan	Alwar (F&V)	Onion	1200	2879
16-02-2025	Tamilnadu	Udumalpet	Onion	4800	899
27-01-2024	Madhya Pradesh	Bhander	Wheat	2500	1051
28-03-2025	Punjab	GarhShankar (Kotfatuhi)	Onion	1700	346
10-08-2023	Kerala	Attingal	Tomato	8000	1710
10-03-2025	Himachal Pradesh	Solan(Nalagarh)	Onion	2600	2244
24-12-2024	West Bengal	Bankura Sadar	Potato	2140	2896
24-02-2025	Rajasthan	Madanganj Kishangarh	Onion	2800	1505
09-05-2025	Chattisgarh	Rajnandgaon	Potato	1600	4310
14-11-2024	Uttar Pradesh	Allahabad	Onion	4600	429
01-02-2024	Bihar	Murliganj	Onion	2600	446
04-03-2025	Haryana	New Grain Market(main), Karnal	Potato	820	1006
10-07-2024	Tamilnadu	Papanasam	Onion	4600	2340
28-08-2023	Rajasthan	Bhadara	Potato	1160	3861
10-03-2025	Uttar Pradesh	Jhansi	Potato	900	2612
20-09-2023	Haryana	Gohana	Potato	800	3462
28-04-2025	Uttar Pradesh	Buland Shahr	Rice	3230	1823
24-07-2024	Tamilnadu	Namakkal(Uzhavar Sandhai )	Onion	4600	2488
01-02-2024	Maharashtra	Umrane	Onion	1250	1583
28-05-2025	Uttar Pradesh	Siyana	Onion	1250	2738
08-12-2024	Karnataka	Belgaum	Potato	3000	4413
15-12-2024	Himachal Pradesh	Bhuntar	Potato	3000	2806
27-07-2024	Punjab	Dinanagar	Onion	3500	698
01-05-2024	West Bengal	Sainthia	Onion	2000	2304
11-02-2025	Delhi	Azadpur	Potato	987	4871
12-08-2024	West Bengal	Sainthia	Potato	2300	4345
04-07-2023	Maharashtra	Malegaon	Wheat	2352	2011
28-08-2023	Karnataka	Davangere	Onion	1400	2023
05-12-2023	West Bengal	Sainthia	Wheat	2720	4549
24-07-2023	Haryana	Ambala City(Subji Mandi)	Potato	1100	3002
25-07-2024	Punjab	Khanna	Potato	700	2518
06-09-2024	Haryana	Sadhaura	Onion	4000	1470
10-01-2024	Punjab	Jaitu	Potato	900	2835
27-01-2024	Bihar	Aarah	Potato	1100	2988
30-04-2024	Kerala	Athirampuzha	Potato	3900	2603
04-01-2024	Uttar Pradesh	Wazirganj	Wheat	2530	2225
18-12-2023	Uttar Pradesh	Siyana	Wheat	2280	2969
17-02-2025	Tamilnadu	Palacode(Uzhavar Sandhai )	Potato	5000	4010
18-06-2024	Haryana	Naraingarh	Potato	1400	4319
24-02-2025	Madhya Pradesh	Mahidpur(F&V)	Onion	1551	3488
16-08-2023	Punjab	Jalandhar City(Jalandhar)	Tomato	4800	2607
05-09-2024	Nagaland	Mokokchung Town	Potato	5000	4317
06-08-2024	Uttar Pradesh	Ujhani	Potato	2250	2988
04-10-2024	Uttar Pradesh	Tilhar	Onion	4170	2560
11-03-2024	Bihar	Aarah	Potato	1050	486
19-11-2023	Madhya Pradesh	Seoni	Wheat	2550	437
26-06-2023	Uttar Pradesh	Gurusarai	Potato	1120	3886
18-06-2023	Haryana	Fatehabad	Tomato	1000	3221
14-06-2023	West Bengal	Purulia	Onion	1600	1793
09-08-2023	Kerala	Kuruppanthura	Onion	2000	3682
07-05-2025	Himachal Pradesh	Palampur	Onion	1850	3131
11-04-2024	West Bengal	Alipurduar	Potato	1350	4312
22-04-2025	Madhya Pradesh	Badnawar	Onion	600	3277
25-05-2025	Uttar Pradesh	Achnera	Rice	3380	3288
10-04-2025	Uttar Pradesh	Purwa	Potato	1195	127
11-06-2023	Uttar Pradesh	Puwaha	Wheat	2235	1760
01-05-2025	Orissa	Bargarh	Potato	2000	3154
14-06-2023	Madhya Pradesh	Chhindwara(F&V)	Onion	800	3900
21-04-2025	Punjab	Rayya	Potato	700	4304
14-11-2023	Rajasthan	Sadulshahar	Wheat	2462	3461
03-07-2023	Uttar Pradesh	Tulsipur	Potato	1140	902
09-12-2024	Tamilnadu	Nagapattinam(Uzhavar Sandhai )	Potato	6000	4101
18-12-2023	Kerala	Thodupuzha	Potato	3800	2535
18-07-2023	Assam	Paliakala	Potato	500	4532
28-03-2025	Orissa	Chandabali	Potato	1400	4901
20-02-2025	Kerala	Chala	Onion	7500	177
23-05-2025	Tamilnadu	Sivagangai (Uzhavar Sandhai )	Potato	5000	2688
24-03-2024	Uttar Pradesh	Mehmoodabad	Onion	1890	3668
26-07-2023	Orissa	Khariar Road	Potato	2000	3958
28-05-2025	West Bengal	Habra	Onion	1700	758
06-03-2025	Haryana	Pipli	Potato	850	2936
25-04-2024	Haryana	Ballabhgarh	Onion	1400	806
07-11-2024	Tamilnadu	Muthupettai(Uzhavar Sandhai )	Potato	4000	2323
26-07-2023	Uttar Pradesh	Hardoi	Wheat	2280	3767
23-10-2024	Rajasthan	Baran	Potato	1400	1031
11-09-2024	Maharashtra	Shirpur	Onion	3111	4294
23-11-2024	Gujarat	Surat	Potato	2300	590
07-12-2023	West Bengal	Durgapur	Potato	1560	2891
23-10-2024	Tamilnadu	Mannargudi II(Uzhavar Sandhai )	Onion	6800	4651
02-09-2024	Uttar Pradesh	Mauranipur	Potato	2485	1208
30-06-2023	Uttar Pradesh	Buland Shahr	Onion	1210	1247
25-11-2024	Karnataka	Chikkamagalore	Potato	2675	165
19-08-2024	Tamilnadu	Thanjavur(Uzhavar Sandhai )	Onion	4800	2063
26-10-2024	Punjab	Muktsar	Potato	2200	1100
28-11-2023	Uttar Pradesh	Shahganj	Onion	3850	4274
18-08-2023	Maharashtra	Shahada	Wheat	2592	4676
06-10-2023	Uttar Pradesh	Mathura	Potato	900	3360
03-07-2023	Madhya Pradesh	Manawar	Wheat	2375	1474
22-03-2025	Tamilnadu	Rajapalayam(Uzhavar Sandhai )	Potato	3400	550
30-06-2023	Kerala	Kondotty	Potato	2500	2138
17-10-2023	Bihar	Sasaram	Onion	3000	1173
24-11-2023	Uttar Pradesh	Madhoganj	Onion	3120	358
10-04-2025	Gujarat	Nadiyad(Chaklasi)	Potato	800	1431
07-06-2025	West Bengal	Kalyani	Potato	1460	809
17-02-2024	Uttar Pradesh	Viswan	Potato	740	405
16-02-2024	Gujarat	Jamnagar	Onion	935	4107
23-02-2025	Haryana	Tohana(New Veg Market)	Potato	700	4978
09-02-2024	Uttar Pradesh	Ahirora	Onion	1470	1494
01-05-2024	Madhya Pradesh	Garhakota	Onion	800	4858
17-02-2024	Haryana	New Grain Market(main), Karnal	Potato	650	4532
16-06-2023	Punjab	Rajpura	Potato	700	2495
16-12-2024	Rajasthan	Alwar (F&V)	Potato	2300	571
07-11-2024	Uttar Pradesh	Bagpat	Onion	4000	327
27-12-2023	Haryana	Punhana	Onion	1800	716
24-11-2023	Uttar Pradesh	Mehrauni	Wheat	2350	3794
17-07-2023	Maharashtra	Junnar(Narayangaon)	Tomato	8000	1069
06-12-2023	Madhya Pradesh	Petlawad	Onion	1800	4673
22-02-2025	Uttar Pradesh	Etawah	Onion	2620	3177
16-04-2025	Punjab	Bhawanigarh	Potato	550	2647
17-11-2023	Uttar Pradesh	Varanasi(F&V)	Potato	1025	3464
29-06-2023	Orissa	Khariar Road	Onion	2000	4433
08-06-2023	Himachal Pradesh	Solan	Tomato	1000	3941
21-05-2025	Uttar Pradesh	Kosikalan	Onion	1200	2175
28-08-2023	Gujarat	Rajkot	Wheat	2650	1216
28-05-2025	Tamilnadu	Sathur(Uzhavar Sandhai )	Potato	4000	545
25-09-2023	Uttar Pradesh	Jahanabad	Wheat	2260	864
18-05-2024	Uttar Pradesh	Visoli	Potato	1250	2472
06-02-2024	Himachal Pradesh	Bharuasumerpur	Potato	715	3566
29-11-2024	Kerala	Perumbavoor	Onion	6500	4606
07-06-2025	Punjab	Nawan Shahar(Subzi Mandi)	Potato	550	3280
23-08-2023	Uttar Pradesh	Khurja	Potato	1230	3112
09-05-2024	Uttar Pradesh	Hapur	Onion	1650	1520
25-11-2023	Himachal Pradesh	Kangra(Jaisinghpur)	Onion	4550	4400
30-04-2024	Kerala	Kanjirappally	Potato	4800	2492
10-06-2025	Uttar Pradesh	Viswan	Onion	1210	4816
10-07-2023	Haryana	Sadhaura	Potato	1000	788
08-08-2024	Tamilnadu	Usilampatty	Onion	4800	226
28-02-2024	Nagaland	Mokokchung Town	Potato	3000	2775
19-10-2023	Rajasthan	Nadwai	Wheat	2350	2940
20-07-2023	Madhya Pradesh	Aron	Wheat	2295	3648
15-12-2023	Maharashtra	Akola	Onion	2000	186
19-10-2023	West Bengal	Birbhum	Wheat	3050	3406
09-01-2025	Himachal Pradesh	Rohroo	Potato	2200	158
09-08-2023	Madhya Pradesh	Biaora	Wheat	2340	4922
06-06-2025	Bihar	Aarah	Potato	1600	3426
18-08-2023	Uttar Pradesh	Mahoba	Potato	1270	3757
25-03-2025	Tamilnadu	Athur(Uzhavar Sandhai )	Onion	3500	795
07-09-2023	West Bengal	Bethuadahari	Onion	2600	2605
27-06-2023	Uttar Pradesh	Sirsa	Onion	1200	3457
08-01-2024	Uttar Pradesh	Mehmoodabad	Onion	1880	465
23-10-2023	Uttar Pradesh	Dudhi	Tomato	1700	2450
02-09-2024	Kerala	Cherthala	Onion	5100	3197
28-01-2025	Uttar Pradesh	Nautnava	Potato	1650	126
06-05-2024	Uttar Pradesh	Anandnagar	Onion	2200	866
16-08-2023	Manipur	Thoubal	Potato	2750	1178
18-09-2024	Haryana	Siwan	Onion	4400	2461
21-03-2024	Uttar Pradesh	Bilsi	Onion	1910	2898
08-05-2024	Uttar Pradesh	Mahoba	Potato	1830	4563
06-01-2024	Gujarat	Bhavnagar	Onion	1395	2044
26-08-2024	Tamilnadu	AJattihalli(Uzhavar Sandhai )	Potato	4800	2035
07-06-2023	Uttar Pradesh	Shikohabad	Potato	700	2010
15-05-2024	Madhya Pradesh	Jaora	Onion	500	1099
09-10-2024	Maharashtra	Pimpalgaon	Onion	4150	706
04-06-2025	Andhra Pradesh	Tiruvuru	Rice	4500	995
09-08-2023	Rajasthan	Hanumangarh(Urlivas)	Onion	2400	244
01-01-2025	Uttar Pradesh	Bijnaur	Potato	1500	1758
11-12-2024	Haryana	New Grain Market , Panchkula	Potato	3000	1231
06-06-2023	Maharashtra	Junnar(Narayangaon)	Tomato	1000	2966
18-04-2025	Himachal Pradesh	Kangra(Jaisinghpur)	Onion	2050	3057
16-08-2024	Uttar Pradesh	Mahoba	Onion	3230	1792
28-11-2024	Punjab	Ludhiana	Potato	1250	2626
14-10-2024	Uttar Pradesh	Anoop Shahar	Onion	4000	826
28-02-2025	Jammu & Kashmir	Batote	Onion	2750	1740
03-08-2023	Uttar Pradesh	Tilhar	Potato	775	3361
16-06-2023	Maharashtra	Savner	Wheat	2200	2128
01-07-2023	Haryana	Gurgaon	Potato	1100	1113
11-07-2023	Rajasthan	Bayana	Wheat	2155	4078
11-07-2023	Gujarat	Khambhat(Grain Market)	Wheat	2150	3386
06-03-2025	Uttar Pradesh	Tulsipur	Onion	2750	4676
14-06-2023	Orissa	Hinjilicut	Potato	1500	4629
09-07-2023	Punjab	Phillaur	Potato	1000	1797
07-08-2023	Chhattisgarh	Bilaspur	Potato	1500	4294
03-09-2023	Orissa	Bargarh	Potato	2100	1488
11-01-2024	West Bengal	Belacoba	Potato	1100	2438
16-07-2024	Punjab	Ajnala	Onion	2250	2098
06-04-2024	 Punjab	Jalalabad	Onion	2100	4865
19-09-2023	Haryana	Nuh	Onion	1500	2468
31-10-2023	Haryana	kalanwali	Onion	2000	1452
09-03-2025	Tamilnadu	Vedasanthur(Uzhavar Sandhai )	Potato	4000	3579
27-07-2024	Haryana	Gurgaon	Onion	2000	4404
24-11-2023	Madhya Pradesh	Banda	Wheat	2450	264
18-12-2024	Punjab	F.G.Churian	Potato	1350	2557
12-07-2024	Gujarat	Nadiad	Potato	2400	633
22-07-2023	Uttar Pradesh	Rasda	Potato	1180	2817
20-08-2023	West Bengal	Sainthia	Onion	2700	3274
28-09-2024	West Bengal	Purulia	Onion	4300	3520
22-07-2023	Jammu & Kashmir	Narwal Jammu (F&V)	Potato	1600	1190
10-11-2024	Bihar	Tajpur	Onion	5000	4364
24-07-2023	Kerala	Kottayam	Potato	3000	1826
18-01-2024	Rajasthan	Jaipur (F&V)	Potato	650	1976
15-03-2025	Madhya Pradesh	Ujjain	Potato	400	3134
19-03-2024	Uttar Pradesh	Chirgaon	Potato	1350	1836
07-06-2023	Rajasthan	Abu Road	Onion	900	3526
19-08-2023	Rajasthan	Alwar (F&V)	Potato	1300	4802
12-08-2023	Madhya Pradesh	Kukshi	Potato	1100	3815
14-09-2023	West Bengal	Sainthia	Onion	2600	2995
31-08-2023	Gujarat	Jetpur(Dist.Rajkot)	Wheat	2500	3409
29-03-2024	Uttar Pradesh	Samsabad	Onion	1700	4365
18-01-2025	Orissa	Bargarh(Barapalli)	Potato	2700	2799
04-10-2024	Maharashtra	Lasalgaon(Niphad)	Onion	4525	2592
13-01-2024	 Punjab	Fazilka	Potato	1000	1035
10-03-2025	Gujarat	Ahmedabad(Chimanbhai Patal Market Vasana)	Potato	1650	3490
10-01-2025	Rajasthan	Jodhpur (F&V)	Potato	1300	4719
03-08-2024	Punjab	F.G.Churian	Potato	1900	567
13-05-2024	Uttar Pradesh	Kosikalan	Onion	1640	584
01-04-2025	Tamilnadu	Thirumangalam(Uzhavar Sandhai )	Onion	3200	281
09-02-2025	Haryana	Ganaur	Potato	1000	4796
28-12-2024	Uttar Pradesh	Aligarh	Potato	1700	4299
17-11-2024	Rajasthan	Ajmer(F&V)	Potato	2600	2917
21-07-2024	West Bengal	Durgapur	Potato	2670	2800
27-09-2024	Uttar Pradesh	Jaunpur	Onion	4050	3944
21-07-2023	Rajasthan	Barodamev	Wheat	2208	2939
24-01-2024	Rajasthan	Rawatsar	Onion	1500	337
24-10-2024	Himachal Pradesh	Dhanotu (Mandi)	Potato	3000	2005
18-04-2024	Uttar Pradesh	Barabanki	Potato	1620	2914
24-02-2025	Tamilnadu	Jalagandapuram(Uzhavar Sandhai )	Onion	5500	2091
11-06-2024	Haryana	Thanesar	Potato	1600	2915
24-09-2024	Tamilnadu	Thalavadi(Uzhavar Sandhai )	Onion	5600	3113
13-11-2024	Tamilnadu	Thirupathur	Onion	7000	4212
05-12-2023	Uttar Pradesh	Naanpara	Potato	1100	4260
08-02-2024	Uttar Pradesh	Aligarh	Onion	1700	1512
08-04-2025	Uttar Pradesh	Muradnagar	Potato	800	4644
22-11-2023	Uttar Pradesh	Bhehjoi	Potato	805	3887
15-04-2025	Punjab	Barnala	Potato	500	339
20-12-2024	Uttar Pradesh	Bharwari	Potato	1830	4962
27-09-2023	West Bengal	Pandua	Onion	3100	1905
06-05-2025	Tamilnadu	Singampunari(Uzhavar Sandhai )	Potato	4200	3302
23-10-2024	Uttar Pradesh	Badayoun	Potato	2010	4195
26-09-2023	Madhya Pradesh	Khargone	Wheat	2570	229
07-11-2024	Tamilnadu	Udumalpet	Potato	7000	2245
28-06-2023	Rajasthan	Tonk	Wheat	2145	2946
11-10-2023	Madhya Pradesh	Rewa	Wheat	2314	847
27-07-2023	Madhya Pradesh	Khilchipur	Wheat	2300	731
05-08-2024	West Bengal	Bankura Sadar	Onion	3800	1295
05-12-2023	Karnataka	Gadag	Onion	3000	4862
04-11-2024	Punjab	GarhShankar (Kotfatuhi)	Onion	3500	4671
06-02-2025	Jammu & Kashmir	Udhampur	Onion	2900	2960
28-10-2023	Punjab	Sangrur	Potato	700	1494
18-07-2023	Madhya Pradesh	Badnawar	Wheat	2490	1023
05-10-2024	Kerala	Taliparamba	Potato	4400	2094
01-02-2024	Maharashtra	Bhusaval	Potato	1200	1404
06-11-2024	Tamilnadu	Avallapalli(Uzhavar Sandhai )	Onion	6000	2052
05-12-2024	Maharashtra	Nampur	Onion	3400	3557
10-07-2023	Rajasthan	Goluwala	Potato	900	2369
23-05-2025	Uttar Pradesh	Tundla	Rice	3415	2977
22-05-2025	Uttar Pradesh	Mirzapur	Onion	1190	1105
11-10-2023	West Bengal	Dhupguri	Onion	3200	3608
29-11-2024	Tamilnadu	Sathiyamagalam(Uzhavar Sandhai )	Onion	6000	138
12-12-2024	Madhya Pradesh	Shajapur	Potato	1400	3840
19-11-2024	Rajasthan	Udaipur (F&V)	Potato	2000	3039
18-03-2025	Punjab	Rayya	Potato	1200	845
08-12-2023	Bihar	Jainagar	Onion	5900	2919
22-08-2023	West Bengal	Karimpur	Potato	1510	4548
30-09-2024	Tamilnadu	Sampath Nagar(Uzhavar Sandhai )	Potato	5800	844
30-09-2023	Punjab	Sahnewal	Onion	2500	977
08-06-2024	Haryana	Narwana	Potato	1500	2567
16-11-2023	Maharashtra	Manchar	Potato	1325	3812
15-07-2023	Madhya Pradesh	Nalkehda	Wheat	2100	1851
08-11-2024	West Bengal	Bara Bazar (Posta Bazar)	Potato	2920	3185
05-04-2024	Maharashtra	Amrawati(Frui & Veg. Market)	Potato	1600	2773
01-11-2023	Haryana	Thanesar	Onion	5500	146
09-06-2023	Meghalaya	Shillong	Tomato	1900	2665
03-01-2024	Punjab	Dhuri	Onion	2200	646
03-12-2024	Himachal Pradesh	Muskara	Potato	2150	3503
18-07-2024	Uttar Pradesh	Vilthararoad	Potato	1850	549
02-03-2025	Tamilnadu	Krishnagiri(Uzhavar Sandhai )	Onion	4000	2331
07-09-2023	Haryana	Nuh	Potato	800	3896
03-10-2024	Uttar Pradesh	Akbarpur	Potato	2250	1476
21-09-2023	Madhya Pradesh	Silvani	Wheat	2360	3753
09-11-2024	Rajasthan	Jodhpur (F&V)	Potato	1800	4214
04-11-2024	Andhra Pradesh	Mahboob Manison	Potato	3500	1024
21-04-2025	Uttar Pradesh	Sitapur	Potato	1230	1946
12-05-2024	Uttar Pradesh	Wazirganj	Potato	1640	1005
20-02-2025	Maharashtra	Devala	Onion	2200	1533
03-06-2025	Haryana	Sohna	Potato	1100	379
23-11-2024	Uttar Pradesh	Anandnagar	Potato	2750	2855
20-09-2023	Maharashtra	Akluj	Potato	1600	2081
29-09-2023	Uttar Pradesh	Ghaziabad	Wheat	2350	2207
07-05-2024	Punjab	Phillaur(Apra Mandi)	Potato	1500	1386
06-03-2025	Maharashtra	Kalyan	Onion	2500	1884
01-09-2024	Tamilnadu	Sulur(Uzhavar Sandhai )	Onion	5300	1957
18-07-2023	Madhya Pradesh	Dhamnod	Tomato	4500	1329
15-02-2024	Madhya Pradesh	Neemuch	Onion	100	4437
11-03-2025	Uttar Pradesh	Chitwadagaon	Onion	2730	3940
11-11-2024	Rajasthan	Baran	Potato	1300	1659
15-09-2023	Haryana	Ganaur	Potato	1800	1324
10-10-2023	Gujarat	Porbandar	Potato	1500	4693
12-05-2025	Gujarat	Jamnagar	Onion	875	2136
24-07-2024	Kerala	Thalayolaparambu	Potato	4400	4339
02-12-2024	Tamilnadu	Vedasanthur(Uzhavar Sandhai )	Potato	6000	3448
08-04-2024	Uttar Pradesh	Panchpedwa	Onion	2450	4514
17-11-2023	Maharashtra	Kopargaon	Wheat	2900	1792
29-07-2024	Bihar	Jehanabad	Onion	3600	3904
16-07-2024	Maharashtra	Sinner	Onion	2700	613
14-01-2025	Haryana	Pipli	Potato	800	2350
26-03-2025	Uttar Pradesh	Barabanki	Potato	1150	1347
01-06-2025	Uttar Pradesh	Mehmoodabad	Potato	1220	3198
12-07-2023	Madhya Pradesh	Sagar(F&V)	Onion	1100	464
13-10-2024	Tamilnadu	Sathur(Uzhavar Sandhai )	Potato	5500	3920
26-01-2024	Uttar Pradesh	Ballia	Wheat	2515	2704
18-07-2023	Haryana	Meham	Tomato	5000	2550
07-01-2025	Punjab	Nihal Singh Wala	Potato	1400	1191
25-01-2025	West Bengal	Falakata	Potato	950	3258
25-03-2024	West Bengal	Sheoraphuly	Onion	2200	4543
26-05-2024	Uttar Pradesh	Achnera	Onion	1500	1789
29-01-2025	Punjab	Ludhiana	Potato	600	862
19-04-2024	Uttar Pradesh	Jafarganj	Potato	1670	1552
19-09-2024	Madhya Pradesh	Indore	Potato	2207	893
13-12-2023	Uttar Pradesh	Gazipur	Onion	3380	4090
19-01-2025	Maharashtra	Junnar(Otur)	Potato	1300	930
14-09-2023	Uttar Pradesh	Unnao	Wheat	2315	4837
26-02-2024	West Bengal	Kalyani	Potato	1190	2930
18-05-2024	Uttar Pradesh	Jasvantnagar	Potato	1650	2596
11-12-2023	Punjab	Rayya	Onion	3500	1792
03-02-2025	Punjab	Bilga	Potato	1400	3901
13-02-2025	Madhya Pradesh	Khurai(F&V)	Potato	1300	3754
31-08-2024	Punjab	Doraha	Onion	4000	1500
05-12-2023	Punjab	Ludhiana	Onion	2800	4698
12-12-2024	Uttar Pradesh	Samsabad	Potato	1500	3868
17-01-2024	Punjab	Dhariwal	Potato	600	2593
19-05-2025	Kerala	Piravam	Potato	4000	1446
20-10-2023	Rajasthan	Bhilwara	Wheat	2400	2041
17-11-2023	Uttar Pradesh	Vilthararoad	Potato	1150	3507
01-08-2023	Haryana	Bhiwani	Onion	1200	1440
04-05-2025	Madhya Pradesh	Bhopal(F&V)	Potato	800	112
02-06-2025	Tamilnadu	Katpadi (Uzhavar Sandhai )	Onion	2600	1570
12-11-2024	Rajasthan	Jodhpur (F&V)	Onion	3750	2068
08-02-2025	Uttar Pradesh	Chitwadagaon	Potato	1030	3665
28-09-2024	Andhra Pradesh	Vantamamidi	Potato	2000	3852
27-12-2024	Tamilnadu	Sooramangalam(Uzhavar Sandhai )	Potato	5500	3579
23-03-2025	Andhra Pradesh	Kalwakurthy	Potato	2400	288
29-11-2024	Uttar Pradesh	Bijnaur	Onion	3820	2239
10-08-2024	Bihar	Jahajharpur	Onion	3900	1224
04-12-2023	Uttar Pradesh	Buland Shahr	Onion	3650	4400
21-04-2025	West Bengal	Bankura Sadar	Potato	1220	3405
25-10-2023	Madhya Pradesh	Haatpipliya	Wheat	2625	2522
21-09-2024	Madhya Pradesh	Badnagar	Onion	2800	2121
27-12-2023	Madhya Pradesh	Morena	Potato	200	2719
11-02-2025	Uttar Pradesh	Fatehabad	Potato	950	4615
04-05-2024	Uttar Pradesh	Chutmalpur	Potato	1000	953
13-07-2024	Maharashtra	Amrawati(Frui & Veg. Market)	Potato	2300	1917
16-05-2024	Uttar Pradesh	Badayoun	Onion	1530	4389
14-04-2025	West Bengal	Kalyani	Potato	1440	1461
03-04-2024	Kerala	Thodupuzha	Onion	2200	4403
24-07-2024	Kerala	Kuruppanthura	Potato	3700	3755
17-01-2025	Delhi	Shahdara	Potato	1100	1449
20-07-2023	Maharashtra	Yawal	Wheat	2670	4336
16-11-2024	Himachal Pradesh	Muskara	Potato	2130	2525
26-04-2025	Uttar Pradesh	Akbarpur	Potato	1220	4135
28-05-2025	Uttar Pradesh	Varanasi(F&V)	Onion	1165	2678
07-09-2024	Kerala	Cherthala	Potato	4100	3233
14-03-2025	Himachal Pradesh	Kangra(Baijnath)	Potato	1100	526
07-06-2023	Uttar Pradesh	Amroha	Tomato	730	3930
30-06-2023	Kerala	Thalayolaparambu	Onion	2200	451
24-08-2023	Kerala	Chathanoor	Potato	4000	1480
23-02-2024	Bihar	Jahajharpur	Onion	2200	3884
27-04-2024	Andhra Pradesh	Miryalguda(Rythu Bazar)	Potato	4500	4497
28-04-2025	Tamilnadu	Kambam(Uzhavar Sandhai )	Onion	2400	3704
31-01-2024	Haryana	Yamuna Nagar	Onion	1200	426
05-10-2024	Maharashtra	Pimpalgaon	Onion	4500	1847
12-08-2023	Rajasthan	Dooni	Wheat	2267	3871
15-02-2024	Uttar Pradesh	Mainpuri	Potato	650	1676
14-08-2023	Madhya Pradesh	Pichhour	Wheat	2277	2513
29-02-2024	Gujarat	Mahuva(Station Road)	Onion	1255	1505
22-08-2023	Uttar Pradesh	Lucknow	Potato	1200	4302
07-09-2024	Bihar	Bahadurganj	Onion	4000	3578
08-06-2023	Orissa	Kuchinda	Potato	1750	4370
08-09-2023	Orissa	Keonjhar(Dhekikote)	Potato	1800	1405
23-09-2024	Punjab	Phillaur(Apra Mandi)	Onion	4500	3484
03-12-2023	Madhya Pradesh	Jobat	Wheat	2600	1657
08-05-2025	Manipur	Thoubal	Onion	2750	1207
21-12-2023	Punjab	Patran	Onion	1830	3140
05-11-2024	Uttar Pradesh	Badayoun	Onion	3815	1566
10-08-2024	Kerala	Athirampuzha	Onion	3700	1283
16-10-2023	Uttar Pradesh	Azamgarh	Wheat	2375	3194
03-06-2025	Madhya Pradesh	Indore	Onion	817	372
29-05-2024	Uttar Pradesh	Gulavati	Onion	2100	3491
29-04-2025	Uttar Pradesh	Mahoba	Potato	1230	1037
02-08-2023	Orissa	Keonjhar(Dhekikote)	Onion	2500	4641
07-05-2025	Tamilnadu	Coonoor(Uzhavar Sandhai )	Onion	3500	3780
27-02-2025	Uttar Pradesh	Bangarmau	Potato	920	4209
28-11-2023	Bihar	Murliganj	Potato	950	1951
04-06-2025	Assam	Lakhimpur	Onion	1220	1711
23-02-2024	Kerala	Mannar	Onion	3200	2312
21-09-2023	Uttar Pradesh	Mauranipur	Onion	1845	1835
19-07-2023	Assam	Golagokarnath	Onion	1580	3162
20-12-2023	Punjab	Garh Shankar(Mahalpur)	Potato	500	1204
12-09-2024	Tamilnadu	Velayuthampalayam(Uzhavar Sandhai )	Onion	6000	3424
22-07-2023	Madhya Pradesh	Hoshangabad	Potato	1410	483
18-06-2024	Kerala	Kottakkal	Potato	4250	2820
12-08-2023	Haryana	Naraingarh	Potato	900	1326
19-07-2024	Uttar Pradesh	Kosikalan	Onion	3090	1052
08-03-2025	Tamilnadu	Gingee(Uzhavar Sandhai )	Onion	4000	467
22-12-2023	Karnataka	Basava Kalayana	Wheat	2300	3050
06-01-2024	Himachal Pradesh	Maudaha	Wheat	2350	4377
25-09-2023	Haryana	Gohana	Potato	800	3054
15-05-2025	Uttar Pradesh	Muradabad	Rice	3250	3638
09-04-2025	Punjab	Dhuri	Potato	800	1770
07-09-2024	Uttar Pradesh	Gulavati	Onion	2000	1697
08-01-2024	Madhya Pradesh	Gotegaon	Wheat	2275	1445
16-05-2025	Uttar Pradesh	Jagnair	Onion	1450	3502
22-03-2025	West Bengal	Purulia	Onion	2500	4561
26-09-2024	West Bengal	Beldanga	Potato	2450	3697
14-07-2024	Andhra Pradesh	Venkateswarnagar	Potato	3200	4314
26-06-2024	Uttar Pradesh	Etawah	Potato	1700	1384
04-12-2023	Gujarat	Chotila	Wheat	2400	2322
28-06-2023	Haryana	Bhuna	Potato	1050	3694
19-09-2024	Haryana	Palwal	Onion	3000	4477
21-12-2023	Maharashtra	Akluj	Potato	1600	4937
30-12-2024	Uttar Pradesh	Agra	Potato	1450	2040
21-09-2024	Uttar Pradesh	Badayoun	Potato	2150	4605
15-12-2023	West Bengal	Bara Bazar (Posta Bazar)	Potato	1680	1649
23-05-2025	Punjab	Rayya	Potato	900	1261
10-08-2023	Madhya Pradesh	Sailana	Wheat	2850	4489
08-02-2025	Maharashtra	Chandvad	Onion	2180	4212
16-02-2024	Haryana	Rewari	Potato	1000	1856
28-03-2025	Uttar Pradesh	Wazirganj	Potato	1130	1322
26-10-2023	Haryana	Shahabad	Potato	600	4727
01-12-2024	Himachal Pradesh	Bharuasumerpur	Potato	2115	2932
05-09-2023	Himachal Pradesh	Hamirpur	Potato	2300	1402
12-12-2023	Uttar Pradesh	Pratapgarh	Potato	825	3456
19-05-2025	Haryana	Ladwa	Potato	800	2460
27-10-2024	Tamilnadu	Dindigul(Uzhavar Sandhai )	Onion	6000	588
14-03-2025	Punjab	Rayya	Onion	1700	792
26-06-2023	Madhya Pradesh	Gandhwani	Wheat	2360	2245
19-07-2024	Rajasthan	Pratapgarh	Potato	2390	675
05-07-2023	Uttar Pradesh	Wazirganj	Potato	1140	185
02-07-2024	Haryana	Sonepat	Potato	1700	2227
14-06-2023	Himachal Pradesh	Solan	Onion	1500	3752
05-07-2023	Rajasthan	Kota (F&V)	Tomato	5750	671
10-09-2024	Karnataka	Kolar	Potato	1500	1047
25-04-2024	Haryana	Shahabad	Onion	1300	1110
27-02-2024	 Punjab	Jalalabad	Onion	1800	132
10-11-2023	West Bengal	Sainthia	Potato	1230	271
18-07-2023	Maharashtra	Nagpur	Wheat	3150	3079
09-03-2025	West Bengal	Kalyani	Onion	3300	3522
13-05-2024	Rajasthan	Udaipur (F&V)	Potato	1800	3468
18-10-2023	Andhra Pradesh	Mahboob Manison	Onion	3000	1634
07-10-2023	Rajasthan	Bhadara	Onion	2400	1268
18-08-2023	Haryana	Madlauda	Onion	2000	3152
15-04-2025	Uttar Pradesh	Lucknow	Potato	1240	3096
08-12-2023	Uttar Pradesh	Milak	Onion	3360	135
21-09-2024	Rajasthan	Sangriya	Onion	3100	534
11-04-2024	Uttar Pradesh	Buland Shahr	Onion	1705	4264
07-02-2025	Tamilnadu	Kaveripattinam(Uzhavar Sandhai )	Onion	5000	4762
14-02-2025	Kerala	Balarampuram	Potato	4000	4153
29-03-2025	Madhya Pradesh	Indore	Potato	1751	4375
20-05-2025	Tamilnadu	Devaram(Uzhavar Sandhai )	Onion	2400	4382
31-07-2023	Gujarat	Ahmedabad	Tomato	14000	3808
05-03-2025	Uttar Pradesh	Ghaziabad	Potato	690	637
13-05-2025	Uttar Pradesh	Jahanabad	Potato	1010	731
29-05-2024	Kerala	Pala	Onion	7300	3454
13-01-2024	Uttar Pradesh	Sultanpur	Potato	690	2623
16-10-2023	Rajasthan	Sikar	Onion	1500	3699
04-07-2023	Kerala	Thodupuzha	Onion	9000	4136
26-06-2023	Maharashtra	Nandgaon	Onion	950	3387
19-12-2023	Gujarat	Dhragradhra	Wheat	2575	3736
20-02-2025	Karnataka	Shimoga	Potato	3500	3747
03-07-2023	Uttar Pradesh	Amroha	Potato	1130	3585
04-07-2023	Haryana	Iamailabad	Potato	550	4443
19-04-2024	Orissa	Jharsuguda	Onion	2500	2876
11-03-2025	West Bengal	Dhupguri	Potato	850	429
30-08-2024	Orissa	Bargarh(Barapalli)	Onion	3500	3143
23-10-2023	Punjab	Ludhiana	Onion	2500	3175
08-05-2024	Madhya Pradesh	Ratlam	Onion	1400	1431
01-11-2023	Uttar Pradesh	Bareilly	Wheat	2385	2875
20-02-2025	Maharashtra	Dhule	Onion	2100	4174
18-02-2024	Haryana	Sonepat	Onion	2000	1032
22-11-2023	Orissa	Gopa	Potato	1500	3603
06-02-2024	Rajasthan	Madanganj Kishangarh	Wheat	2324	4722
10-11-2023	Uttar Pradesh	Hapur	Potato	1135	1658
25-07-2024	Kerala	Aluva	Potato	4400	2953
05-11-2024	West Bengal	Khatra	Potato	2420	2735
29-09-2024	Maharashtra	Manchar	Onion	3775	1030
06-05-2024	Orissa	Balugaon	Onion	2200	1463
08-06-2024	Chattisgarh	Rajnandgaon	Potato	2000	1452
22-05-2025	Uttar Pradesh	Lalitpur	Onion	980	3504
14-03-2025	Uttar Pradesh	Khaga	Potato	1160	1539
26-03-2024	Maharashtra	Nasik	Onion	1400	4225
03-03-2025	Uttar Pradesh	Visoli	Potato	900	2443
22-04-2025	Uttar Pradesh	Puwaha	Potato	1260	3889
30-09-2023	Uttar Pradesh	Unnao	Wheat	2310	916
28-11-2023	Uttar Pradesh	Balrampur	Potato	1100	3631
07-03-2025	Rajasthan	Bikaner (F&V)	Potato	1200	2219
26-07-2023	Maharashtra	Chandrapur(Ganjwad)	Potato	1300	773
30-04-2025	Uttar Pradesh	Ghaziabad	Onion	1380	3093
30-06-2023	Meghalaya	Tura	Potato	2000	2212
26-07-2023	Orissa	Hinjilicut	Onion	2000	2672
27-08-2023	Uttar Pradesh	Purwa	Potato	1175	950
31-01-2024	Himachal Pradesh	Chamba	Potato	900	1881
06-12-2023	Madhya Pradesh	Obedullaganj	Wheat	2576	1267
15-09-2023	Madhya Pradesh	Khaniadhana	Wheat	2326	1052
03-07-2023	Haryana	Dharsul	Tomato	4000	2084
08-02-2025	Uttar Pradesh	Etawah	Potato	1045	2695
21-05-2024	Maharashtra	Karad	Onion	2000	973
06-06-2023	Uttar Pradesh	Fatehpur Sikri	Onion	940	683
27-11-2023	Orissa	Chandabali	Potato	1500	4491
06-09-2023	Himachal Pradesh	Shimla	Onion	2400	2639
03-04-2025	Uttar Pradesh	Amroha	Onion	1690	4332
12-03-2024	Himachal Pradesh	Kullu	Potato	1300	1502
04-12-2023	Maharashtra	Nasik	Potato	1450	1514
30-06-2023	Maharashtra	Ratnagiri (Nachane)	Tomato	3800	251
15-09-2024	Tamilnadu	RSPuram(Uzhavar Sandhai )	Onion	5600	3917
29-12-2023	Karnataka	Hubli (Amaragol)	Potato	1300	3701
03-07-2024	Himachal Pradesh	Kangra(Baijnath)	Potato	2200	1407
06-07-2024	Tamilnadu	Kangeyam	Onion	38	366
31-01-2025	Bihar	Jahajharpur	Potato	1900	4878
22-07-2023	Maharashtra	Rahuri	Potato	1800	4724
12-04-2024	Jammu and Kashmir	Ashahipora (Anantnagh)	Onion	2900	3192
03-04-2025	Karnataka	Udupi	Onion	1800	3731
13-05-2025	Tamilnadu	Thirupathur	Potato	3400	138
17-03-2024	Haryana	Siwan	Potato	1000	1245
20-09-2024	Tamilnadu	Kundrathur(Uzhavar Sandhai )	Potato	4000	963
15-03-2025	Haryana	New Grain Market(main), Karnal	Onion	1500	1444
11-07-2024	Uttar Pradesh	Bahedi	Onion	1590	1886
28-09-2024	Tamilnadu	Karaikudi(Uzhavar Sandhai )	Onion	7000	3069
06-04-2024	Haryana	Siwan	Potato	1400	742
16-09-2024	West Bengal	Nadia	Potato	2440	3386
06-02-2025	Tamilnadu	Karaikudi(Uzhavar Sandhai )	Onion	5500	2995
23-02-2025	Uttar Pradesh	Bahraich	Onion	2600	4775
02-05-2025	Rajasthan	Ajmer(F&V)	Potato	1200	910
22-12-2024	West Bengal	Bolpur	Potato	2200	2123
03-11-2023	Uttar Pradesh	Rasda	Wheat	2360	389
13-07-2023	Uttar Pradesh	Ghiraur	Onion	1250	1452
08-04-2024	Haryana	Ballabhgarh	Potato	1300	1633
24-11-2024	Maharashtra	Rahata	Potato	2600	4348
26-04-2024	Uttar Pradesh	Ujhani	Onion	1680	314
05-07-2023	Madhya Pradesh	Mohgaon	Wheat	2130	775
13-10-2023	Jammu & Kashmir	Udhampur	Potato	1500	836
22-10-2023	Maharashtra	Junnar(Otur)	Onion	3500	3319
03-01-2025	West Bengal	Kasipur	Potato	1800	570
08-09-2023	Uttar Pradesh	Shahabad	Wheat	2250	2453
31-03-2025	Tamilnadu	Palacode(Uzhavar Sandhai )	Potato	3000	4920
27-10-2023	Punjab	Lehra Gaga	Potato	850	3868
22-07-2023	Uttar Pradesh	Nautnava	Onion	1500	662
20-08-2023	Uttar Pradesh	Bindki	Tomato	4600	4424
09-05-2025	Haryana	Safidon	Potato	1000	2229
05-10-2024	Maharashtra	Vashi New Mumbai	Onion	3700	4878
27-01-2025	Haryana	Dabwali	Potato	1000	1870
31-12-2024	Tamilnadu	Hosur(Uzhavar Sandhai )	Potato	4000	1885
30-11-2024	Haryana	Naraingarh	Onion	3100	3955
31-05-2025	Haryana	Radaur	Potato	900	241
25-04-2025	Maharashtra	Vashi New Mumbai	Potato	1450	2768
02-06-2025	Uttar Pradesh	Ajuha	Potato	1270	4111
24-02-2025	Maharashtra	Nagpur	Potato	1450	751
07-03-2024	Haryana	Jagadhri	Onion	1750	3442
13-09-2023	Rajasthan	Bhilwara	Tomato	1500	2495
19-05-2025	Madhya Pradesh	Pipariya(F&V)	Potato	1400	4854
07-11-2023	Uttar Pradesh	Madhoganj	Potato	1120	2418
05-04-2025	Madhya Pradesh	Lashkar(F&V)	Onion	1200	4256
21-04-2025	Maharashtra	Karad	Onion	1400	3537
16-11-2024	Tamilnadu	Harur(Uzhavar Sandhai )	Onion	6800	3762
07-06-2025	West Bengal	Chakdah	Potato	1450	955
25-12-2024	Uttar Pradesh	Bindki	Potato	1620	480
23-06-2023	Orissa	Chatta Krushak Bazar	Tomato	5000	3749
06-09-2023	Uttar Pradesh	Chorichora	Wheat	2270	3517
19-05-2025	Uttar Pradesh	Mirzapur	Rice	2345	1426
18-10-2023	Gujarat	Dehgam	Wheat	2512	2892
19-03-2024	Maharashtra	Sinner	Onion	1175	4723
21-08-2023	Uttar Pradesh	Unnao	Wheat	2305	4594
17-07-2023	Gujarat	Kapadvanj	Potato	1100	3606
07-08-2023	Orissa	Khariar Road	Potato	2000	4511
08-09-2023	Delhi	Najafgarh	Wheat	2371	2718
06-07-2023	Uttar Pradesh	Tundla	Wheat	2255	1819
21-09-2024	Tamilnadu	Sampath Nagar(Uzhavar Sandhai )	Potato	6200	582
29-09-2024	West Bengal	Falakata	Potato	2450	3335
17-05-2024	Uttar Pradesh	Chandausi	Potato	1685	925
27-09-2023	Uttar Pradesh	Mathura	Onion	1980	2201
20-06-2023	Rajasthan	Tonk	Wheat	2155	268
17-02-2024	Uttar Pradesh	Aligarh	Potato	730	1543
04-04-2025	West Bengal	Jangipur	Onion	1480	588
10-11-2023	Uttar Pradesh	Nawabganj	Onion	3900	1045
25-02-2025	Tamilnadu	Thirupathur	Potato	3400	684
11-06-2023	Uttar Pradesh	Akbarpur	Wheat	2360	515
13-12-2023	Uttar Pradesh	Mauranipur	Potato	980	1800
07-02-2024	Uttar Pradesh	Sehjanwa	Potato	1200	2023
21-09-2023	Rajasthan	Bundi	Wheat	2476	3314
08-08-2023	Maharashtra	Hingoli	Wheat	2475	930
08-02-2024	Punjab	Giddarbaha	Onion	2000	3789
12-10-2024	Orissa	Chandabali	Potato	2800	2978
11-02-2025	Uttar Pradesh	Bilsi	Potato	990	1294
15-11-2024	Tamilnadu	Katpadi (Uzhavar Sandhai )	Potato	5800	580
16-07-2024	Maharashtra	Shivsiddha Govind Producer Company Limited Sanchal	Onion	2850	642
08-11-2024	Gujarat	Surat	Potato	2400	4548
13-02-2025	Orissa	Balugaon	Potato	1800	2665
29-09-2023	Kerala	Angamaly	Potato	4000	2222
24-02-2025	Orissa	Balugaon	Potato	1600	3369
28-05-2024	Maharashtra	Pimpalgaon	Onion	1951	2423
05-05-2025	Gujarat	Porbandar	Onion	1250	2923
09-08-2024	Tamilnadu	Thanjavur(Uzhavar Sandhai )	Onion	4400	3514
05-03-2024	Rajasthan	Alwar (F&V)	Onion	2100	470
08-11-2024	Uttar Pradesh	Mirzapur	Potato	2145	1256
27-02-2025	Uttar Pradesh	Charra	Potato	1100	4190
31-03-2024	Haryana	Ch. Dadri	Onion	1350	1703
19-04-2025	Tamilnadu	Nagapattinam(Uzhavar Sandhai )	Onion	3500	3987
26-05-2025	Haryana	Farukh Nagar	Potato	1100	4478
05-10-2023	Maharashtra	Rahuri(Vambori)	Wheat	2366	2099
07-06-2023	Uttar Pradesh	Fatehpur Sikri	Potato	835	560
31-03-2025	Uttar Pradesh	Lalitpur	Potato	1270	4615
27-06-2023	Haryana	Kosli	Tomato	4000	741
14-02-2025	Rajasthan	Bhilwara	Potato	1100	608
03-11-2023	Haryana	Sadhaura	Potato	900	556
10-12-2024	Punjab	Giddarbaha	Potato	2000	2092
19-05-2025	Uttar Pradesh	Auraiya	Rice	3060	4076
25-05-2025	West Bengal	Belacoba	Potato	1270	4599
14-04-2025	West Bengal	Karimpur	Onion	2300	755
20-06-2023	Uttar Pradesh	Nawabganj	Tomato	1900	3718
25-09-2024	Uttar Pradesh	Jalalabad	Potato	1750	960
07-09-2023	Uttar Pradesh	Bilsi	Onion	1850	1358
16-12-2023	Kerala	Moovattupuzha	Onion	6300	510
03-01-2025	Jammu & Kashmir	Udhampur	Potato	2250	323
15-05-2025	Karnataka	Davangere	Potato	2500	3384
27-04-2025	Tamilnadu	Pattukottai(Uzhavar Sandhai )	Onion	4000	2194
22-10-2023	Delhi	Keshopur	Onion	2800	247
30-05-2025	Uttar Pradesh	Auraiya	Potato	1210	1000
12-11-2023	Uttar Pradesh	Purwa	Potato	1085	3877
26-07-2023	Punjab	Moga	Potato	840	2913
19-01-2024	Kerala	Chathanoor	Potato	4000	2685
11-08-2023	Uttar Pradesh	Chirgaon	Wheat	2300	3577
25-10-2024	Kerala	Kottakkal	Potato	3900	2871
21-05-2025	Himachal Pradesh	Shimla	Potato	1400	3932
16-09-2024	Punjab	Ludhiana	Potato	900	165
15-08-2024	Punjab	Barnala	Potato	1500	1782
20-08-2024	Punjab	Garh Shankar	Onion	3000	588
28-12-2024	Kerala	Aroor	Potato	5000	3240
09-08-2023	Uttar Pradesh	Divai	Potato	600	4889
07-09-2023	Orissa	Balugaon	Potato	1650	4583
18-06-2023	Maharashtra	Navapur	Wheat	2079	3532
30-04-2025	Gujarat	Ankleshwar	Potato	1400	838
26-03-2025	Haryana	FerozpurZirkha(Nagina)	Onion	2200	1928
06-09-2023	Uttar Pradesh	Tulsipur	Wheat	2320	2163
06-03-2024	West Bengal	Falakata	Onion	2400	2901
09-04-2024	West Bengal	Asansol	Potato	1400	1665
14-01-2024	Madhya Pradesh	Chaakghat	Wheat	2300	1334
24-02-2025	Rajasthan	Suratgarh	Potato	1100	1419
02-02-2024	Kerala	Broadway market	Onion	2200	1655
19-07-2024	Haryana	Panipat	Onion	2200	2336
02-04-2024	Haryana	Radaur	Onion	2000	971
08-03-2025	West Bengal	Belacoba	Onion	3400	4081
29-04-2024	Punjab	Garh Shankar	Onion	1300	3705
11-09-2024	Uttar Pradesh	Partaval	Potato	2385	3152
15-07-2023	Madhya Pradesh	Daloda	Wheat	2250	1931
08-02-2025	Tamilnadu	Devaram(Uzhavar Sandhai )	Onion	4200	689
02-12-2023	Assam	Lakhimpur	Onion	3570	4379
04-09-2024	Tamilnadu	Dharmapuri(Uzhavar Sandhai )	Potato	4600	1252
19-02-2024	Haryana	Sohna	Potato	950	704
14-06-2023	West Bengal	Kalipur	Tomato	3600	3458
08-08-2023	Uttar Pradesh	Siyana	Potato	850	2374
23-12-2023	Uttar Pradesh	Saharanpur	Potato	760	245
02-10-2023	Kerala	Kanjirappally	Onion	3200	3073
04-03-2024	Uttar Pradesh	Gazipur	Potato	870	1902
01-11-2024	Maharashtra	Sangli(Phale, Bhajipura Market)	Potato	2100	524
05-09-2024	Tamilnadu	Melapalayam(Uzhavar Sandhai )	Potato	4200	4668
24-01-2025	Haryana	Ganaur	Potato	1000	1441
06-08-2023	Kerala	Kanjirappally	Onion	9400	776
25-10-2023	Haryana	Ambala Cantt.	Potato	1200	174
06-07-2023	Uttar Pradesh	Robertsganj	Wheat	2310	2150
24-07-2023	Uttar Pradesh	Viswan	Wheat	2240	1537
16-11-2023	Uttar Pradesh	Hardoi	Onion	3680	1118
15-07-2023	Uttar Pradesh	Etawah	Wheat	2250	546
27-09-2024	Haryana	Shahabad	Potato	1900	255
19-12-2023	Kerala	Kottakkal	Onion	5250	4044
10-09-2024	West Bengal	Habra	Onion	4200	235
28-08-2024	Haryana	Dhand	Onion	4080	3214
22-06-2024	Kerala	Thodupuzha	Potato	4000	1973
25-04-2025	Andhra Pradesh	Kurnool	Onion	1065	4337
30-01-2025	Himachal Pradesh	Kangra	Potato	1100	3245
28-05-2025	Assam	Golagokarnath	Potato	1010	479
30-09-2024	Tamilnadu	Rasipuram(Uzhavar Sandhai )	Potato	5000	1005
30-04-2025	Himachal Pradesh	Hamirpur	Potato	1700	688
06-01-2024	Uttar Pradesh	Azamgarh	Wheat	2515	1635
10-02-2025	Haryana	Punhana	Onion	1500	4120
14-09-2024	Tamilnadu	Palani(Uzhavar Sandhai )	Potato	5600	2063
03-04-2024	Madhya Pradesh	Shajapur	Onion	1565	2701
09-10-2024	Maharashtra	Malharshree Farmers Producer Co Ltd	Onion	3852	2827
03-03-2025	Uttar Pradesh	Azamgarh	Onion	2575	1051
28-04-2025	Tamilnadu	Mettupalayam(Uzhavar Sandhai )	Onion	2400	460
06-07-2023	Uttar Pradesh	Gonda	Potato	1125	1532
11-07-2024	Tamilnadu	Chidambaram	Potato	5000	4675
13-04-2024	West Bengal	Ranaghat	Potato	2000	3278
28-09-2023	Punjab	Moga	Onion	2300	1771
19-06-2023	Madhya Pradesh	Mow	Wheat	2175	2199
19-02-2025	Madhya Pradesh	Ratlam	Onion	2251	2624
10-11-2023	Assam	Lakhimpur	Wheat	2330	2150
25-03-2025	Himachal Pradesh	Dharamshala	Onion	2650	3814
25-08-2023	Uttar Pradesh	Mauranipur	Wheat	2350	2725
09-08-2024	Haryana	Gharaunda	Onion	3000	4179
22-12-2023	Punjab	Dhuri	Potato	570	3799
20-09-2023	Uttar Pradesh	Gurusarai	Potato	1260	4182
22-06-2024	Punjab	Garh Shankar(Mahalpur)	Potato	1700	2815
23-02-2025	Tamilnadu	Anaiyur(Uzhavar Sandhai )	Onion	4800	3572
16-05-2025	Karnataka	Chickkaballapura	Potato	1700	3887
05-09-2024	Uttar Pradesh	Anwala	Potato	1900	3994
01-08-2023	Madhya Pradesh	Badnagar	Wheat	2594	4320
18-02-2025	Uttar Pradesh	Mugrabaadshahpur	Potato	1040	3325
12-01-2024	Rajasthan	Pratapgarh	Onion	1095	126
01-05-2024	Kerala	Chala	Potato	4200	2514
20-12-2023	West Bengal	Bara Bazar (Posta Bazar)	Potato	1700	1377
04-02-2024	Uttar Pradesh	Ujhani	Potato	600	4640
30-11-2024	Jammu & Kashmir	Udhampur	Potato	3200	1829
22-03-2025	Tamilnadu	Palanganatham(Uzhavar Sandhai )	Onion	3600	2193
19-02-2024	Kerala	Thodupuzha	Onion	2000	3720
30-11-2024	Kerala	Broadway market	Potato	5700	4149
09-07-2024	Haryana	Hodal	Potato	2100	1087
07-02-2025	Maharashtra	Pune	Potato	1700	2687
16-04-2025	Jammu & Kashmir	Batote	Potato	1300	994
27-05-2025	West Bengal	Dhupguri	Potato	1280	527
24-08-2024	Maharashtra	Khed(Chakan)	Potato	2700	4137
28-03-2025	Tamilnadu	Mayiladuthurai(Uzhavar Sandhai )	Potato	4000	4823
21-06-2023	Himachal Pradesh	Hamirpur(Nadaun)	Potato	1500	4797
14-06-2023	Madhya Pradesh	Shivpuri(F&V)	Potato	1050	757
07-04-2024	Rajasthan	Madanganj Kishangarh	Potato	1700	1035
15-03-2024	Karnataka	Mysore (Bandipalya)	Onion	1900	3935
23-07-2024	Tamilnadu	Vellore	Onion	4400	2850
10-10-2023	Rajasthan	Fatehnagar	Wheat	2580	2030
19-06-2023	Madhya Pradesh	Pipariya	Potato	1000	3105
17-08-2023	Madhya Pradesh	Haatpipliya	Wheat	2610	1109
09-04-2024	Uttar Pradesh	Khurja	Potato	1540	961
25-10-2023	Uttar Pradesh	Bindki	Potato	945	3988
25-04-2025	Haryana	Naraingarh	Potato	700	4999
08-06-2025	Uttar Pradesh	Lalitpur	Onion	1250	1922
27-05-2025	Madhya Pradesh	Petlawad(F&V)	Onion	1109	923
27-09-2024	Haryana	Mustafabad	Onion	4200	2805
06-10-2023	Orissa	Saharpada	Onion	3500	3744
17-10-2023	Uttar Pradesh	Khaga	Potato	950	2765
01-08-2023	West Bengal	Kasipur	Onion	2000	4974
08-06-2023	Madhya Pradesh	Dhar(F&V)	Tomato	1879	2746
09-09-2023	Madhya Pradesh	Soyatkalan	Onion	1020	427
18-12-2024	Madhya Pradesh	Shajapur	Potato	1239	1929
04-06-2024	Gujarat	Gondal	Onion	1630	2248
10-08-2023	West Bengal	Ranaghat	Potato	1600	3840
27-03-2025	Maharashtra	Shrirampur	Potato	1150	2684
29-06-2023	Gujarat	Mandal	Wheat	2125	3016
16-01-2024	Uttar Pradesh	Robertsganj	Onion	1620	1983
27-09-2024	Uttar Pradesh	Sehjanwa	Potato	2900	2511
09-09-2023	Uttar Pradesh	Auraiya	Onion	2030	340
25-08-2024	Kerala	Kanjirappally	Onion	6800	2868
11-10-2023	Kerala	Angamaly	Tomato	2500	994
04-05-2024	Uttar Pradesh	Rampur	Potato	1670	4909
25-10-2023	Rajasthan	Kapasan	Wheat	2250	4232
22-11-2023	Uttar Pradesh	Anoop Shahar	Potato	900	422
13-12-2023	Punjab	Lehra Gaga	Potato	800	4587
08-07-2023	Kerala	Munnar	Onion	3000	1514
17-07-2024	Haryana	Yamuna Nagar	Onion	1600	4043
01-02-2024	Madhya Pradesh	Khargapur	Wheat	2390	3475
22-12-2023	Punjab	Rayya	Onion	3800	799
17-04-2024	Haryana	Ganaur	Onion	2200	1204
20-11-2024	Uttar Pradesh	Nagina	Potato	2500	1512
02-07-2023	Rajasthan	Lalsot	Wheat	2286	881
09-06-2025	Andhra Pradesh	Gudimalkapur	Onion	1100	952
22-04-2025	Tamilnadu	Gingee(Uzhavar Sandhai )	Onion	3000	2801
19-11-2024	Tamilnadu	Coonoor(Uzhavar Sandhai )	Onion	7000	2805
02-10-2023	West Bengal	Durgapur	Wheat	2600	4877
10-08-2024	Uttar Pradesh	Mehmoodabad	Onion	2790	1082
20-05-2025	Madhya Pradesh	Kalapipal(F&V)	Onion	610	3580
27-09-2023	Madhya Pradesh	Badamalhera	Wheat	2420	2377
10-07-2024	Tamilnadu	Papanasam	Potato	5000	3765
07-11-2023	Kerala	Thodupuzha	Onion	5000	200
06-12-2023	Uttar Pradesh	Nautnava	Onion	3350	1030
09-12-2023	Orissa	Bargarh(Barapalli)	Potato	2400	1848
07-10-2023	Uttar Pradesh	Bharthna	Potato	990	1432
02-09-2024	Orissa	Bargarh(Barapalli)	Potato	2900	3651
07-08-2024	Haryana	Pundri	Onion	3400	4291
07-08-2024	Uttar Pradesh	Sirsa	Onion	2250	3039
13-05-2025	Maharashtra	Murud	Rice	2600	4976
01-10-2024	Gujarat	Navsari	Potato	2550	1909
20-04-2025	Madhya Pradesh	Sailana	Onion	699	3752
21-02-2024	Gujarat	Porbandar	Onion	1250	4381
11-12-2023	Uttar Pradesh	Ujhani	Onion	3380	3624
05-10-2023	West Bengal	Rampurhat	Wheat	2400	289
15-05-2025	Punjab	Jalandhar City(Jalandhar)	Potato	400	1528
21-09-2023	Uttar Pradesh	Banda	Wheat	2300	2680
01-05-2025	Punjab	Bilga	Potato	1400	2551
25-05-2025	Kerala	Ettumanoor	Onion	5600	1917
30-08-2024	Kerala	Athirampuzha	Onion	5100	4597
06-02-2025	Tamilnadu	Sivakasi(Uzhavar Sandhai )	Potato	5000	3236
28-12-2023	Bihar	Tajpur	Onion	2400	3975
31-10-2023	Uttar Pradesh	Sultanpur	Wheat	2415	1696
10-03-2024	Haryana	Sohna	Onion	2300	3112
20-07-2024	Maharashtra	Akola	Onion	2500	702
15-05-2025	Kerala	Thalayolaparambu	Potato	3000	1436
29-05-2024	Punjab	Patran	Potato	1220	289
30-12-2024	Tamilnadu	Kumarapalayam(Uzhavar Sandhai )	Potato	5000	1460
09-07-2023	Maharashtra	Navapur	Tomato	929	4971
23-01-2025	Uttar Pradesh	Bharwari	Potato	1185	3435
14-04-2025	Uttar Pradesh	Sitapur	Potato	1200	4102
04-03-2025	Andhra Pradesh	Warangal	Potato	2750	2675
03-10-2024	Haryana	Shahzadpur	Onion	3000	4415
07-04-2025	West Bengal	Jiaganj	Potato	860	2195
27-01-2024	Uttar Pradesh	Ajuha	Onion	1650	964
22-10-2023	Punjab	Dasuya	Potato	1050	3077
17-12-2023	Madhya Pradesh	Katni(F&V)	Onion	1200	2575
04-09-2023	Haryana	Meham	Potato	1000	1721
22-04-2025	Punjab	Garh Shankar	Onion	1000	2918
06-05-2024	Kerala	Aralamoodu	Potato	4000	1798
02-10-2023	Madhya Pradesh	Sonkatch	Wheat	2400	3078
20-09-2023	Haryana	kalanwali	Onion	1200	3353
18-05-2025	Punjab	Rajpura	Onion	1050	825
07-02-2025	Uttar Pradesh	Safdarganj	Onion	1850	1579
04-01-2024	Madhya Pradesh	Dabra	Wheat	2480	3302
05-05-2025	West Bengal	Dhupguri	Potato	1070	751
13-07-2024	Haryana	Thanesar	Onion	3000	1374
04-08-2023	Orissa	Kendrapara	Potato	1600	2793
23-01-2025	Haryana	Hassanpur	Potato	1000	4618
17-10-2023	Uttar Pradesh	Sitapur	Potato	1135	1412
25-03-2024	Uttar Pradesh	Bijnaur	Potato	1300	4626
08-01-2025	Tamilnadu	Namakkal(Uzhavar Sandhai )	Potato	5000	1013
01-08-2024	Tamilnadu	Theni(Uzhavar Sandhai )	Potato	4400	4474
22-09-2023	Haryana	Barara	Onion	1600	3313
02-09-2023	Haryana	Shahabad	Onion	2100	4706
04-06-2025	Maharashtra	Kamthi	Potato	2000	585
29-10-2023	Kerala	Anchal	Onion	4600	1212
14-03-2025	Tamilnadu	Kundrathur(Uzhavar Sandhai )	Potato	3000	2672
30-10-2023	Rajasthan	Nadwai	Wheat	2530	3308
05-05-2025	Uttar Pradesh	Awagarh	Onion	1250	2460
05-03-2025	Orissa	Kendrapara(Marshaghai)	Potato	1200	3055
04-09-2023	Kerala	Kattappana	Potato	2200	4780
21-03-2025	Madhya Pradesh	Indore	Potato	1700	2700
28-04-2025	West Bengal	Moynaguri	Onion	1800	1138
25-09-2024	Uttar Pradesh	Tilhar	Potato	2160	4640
16-10-2024	Punjab	Malerkotla	Onion	3800	953
13-05-2025	Tamilnadu	Thathakapatti(Uzhavar Sandhai )	Potato	5400	848
15-06-2023	Punjab	Lohian Khas	Potato	500	3130
17-10-2024	Tamilnadu	Sundarapuram(Uzhavar Sandhai )	Potato	6700	4608
01-02-2024	Haryana	Ambala City(Subji Mandi)	Potato	300	1913
18-05-2025	Uttar Pradesh	Varanasi(F&V)	Potato	1190	3456
11-01-2025	Uttar Pradesh	Bhinga	Potato	1450	1196
02-02-2024	Madhya Pradesh	Banapura	Wheat	2290	2353
11-02-2025	Gujarat	Anand(Veg,Yard,Anand)	Potato	1100	2008
16-11-2023	West Bengal	Sheoraphuly	Potato	1400	2201
03-05-2025	West Bengal	Bankura Sadar	Potato	1380	2804
03-03-2025	Tamilnadu	Singanallur(Uzhavar Sandhai )	Potato	4500	1716
29-11-2023	Uttar Pradesh	Gazipur	Wheat	2390	1430
16-03-2024	Kerala	Chala	Onion	5200	3456
06-05-2025	Uttar Pradesh	Jaunpur	Rice	3310	702
25-07-2023	West Bengal	Falakata	Potato	1350	2693
07-10-2023	Kerala	Kayamkulam	Onion	2900	4386
02-01-2024	Himachal Pradesh	Hamirpur	Onion	2800	1219
28-03-2025	Kerala	Balarampuram	Onion	5000	4311
25-02-2025	Haryana	Sadhaura	Potato	600	4129
27-05-2025	Uttar Pradesh	Anandnagar	Potato	1100	2312
27-11-2024	Tamilnadu	Viruthachalam(Uzhavar Sandhai )	Potato	5000	4782
26-11-2024	Madhya Pradesh	Manasa	Onion	2480	2306
09-01-2024	Kerala	Kottarakkara	Onion	4000	4737
11-12-2023	Bihar	Piro	Onion	5700	4470
05-04-2025	Tamilnadu	Rasipuram(Uzhavar Sandhai )	Potato	3800	4248
07-03-2025	Tamilnadu	Panruti(Uzhavar Sandhai )	Onion	4000	2918
18-11-2023	Uttar Pradesh	Azamgarh	Potato	1025	1741
03-01-2024	Haryana	Thanesar	Onion	2500	1812
16-11-2023	Kerala	Kottakkal	Onion	5450	3556
26-11-2024	Uttar Pradesh	Bangarmau	Onion	4000	3345
21-05-2024	West Bengal	Kalyani	Onion	2200	3052
20-08-2024	Haryana	kalanwali	Potato	1500	4612
08-11-2023	Uttar Pradesh	Tundla	Onion	3700	2140
07-10-2024	Madhya Pradesh	Neemuch	Onion	3051	1576
12-11-2024	Tamilnadu	Sathur(Uzhavar Sandhai )	Potato	6000	1459
14-11-2024	Tamilnadu	Sathur(Uzhavar Sandhai )	Onion	7500	2830
14-07-2023	Uttar Pradesh	Baraut	Potato	1150	1782
28-07-2023	Maharashtra	Ulhasnagar	Wheat	3500	781
12-10-2023	Rajasthan	Goluwala	Tomato	1600	3815
06-12-2024	Uttar Pradesh	Ballia	Onion	3700	2421
08-06-2025	Tamilnadu	Kumbakonam (Uzhavar Sandhai )	Onion	3000	2900
23-04-2024	Punjab	Gurdaspur	Onion	2000	1806
25-08-2023	Uttar Pradesh	Safdarganj	Onion	2020	315
07-02-2025	Gujarat	Porbandar	Potato	1500	1934
22-01-2024	Haryana	Radaur	Onion	2200	2113
20-01-2024	Kerala	Kanjirappally	Potato	4300	3695
09-05-2024	Punjab	Sunam	Onion	1600	1355
27-07-2023	Haryana	Radaur	Tomato	5000	587
29-11-2024	Haryana	Pataudi	Potato	1100	3207
13-01-2024	West Bengal	Belacoba	Potato	1100	1242
23-08-2023	Haryana	Narwana	Potato	1000	3951
15-05-2025	Uttar Pradesh	Nautnava	Onion	1250	114
06-12-2024	Punjab	Dudhansadhan	Potato	2800	1493
01-05-2024	Karnataka	Ramanagara	Potato	3000	3260
09-01-2024	Uttar Pradesh	Auraiya	Onion	1850	3602
04-08-2024	Maharashtra	Mangal Wedha	Onion	2710	1340
31-05-2024	Madhya Pradesh	Narsinghgarh	Onion	1360	4621
01-03-2025	Rajasthan	Jodhpur (F&V)	Potato	700	1644
13-07-2024	Haryana	Indri	Onion	3200	347
21-07-2024	Haryana	New Grain Market , Panchkula	Potato	2500	2778
14-12-2023	Uttar Pradesh	Azamgarh	Wheat	2500	2216
10-06-2023	Madhya Pradesh	Dhamnod	Tomato	1200	725
29-07-2023	Haryana	Naraingarh	Onion	1500	3331
13-09-2024	Uttar Pradesh	Chirgaon	Potato	2250	1750
10-03-2024	Punjab	Dhariwal	Potato	700	3859
06-12-2024	Tamilnadu	Velayuthampalayam(Uzhavar Sandhai )	Onion	7500	2772
26-08-2023	Uttar Pradesh	Etah	Wheat	2200	685
18-04-2025	Uttar Pradesh	Ajuha	Onion	1400	609
02-10-2023	Orissa	Talcher	Potato	1800	1425
22-09-2023	Haryana	Tauru	Potato	1000	4441
19-12-2023	Bihar	Sheohar	Onion	4700	3888
30-11-2024	Kerala	Taliparamba	Onion	7000	4031
27-09-2024	Haryana	Madlauda	Onion	4600	224
28-11-2024	Uttar Pradesh	Amroha	Onion	3820	2291
02-10-2024	Tamilnadu	Sirkali(Uzhavar Sandhai )	Potato	5000	1353
04-09-2023	Madhya Pradesh	Bhopal(F&V)	Onion	1000	2691
06-06-2023	West Bengal	Jangipur	Potato	1370	216
26-10-2023	West Bengal	Karimpur	Potato	1580	415
20-07-2023	Punjab	Garh Shankar(Mahalpur)	Onion	1200	4300
05-04-2025	Tamilnadu	Gudalur(Uzhavar Sandhai )	Onion	3000	3686
16-03-2025	Uttar Pradesh	Sandila	Onion	2540	3842
11-03-2024	Uttar Pradesh	Sultanpur	Onion	1915	3553
20-11-2023	Uttar Pradesh	Robertsganj	Onion	3800	3507
11-06-2025	Uttar Pradesh	Chirgaon	Potato	1240	850
21-04-2024	Uttar Pradesh	Ghiraur	Potato	1570	3851
26-02-2024	West Bengal	Alipurduar	Onion	2400	2531
19-07-2023	Punjab	Jalandhar City(Jalandhar)	Tomato	2700	2863
27-05-2025	Tamilnadu	Mannargudi II(Uzhavar Sandhai )	Onion	3400	1004
09-11-2023	Uttar Pradesh	Awagarh	Potato	850	1121
03-06-2024	Punjab	Doraha	Potato	1800	4667
14-01-2024	Haryana	Tohana(New Veg Market)	Potato	600	1480
24-07-2024	Haryana	Indri	Onion	3200	4552
05-10-2023	Madhya Pradesh	Banda	Wheat	2325	2715
15-04-2025	Uttar Pradesh	Viswan	Potato	1225	2429
17-07-2023	Uttar Pradesh	Sultanpur	Tomato	7280	275
06-05-2025	Punjab	Dhuri	Potato	900	2263
17-04-2024	Uttar Pradesh	Charra	Onion	1630	1956
27-08-2024	Rajasthan	Baran	Potato	1400	1590
22-04-2024	Uttar Pradesh	Jahangirabad	Onion	1690	560
15-06-2023	Punjab	Phagwara	Onion	1234	3924
18-07-2023	Uttar Pradesh	Robertsganj	Wheat	2310	3842
18-03-2025	Maharashtra	Om Chaitanya Multistate Agro Purpose CoOp Society	Onion	1500	3327
04-09-2023	Bihar	Jahajharpur	Potato	1500	4372
13-09-2024	Madhya Pradesh	Badnagar	Onion	1010	3849
15-06-2023	Madhya Pradesh	Susner	Wheat	2050	3917
11-05-2025	Kerala	Kattappana	Onion	4500	504
10-07-2023	West Bengal	Bethuadahari	Potato	1650	2268
18-11-2023	Kerala	Ernakulam	Onion	5500	4246
10-10-2024	West Bengal	Sheoraphuly	Potato	2580	3165
10-10-2024	Orissa	Khariar Road	Onion	6000	3440
20-04-2024	Uttar Pradesh	Tamkuhi road	Onion	1680	2655
11-03-2024	Rajasthan	Rajsamand	Onion	1600	680
19-02-2025	West Bengal	Dhupguri	Potato	1250	2017
03-10-2024	Maharashtra	Kamthi	Potato	3500	2687
28-02-2025	Uttar Pradesh	Firozabad	Onion	2450	4873
06-01-2024	Uttar Pradesh	Mehmoodabad	Potato	700	4497
22-05-2025	Uttar Pradesh	Chaandpur	Potato	1100	845
19-08-2024	Uttar Pradesh	Bangarmau	Potato	2340	392
04-05-2024	Kerala	Aroor	Onion	4300	804
11-10-2023	Uttar Pradesh	Firozabad	Potato	900	4628
23-06-2023	Haryana	FerozpurZirkha(Nagina)	Tomato	2200	1732
10-07-2023	Uttar Pradesh	Chirgaon	Onion	1325	3654
29-04-2024	Uttar Pradesh	Chaandpur	Onion	1700	4394
14-12-2023	Maharashtra	Achalpur	Wheat	2575	3881
29-05-2024	Punjab	Sunam	Potato	1200	3458
07-07-2023	Madhya Pradesh	Kalapipal	Onion	775	632
29-05-2024	Rajasthan	Suratgarh	Potato	1350	3494
11-06-2023	Madhya Pradesh	Manawar	Onion	1047	3001
25-05-2024	West Bengal	Champadanga	Potato	2220	2083
09-11-2023	Uttar Pradesh	Badayoun	Wheat	2480	2368
22-10-2024	Manipur	Thoubal	Potato	4750	2527
17-06-2023	Karnataka	Chickkaballapura	Tomato	2000	2912
03-08-2023	Haryana	Dabwali	Potato	800	1660
13-03-2025	Kerala	Piravam	Potato	6000	4736
19-03-2024	West Bengal	Belacoba	Onion	2700	2663
18-06-2024	Rajasthan	Ajmer(F&V)	Potato	1600	4950
21-08-2024	Uttar Pradesh	Bindki	Onion	3170	1690
03-07-2023	Kerala	Perumbavoor	Potato	2500	1567
24-05-2025	West Bengal	Bolpur	Onion	1900	165
19-04-2024	Gujarat	Porbandar	Potato	2500	2955
10-04-2024	West Bengal	Karimpur	Onion	2525	2780
04-07-2023	Madhya Pradesh	Paatan	Wheat	2110	2383
29-04-2024	Uttar Pradesh	Kosikalan	Onion	1615	2459
26-08-2023	Madhya Pradesh	Loharda	Wheat	2530	3583
02-08-2023	 Punjab	Abohar	Potato	1150	3445
09-05-2025	Madhya Pradesh	Ratlam	Onion	600	4108
08-12-2023	Madhya Pradesh	Thandla	Onion	3300	531
09-04-2025	Andhra Pradesh	Kalwakurthy	Potato	2200	2650
25-10-2023	Kerala	Aroor	Onion	5100	3056
03-08-2023	West Bengal	Khatra	Potato	1380	3488
09-05-2025	Uttar Pradesh	Gangoh	Onion	1100	4880
02-02-2024	Gujarat	Mahuva(Station Road)	Wheat	2705	2297
05-06-2025	West Bengal	Balarampur	Rice	4300	1560
01-02-2024	Haryana	Ganaur	Potato	1000	985
02-12-2023	Jammu & Kashmir	Rajouri (F&V)	Potato	1500	743
23-01-2024	Uttar Pradesh	Nautnava	Wheat	2600	1676
26-01-2024	Orissa	Bargarh	Potato	1700	3530
10-07-2023	Maharashtra	Vashi New Mumbai	Onion	1350	2951
26-06-2024	Haryana	Kosli	Potato	2200	2390
02-04-2025	Madhya Pradesh	Porsa	Potato	800	165
07-01-2024	Haryana	Rewari	Onion	1800	1298
09-06-2023	Madhya Pradesh	Sironj	Wheat	2635	2983
19-04-2025	Tamilnadu	Attayampatti(Uzhavar Sandhai )	Potato	3400	937
04-08-2024	Uttar Pradesh	Bharwari	Potato	2280	4782
17-10-2023	Punjab	Jagraon	Potato	950	3938
02-02-2024	Gujarat	Kapadvanj	Wheat	2450	4532
30-07-2023	Kerala	Ernakulam	Tomato	1350	927
03-02-2024	Haryana	Sonepat	Potato	600	3746
04-12-2023	Haryana	Gohana	Potato	800	313
30-12-2024	West Bengal	Asansol	Potato	2360	340
13-02-2024	Delhi	Shahdara	Onion	1400	1739
23-11-2024	Tamilnadu	Palacode(Uzhavar Sandhai )	Onion	6000	3343
10-08-2024	Tamilnadu	Udumalpet	Potato	7000	4920
06-12-2023	Uttar Pradesh	Chaandpur	Potato	1100	956
27-02-2025	Maharashtra	Junnar(Otur)	Potato	1800	1989
29-03-2024	Uttar Pradesh	Basti	Potato	1450	3530
12-06-2023	Kerala	Vandiperiyar	Potato	2100	693
12-08-2024	Himachal Pradesh	Mandi(Mandi)	Potato	2800	159
21-02-2025	Punjab	Jalandhar City(Jalandhar)	Onion	1200	2099
06-03-2024	Uttar Pradesh	Badayoun	Onion	1670	1714
10-05-2024	Kerala	Kanjirappally	Onion	6800	468
24-07-2024	Maharashtra	Satara	Onion	2600	4054
21-08-2023	West Bengal	Dhupguri	Tomato	6300	4054
21-04-2025	Manipur	Thoubal	Potato	1750	744
26-01-2025	Tamilnadu	Mohanur(Uzhavar Sandhai )	Potato	4500	1546
24-10-2024	Haryana	Sampla	Potato	2500	2699
11-08-2023	Madhya Pradesh	Pawai	Wheat	2200	1271
21-08-2023	Haryana	Sonepat(Kharkhoda)	Potato	1000	2584
06-12-2024	Madhya Pradesh	Neemuch	Onion	2900	2034
02-04-2024	Uttar Pradesh	Khurja	Onion	1710	3553
09-03-2024	Madhya Pradesh	Garhakota	Onion	800	1545
11-02-2025	Madhya Pradesh	Sanawad(F&V)	Onion	2000	500
27-02-2025	Kerala	Piravam	Potato	5000	1756
12-08-2023	Karnataka	Bagepalli	Potato	1800	3532
06-05-2025	Himachal Pradesh	Mandi(Takoli)	Onion	1300	3164
18-10-2023	Madhya Pradesh	Binaganj	Wheat	2420	2630
26-10-2023	Madhya Pradesh	Dhamnod	Potato	1000	1772
03-08-2023	Maharashtra	Loha	Wheat	2691	1541
12-09-2023	Madhya Pradesh	Indore(F&V)	Potato	700	1872
01-07-2023	Kerala	Kondotty	Onion	1900	4314
17-08-2024	Uttar Pradesh	Sandi	Potato	2355	4926
01-03-2025	Haryana	Chhachrauli	Onion	2600	3000
25-12-2023	Madhya Pradesh	Indore	Onion	1430	719
16-09-2023	West Bengal	Uluberia	Onion	2600	2521
16-01-2024	Bihar	Jamui	Onion	2400	4004
03-09-2024	Tamilnadu	Paramathivelur(Uzhavar Sandhai )	Onion	5500	586
06-02-2024	Himachal Pradesh	Kangra(Baijnath)	Potato	900	1374
27-11-2023	Uttar Pradesh	Khaga	Onion	3590	1640
14-06-2023	Punjab	Machhiwara	Potato	1100	2125
29-06-2023	 Punjab	Abohar	Potato	950	3176
08-08-2023	Uttar Pradesh	Lalitpur	Onion	1250	1068
02-10-2023	Rajasthan	Anta	Wheat	2288	4013
09-02-2025	Tamilnadu	Gobichettipalayam(Uzhavar Sandhai )	Potato	4800	1389
12-11-2024	Uttar Pradesh	Mehmoodabad	Onion	4310	1680
31-08-2024	Kerala	Pala	Potato	4500	524
19-05-2025	Gujarat	Kapadvanj	Potato	1175	3605
06-12-2024	Punjab	Nabha	Potato	2300	2150
23-11-2023	Himachal Pradesh	Palampur	Potato	1850	2271
26-09-2023	Kerala	Chengannur	Onion	7000	2437
02-04-2024	Maharashtra	Pune(Moshi)	Onion	900	4216
09-06-2023	Himachal Pradesh	Kangra(Nagrota Bagwan)	Potato	1250	4667
07-08-2024	Himachal Pradesh	Kangra(Jaisinghpur)	Potato	3050	2297
15-06-2023	Uttar Pradesh	Baberu	Wheat	2220	3060
18-11-2023	West Bengal	Pandua	Potato	1460	3028
29-11-2023	Rajasthan	Sriganganagar (Grain)	Wheat	2475	1989
17-06-2023	Haryana	Palwal	Potato	950	4344
08-05-2025	Tamilnadu	Mettupalayam(Uzhavar Sandhai )	Onion	2500	128
06-01-2024	Uttar Pradesh	Chirgaon	Onion	1780	2696
05-03-2025	Maharashtra	Lasalgaon	Onion	2351	1585
25-11-2024	Tamilnadu	Vellore	Potato	4500	3330
27-03-2024	Uttar Pradesh	Mehmoodabad	Potato	1280	274
27-09-2023	Maharashtra	Wardha	Wheat	2600	3604
19-09-2023	Haryana	Gohana	Onion	1500	2775
10-03-2024	Haryana	Jakhal	Onion	2100	2275
14-01-2024	Uttar Pradesh	Nawabganj	Potato	800	3007
01-12-2023	Chattisgarh	Rajnandgaon	Onion	4000	4371
13-10-2023	Karnataka	Hubli (Amaragol)	Onion	1300	1202
26-10-2023	Rajasthan	Kesarisinghpur	Wheat	2531	176
22-07-2024	Haryana	Radaur	Onion	3000	4940
07-09-2024	Uttar Pradesh	Amroha	Onion	3650	2978
17-10-2024	Madhya Pradesh	Indore	Potato	2100	2722
23-09-2024	Tamilnadu	Singampunari(Uzhavar Sandhai )	Potato	4500	915
01-04-2025	Bihar	Tajpur	Onion	2600	2791
10-10-2023	Rajasthan	Deoli	Wheat	2305	4884
13-05-2025	Uttar Pradesh	Partaval	Rice	3225	2575
27-08-2023	Haryana	Barwala	Potato	1000	1000
01-06-2025	Rajasthan	Bhilwara	Potato	1350	4870
29-10-2024	Tamilnadu	Thammampatti (Uzhavar Sandhai )	Onion	7400	4780
08-04-2024	Kerala	Thodupuzha	Potato	3200	1477
18-09-2024	Haryana	kalanwali	Onion	4000	1405
28-11-2023	Maharashtra	Sakri	Onion	4200	2837
24-07-2024	Maharashtra	Pune(Pimpri)	Onion	2700	1701
20-11-2024	West Bengal	Balarampur	Potato	2600	400
19-04-2025	Uttar Pradesh	Chitwadagaon	Onion	1550	446
08-02-2025	Orissa	Bargarh	Potato	2400	1990
31-10-2023	Madhya Pradesh	Khategaon	Wheat	2575	801
21-04-2024	Uttar Pradesh	Bewar	Potato	1120	4853
05-05-2025	Uttar Pradesh	Pratapgarh	Rice	3125	844
03-05-2024	Uttar Pradesh	Sandi	Onion	1650	792
22-10-2024	West Bengal	Moynaguri	Potato	2350	2975
07-04-2025	Punjab	Dhuri	Onion	1600	3091
16-12-2023	Uttar Pradesh	Rasda	Onion	3000	2813
01-04-2025	Gujarat	Anand(Veg,Yard,Anand)	Potato	1000	3309
03-10-2024	Tamilnadu	Namakkal(Uzhavar Sandhai )	Potato	4800	3096
09-08-2023	Uttar Pradesh	Mugrabaadshahpur	Onion	1555	2334
26-01-2024	West Bengal	Ranaghat	Onion	2500	4502
25-08-2023	Maharashtra	Rahuri	Onion	1350	3584
08-06-2023	Karnataka	Mysore (Bandipalya)	Onion	1200	3473
05-07-2023	Karnataka	Belgaum	Potato	2000	2180
24-11-2023	Haryana	Barwala	Potato	1000	4987
08-06-2023	Maharashtra	Ghoti	Tomato	950	4341
08-02-2024	Uttar Pradesh	Bindki	Onion	1540	1067
17-01-2024	Maharashtra	Satana	Onion	1560	3057
21-01-2025	Gujarat	Surat	Potato	1650	1696
11-04-2025	Assam	Golagokarnath	Onion	1740	3559
24-11-2023	Rajasthan	Madanganj Kishangarh	Wheat	2250	2239
02-01-2025	Uttar Pradesh	Jhansi	Potato	1350	2487
14-10-2024	Kerala	Thodupuzha	Onion	5000	317
13-07-2024	Maharashtra	Amrawati(Frui & Veg. Market)	Onion	3200	495
07-09-2024	West Bengal	Ranaghat	Onion	4100	974
07-08-2024	Tamilnadu	Tirupatthur(Uzhavar Sandhai )	Potato	6500	1570
20-07-2024	Gujarat	Ahmedabad(Chimanbhai Patal Market Vasana)	Onion	2750	255
21-02-2024	Uttar Pradesh	Gurusarai	Onion	1310	2988
28-04-2025	West Bengal	Kalyani	Potato	1610	737
23-08-2023	Rajasthan	Udaipur (F&V)	Onion	1600	2758
06-01-2024	Maharashtra	Sangli	Wheat	3500	1448
19-05-2024	Uttar Pradesh	Agra	Onion	1550	2911
28-03-2024	 Punjab	Jalalabad	Potato	600	4993
18-09-2024	Uttar Pradesh	Tulsipur	Potato	2250	2979
26-10-2024	Haryana	Sonepat(Kharkhoda)	Onion	4000	2833
21-04-2025	West Bengal	Indus(Bankura Sadar)	Potato	1060	4121
06-03-2025	Tamilnadu	Jalagandapuram(Uzhavar Sandhai )	Onion	4800	4285
07-06-2024	Rajasthan	Baran	Potato	1000	1741
05-03-2025	Jammu & Kashmir	Kathua	Onion	2650	2331
01-08-2024	Tamilnadu	Chidambaram(Uzhavar Sandhai )	Onion	4500	403
05-11-2024	Uttar Pradesh	Bhehjoi	Potato	2005	1101
13-06-2023	Chattisgarh	Rajnandgaon	Tomato	3000	2209
07-01-2025	West Bengal	Indus(Bankura Sadar)	Potato	1700	3567
03-08-2024	Uttar Pradesh	Jhansi	Onion	2670	4594
29-04-2025	Orissa	Jharsuguda	Onion	3000	4735
11-11-2023	Assam	Golagokarnath	Potato	1150	816
21-07-2023	Nagaland	Naginimora	Potato	4050	3329
06-10-2023	Madhya Pradesh	Sanwer	Wheat	2625	1351
09-02-2024	Nagaland	Jalukie	Onion	3700	2707
26-08-2024	Tamilnadu	Tindivanam	Potato	4800	4695
16-08-2024	Gujarat	Nadiyad(Chaklasi)	Potato	2000	996
20-09-2024	Orissa	Kendrapara	Potato	3000	711
23-06-2023	Haryana	Meham	Potato	1000	4018
10-11-2023	West Bengal	Belacoba	Onion	4800	4637
01-05-2024	Madhya Pradesh	Shajapur	Potato	1700	1923
19-03-2024	Haryana	Fatehabad	Onion	1950	4477
21-05-2025	Kerala	Kondotty	Potato	2800	3319
09-02-2025	Uttar Pradesh	Ghaziabad	Onion	2100	1089
19-03-2025	Tamilnadu	Virudhunagar(Uzhavar Sandhai )	Onion	4000	426
11-04-2024	Uttar Pradesh	Mugrabaadshahpur	Potato	1615	2204
14-10-2023	Uttar Pradesh	Sandila	Onion	2120	2679
09-06-2025	Uttar Pradesh	Achalda	Onion	1200	2171
09-05-2025	Maharashtra	Pune(Moshi)	Potato	1300	2471
19-04-2025	Uttar Pradesh	Sitapur	Onion	1590	2123
01-09-2024	Uttar Pradesh	Sitapur	Potato	2370	1907
21-08-2023	West Bengal	Uluberia	Onion	3100	1318
20-12-2024	Gujarat	Nadiyad(Piplag)	Potato	2250	4075
08-05-2024	Gujarat	Ankleshwar	Potato	1500	210
11-09-2024	Uttar Pradesh	Auraiya	Onion	3740	1875
25-08-2023	Andhra Pradesh	Mahboob Manison	Onion	1200	3592
28-06-2023	Maharashtra	Pune(Pimpri)	Tomato	3000	819
17-09-2024	Punjab	Mukerian	Potato	2800	3466
27-04-2025	Uttar Pradesh	Hasanpur	Potato	750	369
13-02-2025	Punjab	Sahnewal	Potato	700	1723
14-02-2024	Uttar Pradesh	Lucknow	Onion	1500	2708
20-02-2024	Punjab	Dinanagar	Onion	2000	3585
13-01-2024	Uttar Pradesh	Saharanpur	Onion	2100	1691
24-05-2025	West Bengal	Durgapur	Onion	1400	1067
28-12-2023	Maharashtra	Lasalgaon(Niphad)	Wheat	2650	395
03-11-2023	Haryana	Dhand	Potato	1000	602
26-01-2025	West Bengal	Birbhum	Potato	1100	4949
18-10-2023	Madhya Pradesh	Suvasra	Wheat	2449	2176
22-05-2025	Madhya Pradesh	Badnagar	Onion	500	2715
27-07-2024	Madhya Pradesh	Ujjain	Onion	2600	2925
22-09-2023	Uttar Pradesh	Rasda	Potato	1020	3664
26-08-2024	Tamilnadu	NGO Colony(Uzhavar Sandhai )	Potato	4200	4799
03-07-2023	Punjab	Jalandhar City(Jalandhar)	Tomato	1400	141
07-10-2024	Tamilnadu	Thathakapatti(Uzhavar Sandhai )	Onion	7000	707
28-05-2024	Maharashtra	Sinner	Onion	1800	2056
01-09-2023	Karnataka	Davangere	Potato	1700	1537
02-10-2024	West Bengal	Bolpur	Onion	4300	345
06-02-2024	Maharashtra	Malegaon	Wheat	2400	2872
24-06-2023	Maharashtra	Dhule	Wheat	2411	4826
01-08-2024	Tamilnadu	Thanjavur(Uzhavar Sandhai )	Onion	4400	2507
28-11-2023	Madhya Pradesh	Lashkar(F&V)	Potato	1000	3351
12-07-2024	Uttar Pradesh	Bahraich	Potato	2420	4120
06-04-2025	Kerala	Thodupuzha	Onion	4600	631
03-05-2025	West Bengal	Birbhum	Potato	1200	1692
14-04-2025	Uttar Pradesh	Muradabad	Potato	1120	2813
18-01-2025	Uttar Pradesh	Muradabad	Potato	1270	2539
24-07-2023	Nagaland	Pfatsero	Potato	5200	3085
07-07-2023	Uttar Pradesh	Partaval	Onion	3750	906
06-05-2025	Haryana	Naraingarh	Potato	890	1380
08-05-2025	Madhya Pradesh	Badnawar	Onion	800	3783
25-10-2024	Tamilnadu	Palayamkottai(Uzhavar Sandhai )	Potato	4000	2494
11-03-2024	Uttar Pradesh	Ujhani	Potato	1010	1548
02-07-2023	Uttar Pradesh	Amroha	Tomato	4850	2159
15-04-2025	Uttar Pradesh	Shahjahanpur	Rice	3320	3789
24-02-2025	Haryana	Panipat	Potato	700	4264
23-10-2023	Bihar	Murliganj	Onion	2500	1864
10-09-2024	Tamilnadu	Sirkali(Uzhavar Sandhai )	Potato	5000	3591
11-05-2024	Uttar Pradesh	Vilthararoad	Potato	1750	1002
02-09-2023	Madhya Pradesh	Vijaypur	Wheat	2210	1737
27-11-2023	Nagaland	Jalukie	Potato	2300	100
30-08-2023	Uttar Pradesh	Nawabganj	Potato	1225	1774
09-09-2023	Punjab	Doraha	Potato	1000	1612
12-05-2024	Uttar Pradesh	Gonda	Potato	1870	1724
29-01-2025	Tamilnadu	Mettur(Uzhavar Sandhai )	Potato	6000	1421
18-07-2024	Madhya Pradesh	Badnawar	Onion	2005	1880
15-12-2023	Madhya Pradesh	Bhopal	Wheat	2330	1961
21-04-2025	Haryana	Dhand	Onion	1750	3309
28-04-2024	Orissa	Hindol	Potato	2800	3298
18-11-2023	Bihar	Danapur	Onion	4800	1309
27-06-2023	Uttar Pradesh	Rasda	Wheat	2310	3704
06-10-2023	Madhya Pradesh	Timarni	Onion	2500	2226
20-03-2025	Gujarat	Bharuch	Onion	1500	2617
15-10-2024	Uttar Pradesh	Manjhanpur	Onion	4315	1561
15-02-2024	Uttar Pradesh	Jafarganj	Onion	1760	2915
26-03-2025	Uttar Pradesh	Rasda	Potato	1210	1536
29-10-2023	Uttar Pradesh	Anandnagar	Potato	1215	2295
11-09-2024	Uttar Pradesh	Jhansi	Onion	3750	2715
28-05-2025	Uttar Pradesh	Gazipur	Rice	3325	2117
06-09-2024	Kerala	Chengannur	Onion	5400	1763
30-01-2024	Uttar Pradesh	Meerut	Onion	1550	2701
22-02-2024	Kerala	Aroor	Onion	3400	1649
08-06-2023	Madhya Pradesh	Pohari	Wheat	2175	398
27-06-2023	West Bengal	Birbhum	Onion	1950	1353
04-03-2024	West Bengal	Bara Bazar (Posta Bazar)	Onion	1600	2722
17-01-2024	Uttar Pradesh	Jasvantnagar	Potato	750	2425
19-03-2025	Maharashtra	Kalyan	Onion	1350	4024
19-05-2024	Uttar Pradesh	Aligarh	Onion	1680	379
19-06-2023	Punjab	Moga	Onion	1200	4063
12-07-2023	Uttar Pradesh	Bindki	Wheat	2270	1147
07-01-2024	West Bengal	Pandua	Onion	2600	762
19-01-2024	Punjab	Bhawanigarh	Onion	2000	4740
02-08-2024	Uttar Pradesh	Bahedi	Potato	1660	2680
31-01-2024	Uttar Pradesh	Allahabad	Potato	650	263
19-12-2023	Orissa	Khariar	Onion	6000	4951
30-06-2023	Rajasthan	Goluwala	Wheat	2117	488
03-08-2023	Maharashtra	Nagpur	Onion	1500	3474
07-05-2024	Punjab	Moga	Potato	1100	4490
13-07-2024	Gujarat	Ahmedabad(Chimanbhai Patal Market Vasana)	Onion	3050	1074
16-07-2024	Haryana	Jagadhri	Potato	1850	4692
02-08-2023	Uttar Pradesh	Shahjahanpur	Potato	1240	1016
19-04-2025	Maharashtra	Khed(Chakan)	Potato	1600	337
09-08-2024	Maharashtra	Vashi New Mumbai	Onion	2800	2475
18-05-2024	Kerala	Vandiperiyar	Potato	3600	3625
03-05-2025	Uttar Pradesh	Sitapur	Potato	1230	3904
06-06-2025	West Bengal	Alipurduar	Potato	1200	271
27-09-2023	Haryana	Ladwa	Potato	1100	2366
12-08-2024	Uttar Pradesh	Devariya	Potato	2325	3054
04-01-2024	Uttar Pradesh	Milak	Potato	750	170
15-07-2023	Madhya Pradesh	Satna	Wheat	2170	1396
11-12-2023	Kerala	Kothamangalam	Onion	5000	2751
28-05-2025	Karnataka	Udupi	Onion	1900	1895
19-06-2023	Andhra Pradesh	Kalwakurthy	Tomato	1500	1651
21-06-2023	Himachal Pradesh	Solan	Tomato	1700	3363
07-03-2024	Maharashtra	Hingna	Potato	1500	1114
22-04-2025	Tamilnadu	Palacode(Uzhavar Sandhai )	Onion	2500	2548
12-09-2024	Gujarat	Nadiad	Potato	3600	1803
05-10-2024	Uttar Pradesh	Basti	Potato	2210	1613
03-01-2025	Delhi	Shahdara	Potato	1600	3014
25-10-2023	Madhya Pradesh	Alampur	Wheat	2550	1767
26-12-2024	West Bengal	Indus(Bankura Sadar)	Potato	2100	264
22-05-2024	Uttar Pradesh	Chaandpur	Potato	1100	948
02-03-2024	Maharashtra	Lasalgaon(Vinchur)	Onion	1700	592
17-04-2025	Uttar Pradesh	Varanasi(F&V)	Onion	1450	2351
13-02-2025	Karnataka	Bangalore	Potato	2000	3200
23-09-2024	Punjab	Ludhiana	Onion	3900	1988
15-09-2023	Punjab	Lehra Gaga	Potato	1100	380
02-09-2023	Uttar Pradesh	Chandoli	Wheat	2320	314
27-05-2025	Uttar Pradesh	Mauranipur	Rice	3560	2410
02-04-2024	Gujarat	Ahmedabad(Chimanbhai Patal Market Vasana)	Potato	1500	1490
20-11-2024	Tamilnadu	Thammampatti (Uzhavar Sandhai )	Onion	9000	3123
29-03-2025	Gujarat	Surat	Potato	950	2709
24-04-2025	Haryana	Sadhaura	Onion	2000	2320
30-04-2025	Uttar Pradesh	Rampurmaniharan	Potato	1000	1754
17-07-2023	Uttar Pradesh	Ballia	Potato	1200	1061
26-07-2024	Tamilnadu	Nagapattinam(Uzhavar Sandhai )	Onion	4000	1589
20-02-2025	Uttar Pradesh	Viswan	Onion	2450	1253
03-07-2023	Uttar Pradesh	Khurja	Potato	1155	1990
08-09-2023	Uttar Pradesh	Bahedi	Potato	1025	978
04-09-2024	Tamilnadu	Tirupatthur(Uzhavar Sandhai )	Potato	5500	2249
19-08-2023	Kerala	Chathanoor	Onion	3000	465
19-07-2023	Andhra Pradesh	Venkateswarnagar	Potato	2000	745
25-04-2024	Uttar Pradesh	Robertsganj	Potato	1665	4589
15-07-2023	Uttar Pradesh	Jahanabad	Wheat	2200	4960
11-08-2023	Himachal Pradesh	Kullu	Onion	2500	2015
07-02-2024	Gujarat	Rajkot(Veg.Sub Yard)	Potato	1275	3815
27-05-2024	Madhya Pradesh	Akodiya	Onion	600	3234
12-12-2023	Madhya Pradesh	Sironj	Wheat	3025	4574
16-02-2025	Tamilnadu	Hosur(Uzhavar Sandhai )	Onion	5000	411
01-03-2025	Uttar Pradesh	Manjhanpur	Potato	1035	2076
14-12-2023	Madhya Pradesh	Sironj	Wheat	3305	1077
12-02-2025	Himachal Pradesh	Kangra(Jaisinghpur)	Potato	1350	335
04-10-2024	Tamilnadu	Melapalayam(Uzhavar Sandhai )	Potato	4500	4206
16-04-2025	Rajasthan	Rawatsar	Potato	550	1481
03-05-2024	Kerala	Madhavapuram	Onion	5400	4441
05-05-2025	Haryana	Rewari	Potato	1200	4249
23-05-2025	West Bengal	Indus(Bankura Sadar)	Rice	4600	3058
22-05-2025	Bihar	Jainagar	Onion	2400	4579
22-04-2025	Delhi	Azadpur	Potato	1008	786
26-06-2023	Madhya Pradesh	Sailana	Onion	800	2519
13-12-2023	West Bengal	Kandi	Wheat	2300	2882
18-03-2025	Uttar Pradesh	Nautnava	Potato	1200	3790
14-08-2024	West Bengal	Rampurhat	Onion	3400	4474
07-02-2024	Andhra Pradesh	Bowenpally	Onion	1300	3882
29-02-2024	Jammu and Kashmir	Ashahipora (Anantnagh)	Potato	1550	2394
19-12-2023	Uttar Pradesh	Allahabad	Wheat	2450	4794
29-09-2023	Himachal Pradesh	Kullu	Potato	3000	1112
22-03-2025	Rajasthan	Bhilwara	Potato	1100	4884
06-05-2024	Gujarat	Bilimora	Potato	2400	827
09-03-2025	Uttar Pradesh	Mirzapur	Potato	775	1524
17-10-2023	Punjab	Khanna	Onion	1500	3313
29-07-2023	Gujarat	Rajkot	Wheat	2450	3947
26-03-2024	Assam	Lakhimpur	Onion	1800	3098
05-05-2025	Haryana	Siwan	Onion	1600	2594
26-06-2023	Uttar Pradesh	Wazirganj	Tomato	1550	3309
11-02-2024	Uttar Pradesh	Dhanaura	Potato	500	425
16-04-2025	Kerala	Kayamkulam	Onion	1900	1969
12-07-2023	Uttar Pradesh	Milak	Potato	1200	568
28-07-2023	Uttar Pradesh	Atarra	Onion	1540	1813
20-07-2023	Gujarat	Kapadvanj	Potato	1100	1121
04-04-2024	West Bengal	Alipurduar	Onion	1700	4319
15-05-2025	Haryana	Sirsa	Onion	1000	2881
30-09-2024	West Bengal	Jangipur	Potato	2480	3873
24-08-2024	Uttar Pradesh	Noida	Onion	3360	2761
19-07-2024	Uttar Pradesh	Mainpuri	Onion	3000	1144
05-10-2024	Kerala	Kanjirappally	Onion	6200	1627
31-07-2024	Bihar	Jaitipir Mandi, Lalganj block	Potato	3600	3451
24-09-2024	Uttar Pradesh	Ghaziabad	Potato	2200	2600
21-10-2024	Gujarat	Porbandar	Potato	2750	4186
03-09-2024	West Bengal	Birbhum	Potato	2300	3001
25-12-2023	Uttar Pradesh	Allahabad	Onion	1950	4828
02-05-2024	Rajasthan	Goluwala	Potato	1800	1445
07-10-2023	Uttar Pradesh	Bangarmau	Potato	1135	1883
10-04-2025	Tamilnadu	Perambalur(Uzhavar Sandhai )	Potato	3000	1076
09-06-2025	Madhya Pradesh	Agar	Onion	611	1807
12-09-2023	Rajasthan	Khanpur	Wheat	2650	984
01-06-2024	Haryana	New Grain Market , Panchkula	Onion	3000	2798
06-07-2023	Gujarat	Kapadvanj	Wheat	2125	2667
04-01-2024	Madhya Pradesh	Jatara	Wheat	2340	3025
12-11-2024	Tamilnadu	Krishnagiri(Uzhavar Sandhai )	Onion	6000	2021
08-11-2024	Haryana	Panipat	Potato	1500	2374
07-04-2024	Haryana	Fatehabad	Potato	1000	1551
23-04-2025	Uttar Pradesh	Rasda	Onion	1500	3886
09-11-2023	Uttar Pradesh	Gazipur	Wheat	2380	592
03-03-2024	Uttar Pradesh	Robertsganj	Onion	1740	2949
15-05-2025	Rajasthan	Kota (F&V)	Onion	500	4905
30-12-2023	Uttar Pradesh	Ujhani	Wheat	2520	3903
01-12-2024	Kerala	Kayamkulam	Onion	4800	3279
17-11-2023	Kerala	Aluva	Onion	5300	3154
21-06-2023	Himachal Pradesh	Mandi(Takoli)	Potato	1100	2086
30-12-2023	Punjab	Mukerian	Potato	1000	1156
02-11-2024	Tamilnadu	Kandiyaperi(Uzhavar Sandhai )	Onion	6000	1332
29-12-2023	Madhya Pradesh	Jatara	Wheat	2250	4919
12-06-2023	Uttar Pradesh	Madhoganj	Tomato	1030	939
16-10-2023	Uttar Pradesh	Dhanaura	Onion	900	3376
30-12-2023	Madhya Pradesh	Shahpura(Jabalpur)	Wheat	2300	4962
09-07-2024	West Bengal	Pandua	Potato	2760	1469
06-09-2024	Tamilnadu	Tindivanam	Onion	5800	688
14-06-2023	Uttar Pradesh	Atarra	Wheat	2250	717
27-10-2024	Delhi	Keshopur	Potato	1950	359
05-11-2024	Uttar Pradesh	Manjhanpur	Onion	4050	295
09-09-2024	Haryana	Hodal	Potato	1900	3022
13-10-2024	Rajasthan	Kota (F&V)	Potato	1750	3966
09-08-2024	Jammu and Kashmir	Ashahipora (Anantnagh)	Onion	3300	4282
12-07-2023	Orissa	Bargarh(Barapalli)	Tomato	8600	3005
17-10-2023	Uttar Pradesh	Etawah	Potato	930	4304
04-09-2024	Kerala	Aralamoodu	Potato	5000	4759
06-10-2023	Himachal Pradesh	Muskara	Wheat	2320	458
01-11-2023	Maharashtra	Lasalgaon(Vinchur)	Onion	4100	930
20-01-2025	Tamilnadu	Thathakapatti(Uzhavar Sandhai )	Potato	6500	1994
24-04-2025	Tamilnadu	Mettur(Uzhavar Sandhai )	Potato	3000	4414
03-04-2025	Uttar Pradesh	Lalitpur	Potato	1280	4170
07-04-2025	Chhattisgarh	Tiphra	Potato	1700	2145
20-11-2023	West Bengal	Bishnupur(Bankura)	Onion	4600	2014
25-08-2024	Madhya Pradesh	Sarangpur	Onion	3000	4492
26-09-2024	Meghalaya	Shillong	Potato	2700	2057
14-02-2025	Uttar Pradesh	Naanpara	Onion	1850	2584
18-07-2023	Punjab	Jalandhar City(Jalandhar)	Tomato	1600	3478
12-06-2023	Punjab	Dhuri	Potato	950	3546
09-06-2023	Uttar Pradesh	Bharthna	Tomato	970	3342
26-12-2023	Kerala	Cherthala	Potato	3900	921
01-02-2024	Orissa	Kendrapara	Potato	1500	3385
12-02-2024	West Bengal	Kalyani	Potato	1120	682
29-10-2024	Tamilnadu	Udumalpet	Onion	7000	871
22-05-2024	Uttar Pradesh	Chandoli	Potato	1700	4409
26-09-2024	West Bengal	Moynaguri	Potato	2250	1970
10-05-2024	Uttar Pradesh	Bhehjoi	Potato	1010	3905
03-07-2023	Punjab	Machhiwara	Onion	1300	763
25-11-2024	Gujarat	Khambhat(Veg Yard Khambhat)	Potato	3000	3810
03-08-2023	Uttar Pradesh	Ghiraur	Onion	1350	1563
28-04-2025	Tamilnadu	Pennagaram(Uzhavar Sandhai )	Onion	3000	536
02-07-2023	Uttar Pradesh	Ahirora	Wheat	2260	2960
27-11-2023	Orissa	Kamakhyanagar	Onion	5500	2819
05-03-2024	Uttar Pradesh	Lalitpur	Onion	1270	4988
14-04-2024	Uttar Pradesh	Barabanki	Onion	1760	219
16-05-2024	Uttar Pradesh	Basti	Potato	1750	3014
17-08-2023	Madhya Pradesh	Rehli	Wheat	2350	2258
11-09-2023	Punjab	Bhawanigarh	Tomato	1100	4212
21-10-2024	Orissa	Jharsuguda	Potato	3500	319
14-02-2025	Kerala	Pala	Onion	4200	4070
22-06-2023	Madhya Pradesh	A lot	Wheat	2230	4568
27-03-2025	Gujarat	Dahod(Veg. Market)	Onion	1200	4116
03-06-2025	Haryana	Rohtak	Potato	500	752
03-04-2024	Gujarat	Jamnagar	Onion	925	2110
24-05-2025	Uttar Pradesh	Mauranipur	Onion	970	3862
19-06-2023	Karnataka	Bangalore	Onion	1500	2624
02-07-2023	Orissa	Angul(Jarapada)	Onion	2000	4068
03-01-2024	Kerala	Kottayam	Potato	3000	1469
30-01-2025	Himachal Pradesh	Solan	Potato	950	2968
20-04-2025	Tamilnadu	Palani(Uzhavar Sandhai )	Onion	2800	4495
19-10-2023	Uttar Pradesh	Tundla	Wheat	2425	790
27-03-2025	Tamilnadu	Dindigul(Uzhavar Sandhai )	Onion	3000	1296
05-12-2024	West Bengal	Belacoba	Potato	2450	1032
26-10-2023	Haryana	Sirsa	Onion	3800	3430
04-02-2025	Tamilnadu	Avallapalli(Uzhavar Sandhai )	Potato	3500	1857
13-11-2024	Uttar Pradesh	Chitwadagaon	Potato	2160	4970
19-06-2023	Madhya Pradesh	Harsood	Wheat	2250	747
23-08-2023	Uttar Pradesh	Jasvantnagar	Potato	1050	929
22-12-2023	Uttar Pradesh	Buland Shahr	Potato	720	2581
22-04-2025	Uttar Pradesh	Azamgarh	Onion	1520	653
14-06-2023	Nagaland	Kohima	Potato	3100	2712
17-04-2025	Gujarat	Nadiad	Potato	1150	3950
22-06-2023	Uttar Pradesh	Sirsa	Tomato	1450	468
14-06-2023	Maharashtra	Nagpur	Onion	1875	1204
15-12-2023	Orissa	Saharpada	Potato	2000	3361
13-09-2024	Haryana	Dhand	Onion	3950	3927
25-11-2023	Haryana	Pundri	Potato	850	4225
28-05-2025	Uttar Pradesh	Gurusarai	Onion	1160	4169
16-07-2023	Madhya Pradesh	Rajgarh	Wheat	2150	1904
30-11-2024	Orissa	Koraput	Potato	3200	3067
18-11-2023	Assam	Golagokarnath	Onion	3740	4073
01-01-2024	Madhya Pradesh	Kasrawad	Wheat	2530	4248
14-07-2023	West Bengal	Belacoba	Onion	2400	4916
30-01-2024	West Bengal	Nadia	Onion	2300	4137
06-03-2025	Rajasthan	Udaipur (F&V)	Potato	900	561
02-08-2023	Madhya Pradesh	Badwaha	Onion	800	558
26-01-2024	Haryana	Jagadhri	Onion	1750	4455
22-03-2025	Uttar Pradesh	Siyana	Potato	1030	2674
03-10-2023	Haryana	Ratia	Onion	2000	2036
22-07-2024	Tamilnadu	Tiruthuraipoondi(Uzhavar Sandhai )	Potato	4000	3089
05-04-2024	Rajasthan	Hanumangarh	Potato	1100	2159
28-07-2023	Madhya Pradesh	Biaora	Potato	1000	1008
16-06-2023	Madhya Pradesh	Datia	Wheat	2230	4929
28-08-2024	Punjab	Banga	Onion	3996	1679
09-11-2023	Haryana	Bhiwani	Onion	2450	1979
30-10-2023	Rajasthan	Pratapgarh	Wheat	2375	4385
09-04-2024	Kerala	North Paravur	Onion	4000	938
13-08-2023	Assam	Lakhimpur	Potato	1200	2485
30-04-2025	Uttar Pradesh	Hapur	Potato	1120	572
10-06-2023	Orissa	Bargarh(Barapalli)	Potato	1700	1154
20-06-2023	Jammu & Kashmir	Akhnoor	Onion	1200	889
05-02-2024	Madhya Pradesh	Indore	Onion	180	1278
02-02-2024	Madhya Pradesh	Bichhiya	Wheat	2100	3320
12-07-2024	Maharashtra	Solapur	Potato	1900	4011
04-11-2024	Punjab	Bilga	Potato	1900	2807
22-10-2024	West Bengal	Kalyani	Onion	4700	3723
03-01-2025	Uttar Pradesh	Tilhar	Potato	1400	3596
08-01-2024	Maharashtra	Sangli(Phale, Bhajipura Market)	Potato	1500	1081
19-10-2024	Madhya Pradesh	Petlawad(F&V)	Potato	1385	2762
07-01-2025	Uttar Pradesh	Robertsganj	Potato	1340	3388
16-02-2024	Uttar Pradesh	Siyana	Potato	660	4238
06-04-2024	Himachal Pradesh	Hamirpur(Nadaun)	Onion	2750	3400
03-11-2023	Uttar Pradesh	Payagpur	Onion	4500	249
05-09-2023	Andhra Pradesh	Sadasivpet	Onion	1659	727
29-10-2023	Madhya Pradesh	Gorakhpur	Wheat	2250	1284
06-07-2023	Karnataka	Belgaum	Potato	2000	951
03-10-2023	Chattisgarh	Rajnandgaon	Potato	1500	3301
16-06-2023	Rajasthan	Iklera	Wheat	2190	548
29-02-2024	Himachal Pradesh	Dhanotu (Mandi)	Onion	2450	4984
06-04-2025	Uttar Pradesh	Sandila	Rice	3170	709
30-01-2025	Kerala	Manjeri	Potato	2850	3831
25-08-2023	Rajasthan	Alwar	Wheat	2280	2938
05-10-2024	Madhya Pradesh	Sarangpur	Onion	1900	1970
17-12-2023	Uttar Pradesh	Anandnagar	Potato	975	3035
28-03-2025	Uttar Pradesh	Hasanpur	Potato	750	2497
21-10-2023	Uttar Pradesh	Bangarmau	Onion	2000	1528
06-05-2024	Madhya Pradesh	Jaora	Onion	900	2872
02-12-2023	Rajasthan	Dooni	Wheat	2590	2864
23-11-2024	Gujarat	Rajkot(Veg.Sub Yard)	Onion	2300	4535
30-01-2025	Andhra Pradesh	Kalwakurthy	Potato	2200	2524
29-03-2025	Haryana	Farukh Nagar	Potato	900	2745
07-06-2024	Orissa	Pattamundai	Potato	2500	2948
30-08-2024	Tamilnadu	Singanallur(Uzhavar Sandhai )	Potato	7000	3475
29-08-2024	Uttar Pradesh	Divai	Potato	1400	4095
22-10-2024	Haryana	Barara	Potato	2200	1576
04-03-2025	Tamilnadu	Krishnagiri(Uzhavar Sandhai )	Onion	4000	1832
08-09-2024	Tamilnadu	Katpadi (Uzhavar Sandhai )	Potato	4000	3499
22-06-2023	West Bengal	Pandua	Onion	1550	3786
05-08-2024	Uttar Pradesh	Gorakhpur	Onion	3000	3195
01-10-2023	Uttar Pradesh	Naanpara	Onion	2100	4514
07-07-2023	Madhya Pradesh	Dhamnod	Tomato	5000	4269
25-09-2024	Kerala	Kayamkulam	Potato	3500	199
14-08-2024	Punjab	Dhuri	Onion	3000	279
07-03-2025	Kerala	Vamanapuram	Onion	4000	511
06-03-2025	Uttar Pradesh	Ballia	Potato	975	3452
28-06-2024	Madhya Pradesh	Ujjain	Potato	2400	4907
19-12-2023	Madhya Pradesh	Kumbhraj	Wheat	2425	3177
20-09-2024	Tamilnadu	Vedasanthur(Uzhavar Sandhai )	Onion	6600	2548
02-06-2025	Gujarat	Dahod	Rice	5500	4914
01-09-2023	Haryana	Iamailabad	Tomato	4500	913
01-03-2025	Karnataka	Chikkamagalore	Onion	3241	1200
30-10-2023	Maharashtra	Dhule	Wheat	2950	4640
30-04-2025	Uttar Pradesh	Bilsi	Onion	1400	1105
30-12-2023	Uttar Pradesh	Ahirora	Potato	720	4560
20-05-2025	Uttar Pradesh	Nawabganj	Potato	1275	3831
23-04-2024	Punjab	Bhawanigarh	Onion	1800	3249
06-03-2024	Haryana	Thanesar	Onion	2200	3490
22-03-2025	Gujarat	Dahod(Veg. Market)	Potato	1000	1227
10-04-2025	Tamilnadu	Tindivanam	Potato	2800	1455
11-08-2024	Uttar Pradesh	Unnao	Potato	2360	3358
06-07-2023	Uttar Pradesh	Siyana	Wheat	2180	1609
03-10-2024	Uttar Pradesh	Aligarh	Potato	2070	1012
12-01-2024	Kerala	Aluva	Potato	2600	1587
14-08-2024	Tamilnadu	Needamangalam(Uzhavar Sandhai )	Onion	4800	1680
30-09-2024	Tamilnadu	Rajapalayam(Uzhavar Sandhai )	Potato	4500	4323
27-03-2024	Madhya Pradesh	Indore	Potato	2025	3872
26-09-2024	Orissa	Bhawanipatna	Onion	4000	114
03-02-2024	Madhya Pradesh	Malthone	Wheat	2370	1268
24-12-2023	Haryana	New Grain Market(main), Karnal	Onion	1950	4695
25-07-2024	Madhya Pradesh	Sonkatch	Onion	651	4564
04-03-2024	Maharashtra	Hingna	Onion	2000	1359
19-01-2024	Karnataka	Hubli (Amaragol)	Onion	1000	253
28-05-2025	Punjab	Lehra Gaga	Potato	700	281
09-02-2025	Uttar Pradesh	Nawabganj	Onion	2180	916
26-04-2025	Tamilnadu	Coonoor(Uzhavar Sandhai )	Onion	3500	910
20-11-2024	Punjab	Nabha	Onion	3700	1446
06-09-2024	West Bengal	Jangipur	Onion	4010	1447
18-02-2025	Haryana	Rania	Potato	1000	288
04-08-2024	Tamilnadu	Usilampatty	Onion	4800	3578
27-02-2025	Gujarat	Kapadvanj	Onion	2100	1290
08-04-2024	Kerala	Vamanapuram	Potato	3200	1088
17-06-2023	Uttar Pradesh	Atarra	Potato	1060	215
04-06-2025	Uttar Pradesh	Viswan	Onion	1210	1258
25-05-2025	Tamilnadu	Theni(Uzhavar Sandhai )	Potato	3000	1545
09-04-2025	Uttar Pradesh	Bahraich	Onion	1600	1695
13-10-2023	Uttar Pradesh	Payagpur	Potato	800	980
12-02-2025	Tamilnadu	Karur(Uzhavar Sandhai )	Potato	5000	1833
06-07-2023	Orissa	Kamakhyanagar	Potato	2000	2632
27-11-2023	Uttar Pradesh	Gonda	Wheat	2540	1450
26-06-2023	Rajasthan	Hanumangarh	Wheat	2155	196
14-08-2023	Madhya Pradesh	Bina	Wheat	2470	2399
29-01-2024	Himachal Pradesh	Santoshgarh	Potato	700	3566
28-05-2024	Uttar Pradesh	Wazirganj	Onion	1380	2441
15-09-2023	Maharashtra	Achalpur	Wheat	2400	1254
12-01-2024	Madhya Pradesh	Datia	Wheat	2510	2896
04-09-2024	Assam	Lakhimpur	Onion	3785	794
09-11-2023	Uttar Pradesh	Puwaha	Potato	980	2503
02-08-2024	Haryana	Barara	Potato	2300	3047
10-12-2024	Uttar Pradesh	Nagina	Potato	2000	2745
01-03-2025	Haryana	Jagadhri	Onion	2850	4890
20-07-2023	Kerala	Athirampuzha	Onion	2300	2385
24-06-2024	Tamilnadu	Rasipuram	Potato	50	3073
26-10-2024	Tamilnadu	Thalavaipuram(Uzhavar Sandhai )	Onion	7000	2995
05-04-2025	Uttar Pradesh	Sandi	Onion	1840	1219
18-04-2025	Maharashtra	Murud	Rice	2600	2967
06-04-2024	Uttar Pradesh	Unnao	Onion	1700	3870
15-05-2025	Tamilnadu	Kambam(Uzhavar Sandhai )	Onion	2400	3153
19-03-2025	Uttar Pradesh	Wazirganj	Potato	875	4476
26-06-2023	Kerala	Kottakkal	Potato	2650	3162
22-02-2024	Punjab	Jaitu	Onion	2700	2289
24-07-2023	Maharashtra	Jalgaon	Potato	1100	1564
07-05-2025	West Bengal	Bishnupur(Bankura)	Onion	1400	1422
30-11-2023	Madhya Pradesh	Kareli	Wheat	2463	332
21-10-2024	Uttar Pradesh	Varanasi	Potato	2170	862
24-02-2024	Kerala	Mannar	Onion	2600	3879
14-02-2024	Orissa	Hindol	Potato	1700	3924
07-03-2025	Kerala	Chengannur	Onion	3500	1627
06-12-2023	West Bengal	Chakdah	Potato	1620	3637
31-05-2024	Haryana	Siwan	Onion	1800	4439
10-07-2023	Haryana	kalanwali	Onion	6000	313
21-01-2025	Uttar Pradesh	Bahraich	Potato	1250	2856
27-07-2023	Madhya Pradesh	Sanawad	Wheat	2425	1496
27-07-2024	Madhya Pradesh	Badnagar	Onion	400	715
19-10-2023	Madhya Pradesh	Sagar(F&V)	Potato	1200	731
11-09-2023	Kerala	Chala	Tomato	2500	3531
20-08-2024	Punjab	Dasuya	Potato	2200	2615
07-11-2023	Bihar	Aarah	Potato	1600	3765
16-12-2023	Madhya Pradesh	Pipariya	Potato	900	4337
26-07-2024	Tamilnadu	Krishnagiri(Uzhavar Sandhai )	Potato	4400	2527
20-02-2025	Maharashtra	Pimpalgaon Baswant(Saykheda)	Onion	2150	1827
09-02-2024	Orissa	Chandabali	Onion	2400	4425
22-02-2025	Tamilnadu	Gudiyatham(Uzhavar Sandhai )	Potato	4000	1579
19-07-2024	Kerala	Thalasserry	Onion	3800	427
07-11-2024	Punjab	Mukerian(Talwara)	Onion	5000	4561
01-04-2025	Uttar Pradesh	Anwala	Potato	800	4821
04-07-2023	Uttar Pradesh	Rasda	Tomato	5850	844
09-11-2023	Kerala	Alappuzha	Onion	9600	4163
07-10-2024	Uttar Pradesh	Auraiya	Onion	4320	183
10-11-2024	Tamilnadu	Gobichettipalayam(Uzhavar Sandhai )	Potato	4800	1383
14-06-2023	Maharashtra	Amrawati(Frui & Veg. Market)	Onion	1700	1254
08-06-2025	Uttar Pradesh	Gadaura	Onion	1300	4032
06-05-2025	Tamilnadu	Perundurai(Uzhavar Sandhai )	Potato	3600	4533
27-07-2024	Tamilnadu	Singanallur(Uzhavar Sandhai )	Onion	4200	4301
19-03-2025	Assam	Golagokarnath	Onion	2530	1282
22-11-2023	Uttar Pradesh	Bindki	Wheat	2550	1364
25-05-2025	Gujarat	Kapadvanj	Potato	1175	3627
19-06-2023	Haryana	Siwan	Tomato	1400	1520
20-07-2023	West Bengal	Jalpaiguri Sadar	Onion	2100	460
07-10-2023	Madhya Pradesh	Harpalpur	Wheat	2300	2277
16-09-2023	Uttar Pradesh	Ghaziabad	Potato	1300	3282
09-08-2024	Punjab	Gurdaspur	Potato	1900	3895
31-08-2024	Orissa	Bargarh(Barapalli)	Onion	4100	2177
18-10-2023	Uttar Pradesh	Visoli	Potato	800	2297
22-12-2023	Rajasthan	Sujangarh	Potato	1600	3106
07-04-2024	Maharashtra	Vai	Onion	1100	3231
12-03-2024	Punjab	Dinanagar	Onion	1600	4059
01-06-2024	Haryana	New Grain Market(main), Karnal	Potato	1400	4061
21-07-2024	Uttar Pradesh	Sultanpur	Onion	2850	3898
05-07-2024	Uttar Pradesh	Etawah	Potato	1970	2224
04-06-2024	Haryana	Panipat	Onion	1000	2413
25-07-2024	Karnataka	Udupi	Onion	3500	2319
31-05-2025	Uttar Pradesh	Purwa	Potato	1250	3767
06-08-2024	Maharashtra	Pune(Pimpri)	Onion	2400	3817
30-12-2023	Karnataka	Hubli (Amaragol)	Wheat	3958	2148
19-03-2024	Uttar Pradesh	Muzzafarnagar	Potato	1300	4784
10-06-2023	Madhya Pradesh	Shahagarh	Wheat	2200	2422
07-11-2023	Uttar Pradesh	Muradabad	Potato	930	1896
02-09-2023	Maharashtra	Vai	Onion	1750	984
19-04-2024	Madhya Pradesh	Akodiya	Onion	700	4369
03-05-2024	Punjab	Tanda Urmur	Potato	1900	3852
27-02-2024	Himachal Pradesh	Mandi(Mandi)	Potato	900	2469
24-09-2024	Uttar Pradesh	Chitwadagaon	Onion	4020	4979
26-09-2023	Haryana	Narwana	Onion	1700	2433
11-09-2023	Haryana	Madlauda	Onion	2100	2858
16-06-2023	Uttar Pradesh	Lalitpur	Onion	1040	2471
28-05-2025	Uttar Pradesh	Ghiraur	Onion	1125	4716
10-02-2024	West Bengal	Dhupguri	Onion	2000	3009
18-03-2024	Uttar Pradesh	Gorakhpur	Onion	2000	4651
22-08-2024	Tamilnadu	Palanganatham(Uzhavar Sandhai )	Potato	6500	1472
23-08-2023	Maharashtra	Gangakhed	Wheat	2500	4764
15-06-2023	Uttar Pradesh	Wazirganj	Tomato	750	3439
14-02-2024	Maharashtra	Nandgaon	Onion	1150	3961
06-09-2023	Uttar Pradesh	Purwa	Wheat	2305	3546
28-04-2024	Uttar Pradesh	Visoli	Potato	900	2016
18-01-2025	Uttar Pradesh	Ahirora	Potato	1300	2879
12-05-2025	West Bengal	Sainthia	Rice	3500	355
06-02-2025	Punjab	Jagraon	Onion	2100	1500
10-07-2023	Maharashtra	Purna	Wheat	2100	719
29-01-2024	Kerala	Munnar	Onion	4500	708
08-02-2025	Uttar Pradesh	Etah	Potato	1100	995
13-09-2024	West Bengal	Durgapur	Onion	4300	150
27-08-2023	Orissa	Chandabali	Potato	1850	1481
22-08-2023	Haryana	New Grain Market , Panchkula	Potato	2500	4938
06-05-2025	Kerala	Kondotty	Potato	3000	3277
03-04-2025	Himachal Pradesh	Una	Onion	2250	3639
22-04-2024	West Bengal	Moynaguri	Onion	2200	3043
11-08-2023	Kerala	Thalayolaparambu	Potato	3400	894
10-04-2025	Kerala	Parappanangadi	Onion	4100	997
22-07-2023	Maharashtra	Chandrapur(Ganjwad)	Tomato	5500	2741
25-11-2023	Bihar	Bahadurganj	Onion	4100	4887
17-10-2024	Haryana	Cheeka	Potato	1200	810
18-11-2024	Madhya Pradesh	Chindwara(F&V)	Onion	2500	475
22-03-2024	Andhra Pradesh	Pattikonda	Onion	1200	2099
06-10-2023	Uttar Pradesh	Gulavati	Onion	2000	2462
15-02-2025	Uttar Pradesh	Tulsipur	Potato	1080	3355
06-07-2023	Gujarat	Rajkot(Veg.Sub Yard)	Tomato	7250	688
11-09-2023	Uttar Pradesh	Atrauli	Potato	900	2266
06-04-2024	Kerala	Kollam	Onion	2300	2216
13-06-2023	Rajasthan	Sri Karanpur	Wheat	2100	3299
22-02-2025	Kerala	Broadway market	Onion	3700	2166
08-03-2025	Tamilnadu	Harur(Uzhavar Sandhai )	Onion	4000	1779
27-07-2023	Gujarat	Ankleshwar	Onion	1300	3857
01-04-2024	West Bengal	Falakata	Potato	1300	251
25-12-2024	Uttar Pradesh	Atarra	Potato	1720	2067
13-12-2023	Uttar Pradesh	Mehrauni	Wheat	2140	2579
27-10-2023	Orissa	Hinjilicut	Potato	2000	753
03-10-2024	Maharashtra	Lonand	Onion	2600	4270
13-02-2024	West Bengal	Pandua	Potato	1020	1627
18-04-2024	Uttar Pradesh	Sikarpur	Onion	1600	1306
06-06-2023	Uttar Pradesh	Pratapgarh	Onion	617	3019
18-12-2024	Kerala	Kottakkal	Potato	3700	2281
12-02-2024	Kerala	Moovattupuzha	Onion	2400	4203
06-11-2023	Uttar Pradesh	Auraiya	Onion	3620	516
03-05-2025	Punjab	Phillaur(Apra Mandi)	Onion	1500	623
30-07-2024	Karnataka	Chikkamagalore	Onion	3508	2488
02-08-2023	Karnataka	Bidar	Wheat	3100	2028
25-07-2024	Uttar Pradesh	Gorakhpur	Potato	2425	672
02-06-2025	Tamilnadu	Kulithalai(Uzhavar Sandhai )	Onion	3000	1139
22-05-2024	Uttar Pradesh	Sandila	Potato	1760	2707
22-04-2025	Uttar Pradesh	Bilsi	Onion	1580	3610
16-10-2024	Haryana	Sohna	Potato	2000	3682
07-06-2025	Punjab	Faridkot	Onion	1000	334
27-09-2024	Himachal Pradesh	Kangra(Baijnath)	Potato	2800	4820
25-08-2024	Kerala	Kanjirappally	Potato	5200	2636
06-08-2023	Uttar Pradesh	Moth	Potato	1280	1733
02-06-2025	Madhya Pradesh	Ujjain	Onion	300	1207
23-04-2024	Karnataka	Bangalore	Onion	1400	2379
16-09-2023	Uttar Pradesh	Awagarh	Potato	900	2522
18-02-2025	Tamilnadu	Namakkal(Uzhavar Sandhai )	Onion	4500	1755
24-05-2024	Kerala	Thodupuzha	Onion	5000	3357
05-05-2024	Himachal Pradesh	Maudaha	Potato	2250	1213
09-12-2023	West Bengal	Ramkrishanpur(Howrah)	Onion	5000	4690
02-06-2025	Uttar Pradesh	Hardoi	Onion	1165	2444
04-09-2023	Uttar Pradesh	Vilthararoad	Onion	1550	3476
15-02-2025	Tamilnadu	Denkanikottai(Uzhavar Sandhai )	Onion	4000	2085
24-06-2024	Kerala	Kottayam	Potato	4200	1139
19-10-2024	Orissa	Kesinga	Onion	6000	1979
16-10-2023	Haryana	Tauru	Potato	1000	3853
01-07-2023	Kerala	Thodupuzha	Onion	7500	2629
07-12-2023	Himachal Pradesh	Bharuasumerpur	Potato	900	1866
29-01-2025	Uttar Pradesh	Jalalabad	Potato	850	1605
16-02-2025	Tamilnadu	Thammampatti (Uzhavar Sandhai )	Onion	5500	4919
09-06-2025	Tamilnadu	Perambalur(Uzhavar Sandhai )	Potato	3600	3296
11-01-2025	Andhra Pradesh	Kalwakurthy	Potato	2400	4412
27-03-2025	Haryana	New Grain Market , Panchkula	Potato	1600	124
27-02-2024	 Punjab	Fazilka	Onion	1800	4885
07-08-2023	Rajasthan	Bhadara	Onion	1200	2080
20-01-2024	Bihar	Aarah	Potato	1200	3309
06-08-2024	Uttar Pradesh	Bhinga	Potato	2400	262
02-06-2025	Uttar Pradesh	Mainpuri	Onion	1125	3395
11-03-2024	Uttar Pradesh	Jasvantnagar	Potato	1200	3693
20-09-2023	West Bengal	Champadanga	Onion	2750	539
20-05-2024	Haryana	Punhana	Potato	1500	354
13-02-2025	Uttar Pradesh	Payagpur	Potato	1100	2344
21-01-2024	Haryana	Gohana	Potato	550	3609
09-10-2024	Tamilnadu	Gudalur(Uzhavar Sandhai )	Potato	6000	2415
01-11-2023	Andhra Pradesh	Miryalguda(Rythu Bazar)	Onion	7000	2484
12-03-2025	Haryana	Ch. Dadri	Onion	1650	1104
21-09-2023	Bihar	Piro	Onion	2450	1982
03-11-2023	Gujarat	Porbandar	Wheat	2760	2271
17-03-2025	Uttar Pradesh	Shahaswan	Potato	1000	3217
30-07-2024	Punjab	Mukerian	Potato	2800	3928
10-10-2023	Kerala	Nedumkandam	Onion	3000	4321
14-12-2023	Punjab	Dhariwal	Onion	2800	3451
04-08-2023	Uttar Pradesh	Anoop Shahar	Onion	1600	3533
18-03-2025	Himachal Pradesh	Bharuasumerpur	Potato	1150	3157
06-06-2024	Uttar Pradesh	Anandnagar	Potato	1350	1547
11-09-2024	Tamilnadu	Melapalayam(Uzhavar Sandhai )	Potato	4200	686
11-08-2023	Uttar Pradesh	Jaunpur	Tomato	8200	1089
20-02-2025	Kerala	Athirampuzha	Potato	3100	2319
25-04-2025	Uttar Pradesh	Naanpara	Potato	1550	3527
18-03-2025	Uttar Pradesh	Mugrabaadshahpur	Onion	2570	1523
08-06-2025	Delhi	Keshopur	Potato	1300	2074
21-03-2024	Gujarat	Rajkot(Veg.Sub Yard)	Onion	1250	1135
20-05-2024	Punjab	Ludhiana	Potato	850	4386
12-04-2024	Kerala	Chengannur	Potato	4200	4653
11-09-2024	Tamilnadu	Mayiladuthurai(Uzhavar Sandhai )	Onion	6000	4749
20-11-2023	Uttar Pradesh	Khaga	Wheat	2430	503
28-11-2024	Tamilnadu	Avallapalli(Uzhavar Sandhai )	Potato	5000	2780
03-10-2024	Uttar Pradesh	Sambhal	Potato	2300	2277
05-11-2024	Himachal Pradesh	Kangra(Nagrota Bagwan)	Potato	2600	2718
01-03-2025	Tamilnadu	Padappai(Uzhavar Sandhai )	Potato	4500	1683
21-06-2023	Haryana	Punhana	Potato	1000	2048
20-06-2024	Kerala	Aroor	Potato	4300	1517
10-09-2023	Jammu & Kashmir	Batote	Tomato	2400	1283
29-11-2023	Uttar Pradesh	Dhanaura	Potato	900	3255
19-01-2024	Rajasthan	Kota (F&V)	Potato	625	850
22-11-2023	Gujarat	Kapadvanj	Wheat	2550	4425
08-10-2024	West Bengal	Uluberia	Onion	5400	2654
26-10-2023	Madhya Pradesh	Shajapur(F&V)	Onion	3500	3792
14-10-2023	Madhya Pradesh	Simariya	Wheat	2290	3349
23-08-2024	Gujarat	Vadhvan	Potato	2750	4925
25-05-2024	Bihar	Tajpur	Onion	2000	4748
27-09-2023	West Bengal	Beldanga	Potato	1480	3181
10-11-2024	Tamilnadu	Kahithapattarai(Uzhavar Sandhai )	Potato	5000	2294
09-08-2023	Rajasthan	Mandawari	Wheat	2360	4100
26-06-2023	Uttar Pradesh	Bareilly	Onion	1155	4911
22-12-2023	West Bengal	Asansol	Potato	1500	2958
17-08-2023	Madhya Pradesh	Chhindwara(F&V)	Potato	1400	2140
22-10-2024	Tamilnadu	Melapalayam(Uzhavar Sandhai )	Onion	6000	1578
05-08-2024	Tamilnadu	Karaikudi(Uzhavar Sandhai )	Potato	5500	2951
22-11-2024	Maharashtra	Akola	Onion	3000	1231
28-09-2024	Uttar Pradesh	Divai	Potato	1300	1351
20-02-2024	Orissa	Kamakhyanagar	Onion	2000	1495
08-10-2024	Tamilnadu	Sivagangai (Uzhavar Sandhai )	Onion	6500	4111
10-08-2024	Tamilnadu	Chinnalapatti(Uzhavar Sandhai )	Onion	4500	4678
12-01-2024	Uttar Pradesh	Chorichora	Potato	800	1882
20-10-2023	Uttar Pradesh	Bharthna	Potato	900	4884
22-12-2024	Tamilnadu	Dindigul(Uzhavar Sandhai )	Potato	5000	1480
21-10-2023	Gujarat	Amreli	Wheat	2650	4679
28-09-2024	West Bengal	Asansol	Potato	2370	3776
29-02-2024	Rajasthan	Jodhpur (F&V)	Potato	700	963
27-05-2024	Maharashtra	Hingna	Potato	2000	3684
21-03-2024	Punjab	Samrala	Onion	2000	2526
21-05-2025	Bihar	Jamui	Potato	1100	2963
30-07-2023	Maharashtra	Karjat(Raigad)	Onion	1000	4153
18-03-2025	Tamilnadu	Dharmapuri(Uzhavar Sandhai )	Onion	3200	2995
24-07-2023	Maharashtra	Kaij	Wheat	2451	3656
23-03-2024	Kerala	Chathanoor	Potato	4000	2951
19-12-2023	Kerala	Perinthalmanna	Potato	3000	457
12-04-2024	West Bengal	Beldanga	Potato	1350	3820
01-06-2024	Punjab	Dhariwal	Potato	800	1885
11-05-2024	Nagaland	Kohima	Potato	3100	3719
02-08-2023	Maharashtra	Pune(Manjri)	Tomato	7700	786
18-04-2025	Uttar Pradesh	Rampur	Potato	1120	1391
22-05-2025	Uttar Pradesh	Bilsi	Potato	1120	2115
16-10-2023	Orissa	Attabira	Potato	1800	2591
25-01-2024	Gujarat	Dhrol	Wheat	2665	1105
07-11-2023	Madhya Pradesh	Hoshangabad	Potato	1210	1055
02-07-2023	Punjab	Bhawanigarh	Tomato	4000	1113
13-06-2024	Bihar	Jahajharpur	Potato	2600	1164
22-01-2025	Gujarat	Ahmedabad(Chimanbhai Patal Market Vasana)	Potato	1750	2349
07-02-2025	Himachal Pradesh	Kangra(Jaisinghpur)	Onion	3000	4771
27-01-2024	Uttar Pradesh	Tulsipur	Onion	2085	622
12-06-2023	Rajasthan	Rajsamand	Onion	1100	3910
24-01-2024	Assam	Lakhimpur	Onion	1800	2576
07-04-2025	Tamilnadu	Ulundurpettai	Potato	4000	3232
18-07-2023	Madhya Pradesh	Badnawar(F&V)	Onion	700	779
16-03-2025	Uttar Pradesh	Khaga	Potato	1150	897
06-12-2023	Haryana	Gharaunda	Potato	1000	1171
15-03-2025	Rajasthan	Hanumangarh(Urlivas)	Potato	800	4485
07-06-2025	Tamilnadu	Sivakasi(Uzhavar Sandhai )	Potato	5500	1359
25-07-2023	Karnataka	Koppal	Potato	2000	3103
03-10-2024	Uttar Pradesh	Hasanpur	Onion	1850	2693
03-04-2024	Maharashtra	Sangli(Phale, Bhajipura Market)	Onion	1100	462
20-05-2024	Karnataka	Bangalore	Onion	1900	2085
04-09-2024	Uttar Pradesh	Bijnaur	Onion	3550	1972
25-09-2023	Uttar Pradesh	Gurusarai	Potato	1210	139
20-04-2025	Tamilnadu	Ulundurpettai	Potato	4000	3333
22-03-2025	West Bengal	Asansol	Potato	1100	4741
06-07-2024	Kerala	Perumbavoor	Potato	3500	4620
20-05-2024	Madhya Pradesh	Narsinghgarh	Onion	1410	284
28-08-2024	Haryana	Sonepat(Kharkhoda)	Onion	3250	1890
24-04-2024	Haryana	Cheeka	Potato	1500	1085
10-02-2024	Orissa	Jharsuguda	Potato	2000	2753
06-06-2025	Tamilnadu	Karur(Uzhavar Sandhai )	Onion	3000	2330
24-03-2025	Uttar Pradesh	Balrampur	Onion	1880	1730
06-11-2023	Madhya Pradesh	Alirajpur	Wheat	2700	4433
06-04-2024	Uttar Pradesh	Sandi	Potato	1420	3215
14-07-2024	Uttar Pradesh	Fatehpur	Potato	2400	4030
18-09-2023	Punjab	Amritsar(Amritsar Mewa Mandi)	Tomato	600	2915
01-02-2024	Kerala	Kollam	Potato	2900	3083
24-11-2024	Uttar Pradesh	Unnao	Onion	4025	3502
18-11-2024	Maharashtra	Pune	Onion	4250	1652
24-08-2024	Maharashtra	Pimpalgaon	Onion	3780	2135
28-05-2025	Rajasthan	Kota (F&V)	Potato	1000	1757
27-12-2023	Gujarat	Ahmedabad(Chimanbhai Patal Market Vasana)	Potato	1200	370
28-10-2024	Uttar Pradesh	Akbarpur	Onion	3980	3011
29-08-2024	Uttar Pradesh	Akbarpur	Potato	2350	2517
10-02-2024	Uttar Pradesh	Gazipur	Potato	715	974
23-03-2025	Maharashtra	Vita	Potato	2000	2595
18-01-2024	Andhra Pradesh	Pattikonda	Onion	1500	295
04-04-2024	West Bengal	Belacoba	Potato	1500	509
23-09-2023	Uttar Pradesh	Fatehpur Sikri	Wheat	2350	3981
02-07-2024	Karnataka	Hubli (Amaragol)	Potato	3000	4941
10-07-2024	Gujarat	Surat	Potato	2250	530
18-09-2023	Rajasthan	Udaipur (Grain)	Wheat	2250	1379
18-04-2024	Gujarat	Rajkot(Veg.Sub Yard)	Potato	2250	2509
12-07-2023	Nagaland	Tenning	Potato	2500	259
13-02-2024	West Bengal	Bara Bazar (Posta Bazar)	Onion	1920	3141
08-09-2023	Madhya Pradesh	Sheopurbadod	Wheat	2371	704
24-08-2024	Uttar Pradesh	Khekda	Onion	3600	2135
02-04-2025	Kerala	Piravam	Onion	3500	4328
06-01-2025	Rajasthan	Sujangarh	Potato	1900	1467
27-09-2024	Haryana	Gharaunda	Onion	5000	4122
06-04-2025	Haryana	Dhand	Onion	1750	2921
23-10-2023	West Bengal	Champadanga	Onion	3200	3140
05-08-2023	Madhya Pradesh	Khujner	Wheat	2395	2765
16-06-2023	Maharashtra	Jalgaon	Potato	1000	2881
20-02-2025	Uttar Pradesh	Hardoi	Onion	2410	3196
07-10-2023	Haryana	Gharaunda	Potato	2500	4119
19-10-2023	Rajasthan	Kawai Salpura (Atru)	Wheat	2500	4316
20-09-2023	Orissa	Hinjilicut	Onion	3000	3725
27-12-2023	Gujarat	Rajkot(Veg.Sub Yard)	Onion	655	2296
31-07-2024	Chattisgarh	Rajnandgaon	Onion	3000	1196
24-03-2025	Rajasthan	Jaipur (F&V)	Potato	1050	3262
14-08-2023	Kerala	Kothamangalam	Onion	2800	362
05-09-2023	Uttar Pradesh	Gadaura	Onion	1300	3463
28-04-2025	Madhya Pradesh	Shujalpur	Onion	800	2912
08-09-2023	Haryana	Kosli	Potato	1200	4260
16-05-2024	Andhra Pradesh	Bowenpally	Potato	2300	4466
14-08-2023	Uttar Pradesh	Jafarganj	Potato	1200	4006
25-08-2023	Orissa	Angul(Atthamallick)	Tomato	7000	3676
13-12-2024	Haryana	Ganaur	Potato	1800	3692
05-08-2023	Maharashtra	Solapur	Tomato	5500	2138
29-05-2025	Bihar	Tajpur	Onion	1500	2527
14-02-2025	Kerala	Aroor	Potato	3900	2498
29-07-2024	West Bengal	Pandua	Onion	3400	3313
07-05-2025	Punjab	Tanda Urmur	Potato	1000	4895
02-05-2025	Rajasthan	Pratapgarh	Rice	3125	2254
25-09-2023	Uttar Pradesh	Chandoli	Onion	2180	1934
30-08-2023	Madhya Pradesh	Gandhwani	Wheat	2520	2471
27-06-2023	Kerala	Vandiperiyar	Potato	1400	3195
16-08-2023	Madhya Pradesh	Hanumana	Wheat	2200	2537
28-12-2023	Rajasthan	Barodamev	Wheat	2328	920
09-04-2025	Tamilnadu	Vellore	Onion	2500	1611
05-12-2023	Orissa	Keonjhar(Dhekikote)	Potato	2000	2002
22-07-2023	Haryana	Gurgaon	Potato	1000	1601
07-06-2023	Punjab	Phagwara	Onion	1431	4478
01-06-2024	Uttar Pradesh	Khaga	Potato	1800	2667
11-06-2024	Haryana	Shahabad	Potato	1500	3911
19-08-2023	Gujarat	Vadhvan	Potato	1525	4634
20-10-2023	Orissa	Kendrapara(Marshaghai)	Potato	1600	1536
13-12-2023	Rajasthan	Pratapgarh	Onion	3325	4694
06-06-2025	West Bengal	Kasipur	Onion	1600	3692
05-06-2025	Uttar Pradesh	Balrampur	Potato	1265	3906
10-01-2024	Maharashtra	Solapur	Wheat	2920	4704
16-01-2025	Haryana	Barara	Potato	1000	1730
12-08-2024	Kerala	Athirampuzha	Onion	4900	1754
15-12-2024	Orissa	Chandabali	Potato	3200	4673
06-04-2025	West Bengal	Kasipur	Rice	3560	3033
09-03-2024	Himachal Pradesh	Bharuasumerpur	Potato	1120	4592
20-04-2024	Uttar Pradesh	Chaandpur	Potato	1200	4783
07-06-2025	Himachal Pradesh	Muskara	Onion	1150	2164
08-10-2023	Madhya Pradesh	Deori	Onion	1600	171
24-10-2023	Haryana	Ladwa	Onion	2300	3078
21-12-2024	Tamilnadu	Gingee(Uzhavar Sandhai )	Potato	4800	4762
28-11-2024	West Bengal	Birbhum	Onion	4400	826
29-09-2023	Maharashtra	Katol	Wheat	2531	3037
13-09-2023	West Bengal	Barasat	Onion	2900	938
24-02-2025	West Bengal	Jalpaiguri Sadar	Potato	1200	4761
15-01-2025	Punjab	Nabha	Potato	900	539
17-09-2024	Uttar Pradesh	Chandoli	Onion	3600	4870
04-09-2024	Uttar Pradesh	Sambhal	Onion	2050	2300
04-01-2024	Punjab	Rayya	Onion	3500	1287
25-06-2023	Uttar Pradesh	Nawabganj	Tomato	2700	2106
06-04-2024	Assam	Lakhimpur	Onion	1760	898
31-07-2023	Haryana	Dharsul	Onion	1100	4141
22-03-2024	Uttar Pradesh	Barabanki	Onion	1940	1095
20-03-2025	Tamilnadu	Mannargudi I(Uzhavar Sandhai )	Onion	4000	1307
28-02-2024	Haryana	Jakhal	Potato	500	2742
06-11-2023	West Bengal	Belacoba	Onion	4600	1205
25-02-2025	Tamilnadu	Paramathivelur(Uzhavar Sandhai )	Potato	4000	3687
23-08-2024	Uttar Pradesh	Najibabad	Onion	2000	1787
04-12-2024	Karnataka	Bangalore	Onion	6500	2856
20-03-2024	Kerala	Kottakkal	Onion	2850	1455
30-04-2024	Orissa	Bargarh(Barapalli)	Onion	2400	276
14-01-2025	Punjab	Malout	Potato	700	4174
14-03-2025	Kerala	Parappanangadi	Onion	4100	2096
19-04-2024	Uttar Pradesh	Nautnava	Onion	1800	2805
02-11-2023	Madhya Pradesh	Khujner	Wheat	2530	1652
27-05-2025	Tamilnadu	Anaiyur(Uzhavar Sandhai )	Potato	5000	1126
15-04-2024	Madhya Pradesh	Morena	Potato	1500	2680
06-03-2024	Uttar Pradesh	Baraut	Potato	750	2481
08-03-2025	Haryana	Cheeka	Potato	650	1335
06-07-2023	Orissa	Rayagada	Potato	1600	1872
25-03-2025	Maharashtra	Satara	Potato	1500	3552
30-10-2024	Tamilnadu	Tirupatthur(Uzhavar Sandhai )	Onion	7000	1867
22-01-2024	Uttar Pradesh	Ahirora	Wheat	2550	834
18-04-2024	Himachal Pradesh	Kangra(Jassour)	Potato	1450	4908
10-11-2023	Uttar Pradesh	Fatehpur	Wheat	2445	4433
31-10-2023	West Bengal	Moynaguri	Onion	5500	4397
13-08-2024	Haryana	Mustafabad	Onion	2600	3155
28-02-2025	Tamilnadu	Tiruchengode	Onion	5000	728
26-09-2024	Punjab	Dasuya	Potato	2200	2071
03-08-2023	Punjab	Malout	Potato	900	4654
01-07-2023	Himachal Pradesh	Palampur	Onion	2350	2329
26-03-2024	Himachal Pradesh	Muskara	Potato	1330	2868
14-02-2024	Assam	Lakhimpur	Onion	1480	2255
07-10-2023	Maharashtra	Pune(Khadiki)	Potato	1400	4295
21-06-2023	Uttar Pradesh	Auraiya	Wheat	2210	1913
01-08-2024	Punjab	Noor Mehal	Potato	1500	2742
21-03-2025	Tamilnadu	Melur(Uzhavar Sandhai )	Onion	3600	4110
14-08-2023	Haryana	Gohana	Potato	900	4156
27-03-2025	Tamilnadu	Pattukottai(Uzhavar Sandhai )	Potato	3600	2274
04-11-2023	Uttar Pradesh	Hardoi	Potato	1130	380
30-05-2024	Haryana	Sohna	Potato	2000	869
12-04-2025	Tamilnadu	Tiruvarur(Uzhavar Sandhai )	Potato	3200	414
13-07-2024	Tamilnadu	Kangeyam	Onion	4000	2303
02-09-2023	Haryana	Radaur	Onion	2000	651
13-04-2025	Himachal Pradesh	Bhuntar	Onion	2300	938
14-07-2024	Tamilnadu	Chengalpattu	Potato	4000	1007
05-10-2023	Uttar Pradesh	Gulavati	Onion	2100	2803
16-04-2024	Uttar Pradesh	Partaval	Potato	1545	2440
20-04-2025	Tamilnadu	Chinnamanur(Uzhavar Sandhai )	Potato	2800	3753
25-04-2024	Gujarat	Anand(Veg,Yard,Anand)	Potato	2600	4312
07-01-2025	Andhra Pradesh	Mahabubnagar(Rythu Bazar)	Potato	3200	929
15-06-2024	West Bengal	Jangipur	Potato	2275	711
25-10-2023	Uttar Pradesh	Rampurmaniharan	Potato	1231	1822
20-02-2025	Uttar Pradesh	Sambhal	Onion	2000	2454
01-05-2024	Uttar Pradesh	Banda	Onion	1600	2463
01-06-2024	Orissa	Khariar Road	Onion	2500	4541
27-06-2023	Orissa	Jharsuguda	Potato	2000	307
24-02-2025	Tamilnadu	Devaram(Uzhavar Sandhai )	Potato	3000	2251
08-08-2024	Karnataka	Shimoga	Potato	3800	4055
15-08-2023	Uttar Pradesh	Jahanabad	Wheat	2300	1888
28-12-2023	Assam	Golagokarnath	Wheat	2420	2905
17-01-2024	Uttar Pradesh	Sandi	Potato	680	1286
19-01-2025	West Bengal	Chakdah	Potato	1120	1977
20-09-2024	Tamilnadu	Sulur(Uzhavar Sandhai )	Onion	5800	3152
22-05-2024	Punjab	Jalandhar City(Jalandhar)	Potato	860	4563
03-08-2023	Himachal Pradesh	Kangra	Onion	2350	2304
22-08-2024	Kerala	Taliparamba	Onion	5000	2017
23-10-2023	Maharashtra	Lasalgaon(Vinchur)	Wheat	2545	4481
08-07-2023	Uttar Pradesh	Akbarpur	Tomato	7000	4109
22-11-2024	Rajasthan	Sangriya	Potato	1800	591
30-05-2025	Uttar Pradesh	Sandila	Onion	1150	1062
27-08-2024	Uttar Pradesh	Saharanpur	Onion	3600	3106
10-06-2025	Punjab	Hoshiarpur	Potato	800	3266
29-12-2023	Punjab	Phillaur(Apra Mandi)	Potato	1000	4915
25-07-2023	Madhya Pradesh	Kasrawad	Wheat	2440	1570
04-12-2023	Uttar Pradesh	Gangoh	Potato	900	811
03-04-2025	Tamilnadu	Panruti(Uzhavar Sandhai )	Potato	4000	4404
12-12-2023	Himachal Pradesh	Kullu	Potato	1200	2372
13-02-2025	Delhi	Shahdara	Onion	2500	951
11-11-2024	Jammu & Kashmir	Batote	Potato	2600	3059
06-01-2024	Uttar Pradesh	Purwa	Onion	1875	4485
21-09-2024	Tamilnadu	Sathur(Uzhavar Sandhai )	Potato	5000	2992
04-12-2023	Haryana	Barara	Potato	700	4172
22-03-2025	Tamilnadu	Thammampatti (Uzhavar Sandhai )	Potato	4000	4085
21-08-2023	Madhya Pradesh	Mandsaur	Wheat	2530	2364
16-07-2024	West Bengal	Jangipur	Onion	2980	4916
28-07-2023	Maharashtra	Tasgaon	Wheat	2490	3394
02-12-2023	Uttar Pradesh	Ajuha	Potato	800	3728
15-12-2023	Madhya Pradesh	Khandwa	Wheat	2640	4410
01-09-2024	Rajasthan	Alwar (F&V)	Potato	2700	424
29-05-2024	Orissa	Sahidngar	Potato	2700	1099
02-09-2024	Uttar Pradesh	Jhansi	Onion	3450	4886
30-05-2024	Gujarat	Surat	Onion	1850	658
15-11-2024	Uttar Pradesh	Jalalabad	Potato	1550	4622
11-09-2024	West Bengal	Karimpur	Onion	4600	2819
08-12-2023	Orissa	Kamakhyanagar	Onion	6000	3773
22-09-2023	Uttar Pradesh	Achalda	Potato	1020	1134
25-06-2023	Orissa	Kamakhyanagar	Onion	2000	4456
14-05-2024	Maharashtra	Sangamner	Onion	1075	3102
05-06-2025	West Bengal	Rampurhat	Onion	1300	1065
17-10-2024	Punjab	Samana	Onion	4000	1480
17-10-2024	Haryana	Pataudi	Onion	1800	3129
10-10-2023	Uttar Pradesh	Pratapgarh	Wheat	2340	359
03-11-2023	Uttar Pradesh	Rasda	Potato	1125	2769
08-08-2023	Haryana	Raipur Rai	Onion	1000	3438
02-02-2024	Haryana	Ch. Dadri	Potato	700	101
15-06-2023	 Punjab	Fazilka	Potato	1200	1870
27-07-2023	Karnataka	Mulabagilu	Tomato	6000	3400
21-10-2024	Uttar Pradesh	Bagpat	Potato	2200	2932
15-04-2025	West Bengal	Indus(Bankura Sadar)	Potato	1060	2490
02-07-2024	Assam	Paliakala	Potato	2110	4878
27-05-2024	Uttar Pradesh	Chutmalpur	Potato	1100	2339
02-11-2024	Tamilnadu	Kambam(Uzhavar Sandhai )	Potato	4400	2901
19-12-2023	Uttar Pradesh	Anoop Shahar	Onion	2800	2211
20-01-2025	Kerala	Thrippunithura	Potato	5000	3991
08-10-2024	Gujarat	Ankleshwar	Potato	2500	3630
20-11-2023	Uttar Pradesh	Sandila	Potato	1100	650
02-12-2023	Maharashtra	Pimpalgaon	Onion	3600	2465
07-07-2023	Maharashtra	Malharshree Farmers Producer Co Ltd	Onion	1057	1642
02-01-2024	Rajasthan	Alwar (F&V)	Potato	1000	3062
10-05-2024	Gujarat	Nadiyad(Piplag)	Onion	1750	3120
26-07-2024	Bihar	Danapur	Potato	3600	4106
10-02-2024	Jammu & Kashmir	Narwal Jammu (F&V)	Potato	950	1985
04-01-2024	Uttar Pradesh	Bareilly	Potato	720	2965
24-08-2023	Maharashtra	Vashi New Mumbai	Potato	1200	1937
01-04-2025	Gujarat	Dahod(Veg. Market)	Onion	1200	4637
11-10-2023	Madhya Pradesh	Gandhwani	Wheat	2525	686
30-10-2023	Karnataka	Arasikere	Tomato	1000	2441
16-12-2024	Orissa	Hindol	Potato	3200	3070
28-04-2024	Uttar Pradesh	Bilsi	Potato	1630	4997
24-05-2024	Maharashtra	Mangal Wedha	Onion	1400	622
25-07-2023	Maharashtra	Karjat(Raigad)	Wheat	2200	4097
03-07-2023	Nagaland	Mokokchung Town	Onion	4000	4217
24-08-2024	Tamilnadu	Jalagandapuram(Uzhavar Sandhai )	Potato	5000	4100
19-09-2023	West Bengal	Kalipur	Potato	1360	4724
13-06-2024	West Bengal	Uluberia	Potato	2480	1176
10-02-2024	Punjab	Phagwara	Onion	1285	3576
11-07-2023	Haryana	Dharsul	Potato	1200	3865
28-10-2023	West Bengal	Uluberia	Potato	1600	1375
22-07-2023	Punjab	Amritsar(Amritsar Mewa Mandi)	Potato	700	650
18-03-2025	Himachal Pradesh	Palampur	Potato	950	227
25-10-2024	Gujarat	Nadiyad(Chaklasi)	Potato	2050	2604
05-12-2023	Haryana	Punhana	Onion	2500	3652
20-04-2024	Orissa	Hindol	Onion	1900	3543
30-06-2023	Punjab	Samrala	Potato	900	3943
14-04-2025	Uttar Pradesh	Chutmalpur	Potato	850	3543
04-10-2023	Madhya Pradesh	Narsinghgarh	Onion	1700	2953
04-05-2025	West Bengal	Jalpaiguri Sadar	Onion	1800	3217
11-10-2024	Tamilnadu	Hosur(Uzhavar Sandhai )	Onion	6000	2903
20-06-2024	Andhra Pradesh	Hanmarkonda(Rythu Bazar)	Potato	3500	3721
14-08-2023	Rajasthan	Sriganganagar (F&V)	Onion	1800	3919
24-03-2025	Haryana	Cheeka	Potato	650	3389
24-08-2023	Uttar Pradesh	Muradabad	Wheat	2350	2133
11-10-2023	Bihar	Buxur	Potato	1300	3702
14-07-2023	Haryana	Pundri	Potato	1150	4201
27-09-2024	Bihar	Jamui	Onion	4300	705
21-08-2024	Maharashtra	Vai	Potato	3250	481
16-06-2023	West Bengal	Rampurhat	Potato	1080	4542
08-09-2023	Madhya Pradesh	Paatan	Wheat	2400	4396
11-11-2023	Haryana	Siwan	Onion	4000	839
20-09-2024	Tamilnadu	Kahithapattarai(Uzhavar Sandhai )	Potato	3600	1826
13-07-2024	Rajasthan	Kota (F&V)	Onion	1900	439
13-05-2024	Haryana	Naraingarh	Potato	700	4681
18-07-2024	West Bengal	Chakdah	Onion	3800	699
12-11-2024	Punjab	Dinanagar	Onion	3500	1475
27-09-2024	Himachal Pradesh	Kangra(Jaisinghpur)	Onion	5700	173
11-03-2025	Haryana	Ellanabad	Onion	2000	2832
15-07-2023	West Bengal	Barasat	Tomato	9200	1022
27-12-2023	Bihar	Tajpur	Onion	2400	4921
25-04-2025	Uttar Pradesh	Gurusarai	Rice	3480	3631
07-12-2023	Uttar Pradesh	Dhanaura	Onion	900	3810
30-10-2024	Tamilnadu	Palani(Uzhavar Sandhai )	Potato	5000	540
26-01-2024	Uttar Pradesh	Meerut	Onion	1720	3172
07-12-2023	Haryana	Barara	Potato	500	1406
31-07-2023	Haryana	Naraingarh	Onion	1600	4404
01-06-2024	Uttar Pradesh	Shahabad(New Mandi)	Onion	1520	2346
06-02-2025	Bihar	Jamui	Potato	1400	2439
30-03-2024	West Bengal	Karimpur	Potato	1650	4876
20-08-2024	Maharashtra	Pune(Pimpri)	Onion	3600	4669
20-05-2024	West Bengal	Bishnupur(Bankura)	Onion	2000	298
21-05-2025	Rajasthan	Jaisalmer	Onion	1300	3261
23-09-2023	Himachal Pradesh	Una	Potato	2750	3536
18-06-2024	West Bengal	Sainthia	Potato	2300	4047
03-10-2024	Karnataka	Udupi	Potato	3100	894
25-04-2025	Kerala	Thalasserry	Potato	2800	2361
04-07-2023	West Bengal	Bankura Sadar	Onion	2300	1181
17-07-2023	Madhya Pradesh	Jabalpur(F&V)	Onion	1200	469
03-02-2024	Maharashtra	Pune(Manjri)	Onion	1500	2002
28-08-2023	Orissa	Bargarh(Barapalli)	Onion	2300	1165
22-08-2023	West Bengal	Kalipur	Potato	1440	2599
09-09-2023	Bihar	Sasaram	Onion	2800	4925
21-04-2025	West Bengal	Falakata	Onion	2000	751
18-01-2024	Bihar	Aarah	Potato	1100	3603
05-05-2025	West Bengal	Champadanga	Potato	1500	3436
18-10-2024	Tamilnadu	Nagapattinam(Uzhavar Sandhai )	Onion	4500	3741
17-01-2024	Haryana	Fatehabad	Onion	2200	1097
22-06-2024	Kerala	Anchal	Potato	3800	998
24-03-2025	Haryana	Jind	Potato	850	3185
23-09-2024	Maharashtra	Vashi New Mumbai	Onion	4700	154
15-02-2024	Maharashtra	Akluj	Potato	1600	2286
03-06-2025	Haryana	Ch. Dadri	Potato	1400	1925
13-09-2023	Uttar Pradesh	Fatehpur	Potato	1070	4447
24-01-2024	West Bengal	Rampurhat	Wheat	2450	4014
03-11-2023	Madhya Pradesh	Shajapur(F&V)	Onion	3300	2489
19-12-2024	Kerala	Thalayolaparambu	Potato	4400	1602
16-11-2024	Tamilnadu	Palanganatham(Uzhavar Sandhai )	Potato	6000	697
04-07-2023	Rajasthan	Sadulshahar	Wheat	2100	262
10-04-2024	Punjab	Bhawanigarh	Onion	1700	2941
19-11-2024	Kerala	Chala	Onion	7200	1872
12-10-2023	Maharashtra	Kamthi	Onion	2500	3641
27-02-2024	Uttar Pradesh	Buland Shahr	Potato	860	2456
25-01-2024	Andhra Pradesh	Sadasivpet	Onion	1112	3581
28-09-2023	Uttar Pradesh	Moth	Potato	1210	3627
25-06-2023	Uttar Pradesh	Madhoganj	Onion	1120	191
11-05-2024	Uttar Pradesh	Chirgaon	Onion	1620	902
05-04-2025	Bihar	Murliganj	Potato	1300	4756
01-12-2023	Madhya Pradesh	Dewas(F&V)	Onion	2000	1827
05-06-2024	Orissa	Hindol	Onion	2900	4739
22-01-2025	Tamilnadu	Kulithalai(Uzhavar Sandhai )	Potato	5000	4328
09-09-2023	Haryana	Madlauda	Potato	1200	1716
23-12-2023	Uttar Pradesh	Amroha	Wheat	2540	2882
08-11-2024	Uttar Pradesh	Khurja	Onion	4050	2169
02-11-2023	Madhya Pradesh	Sonkatch	Wheat	2700	120
01-02-2024	Madhya Pradesh	Ujjain	Onion	170	2833
09-11-2023	Uttar Pradesh	Pratapgarh	Potato	890	2212
29-06-2024	Gujarat	Nadiyad(Piplag)	Potato	1900	3580
24-07-2024	Kerala	Madhavapuram	Onion	4200	2579
30-09-2024	Uttar Pradesh	Fatehabad	Onion	1650	828
09-01-2024	Haryana	Panipat	Onion	1400	409
23-01-2024	Haryana	Narwana	Potato	450	2721
05-10-2024	Tamilnadu	Thathakapatti(Uzhavar Sandhai )	Potato	6600	4048
02-05-2024	West Bengal	Asansol	Onion	2100	2142
16-09-2023	Uttar Pradesh	Muzzafarnagar	Wheat	2315	198
19-08-2023	Uttar Pradesh	Jagnair	Wheat	2175	619
18-03-2024	Maharashtra	Nandurbar	Onion	1150	186
07-10-2023	Madhya Pradesh	Jatara	Wheat	2290	2276
03-04-2024	Chattisgarh	Rajnandgaon	Potato	1700	767
14-04-2025	Uttar Pradesh	Sandila	Rice	3160	4039
12-01-2024	Gujarat	Rajkot	Wheat	2875	1037
30-04-2025	Chandigarh	Chandigarh(Grain/Fruit)	Potato	500	4830
28-04-2025	Tamilnadu	Dindigul(Uzhavar Sandhai )	Onion	3000	378
11-12-2024	Punjab	Rajpura	Potato	1700	2890
27-05-2025	Himachal Pradesh	Kangra(Baijnath)	Potato	1200	4252
17-02-2025	Uttar Pradesh	Khair	Potato	1000	4971
18-09-2023	Uttar Pradesh	Mehmoodabad	Potato	1200	2933
27-02-2024	Kerala	Ernakulam	Onion	3500	4023
09-10-2023	Haryana	New Grain Market , Faridabad	Onion	2300	3462
23-12-2023	Uttar Pradesh	Badayoun	Onion	2400	1901
16-12-2023	Uttar Pradesh	Jhansi	Onion	2050	3479
18-06-2024	Himachal Pradesh	Shimla	Potato	2800	4068
19-06-2024	Kerala	Perumbavoor	Potato	3500	3872
23-10-2024	Haryana	Jakhal	Onion	4000	174
19-01-2025	Himachal Pradesh	Solan	Potato	1200	763
06-05-2025	Uttar Pradesh	Ghaziabad	Potato	1110	383
13-09-2024	Tamilnadu	Mannargudi I(Uzhavar Sandhai )	Potato	5400	2106
07-02-2024	Uttar Pradesh	Panchpedwa	Potato	750	416
29-03-2025	Jammu & Kashmir	Kathua	Onion	1900	4570
18-07-2024	Tamilnadu	Vadavalli(Uzhavar Sandhai )	Onion	3900	1626
25-08-2023	Madhya Pradesh	Kukshi	Onion	900	1557
27-11-2024	Delhi	Shahdara	Onion	3800	1570
11-01-2024	Maharashtra	Lasalgaon(Vinchur)	Onion	1800	3890
22-07-2024	West Bengal	Dhupguri	Potato	2300	4927
25-04-2025	Uttar Pradesh	Anandnagar	Rice	2900	1257
26-06-2023	West Bengal	Dhupguri	Tomato	5000	3330
18-04-2024	Uttar Pradesh	Hardoi	Onion	1605	3902
02-02-2024	Maharashtra	Kolhapur	Onion	1200	4160
28-01-2025	Punjab	Kot ise Khan	Potato	900	4192
20-10-2024	Uttar Pradesh	Gonda	Onion	4200	4529
09-08-2023	Haryana	Bhiwani	Potato	1000	1315
23-01-2024	Gujarat	Dahod(Veg. Market)	Onion	1000	1885
23-10-2024	Kerala	Kanjirappally	Onion	5800	3930
25-09-2024	Orissa	Chandabali	Onion	4600	4959
05-03-2024	Punjab	Moga	Onion	2400	1643
03-12-2023	Orissa	Keonjhar(Dhekikote)	Onion	5000	1322
21-07-2023	Delhi	Narela	Wheat	2388	3035
24-11-2023	Uttar Pradesh	Chitwadagaon	Onion	3820	4799
02-12-2024	Punjab	Phillaur(Apra Mandi)	Onion	4000	3693
25-02-2025	Uttar Pradesh	Fatehabad	Onion	1850	4462
17-09-2024	Tamilnadu	Mannargudi II(Uzhavar Sandhai )	Onion	6800	4739
28-03-2025	West Bengal	Sainthia	Potato	950	1527
28-08-2023	Uttar Pradesh	Ahirora	Tomato	3000	887
06-02-2024	Kerala	Thirurrangadi	Onion	2500	4444
04-05-2025	Tamilnadu	Namakkal(Uzhavar Sandhai )	Onion	2500	2383
10-07-2024	Uttar Pradesh	Auraiya	Potato	2130	2522
03-06-2025	Uttar Pradesh	Anandnagar	Onion	1250	3046
30-06-2023	Haryana	Ladwa	Potato	1100	904
25-09-2023	Madhya Pradesh	Dabra	Wheat	2577	2638
07-12-2023	Uttar Pradesh	Varanasi(F&V)	Potato	850	4203
27-10-2023	Nagaland	Mangkolemba	Potato	3000	759
05-09-2024	Punjab	Bilga	Onion	2400	322
09-07-2023	Maharashtra	Satara	Onion	1000	3989
09-01-2025	Punjab	Giddarbaha	Potato	1200	3306
12-04-2025	Uttar Pradesh	Ujhani	Onion	1600	1565
10-11-2023	Uttar Pradesh	Chirgaon	Potato	965	4133
18-01-2024	Maharashtra	Amarawati	Wheat	2525	4133
07-06-2023	Uttar Pradesh	Gonda	Onion	1240	4599
16-09-2024	Haryana	New Grain Market(main), Karnal	Onion	3750	1459
30-07-2023	Madhya Pradesh	Multai	Potato	1200	2970
29-01-2024	Kerala	Thalayolaparambu	Potato	3200	4744
16-04-2025	Tamilnadu	Sundarapuram(Uzhavar Sandhai )	Potato	4200	1526
27-10-2023	Kerala	Thodupuzha	Onion	8500	3592
22-03-2024	Himachal Pradesh	Kangra(Nagrota Bagwan)	Onion	2900	827
19-07-2023	Uttar Pradesh	Saharanpur	Wheat	2280	1111
13-06-2023	Madhya Pradesh	Dhar(F&V)	Tomato	1960	2158
20-11-2023	Karnataka	Davangere	Onion	2850	3039
19-05-2025	Gujarat	Ahmedabad(Chimanbhai Patal Market Vasana)	Potato	2250	924
21-03-2025	Himachal Pradesh	Kangra(Jassour)	Onion	2000	335
26-01-2024	Uttar Pradesh	Dudhi	Onion	2600	2228
13-06-2023	West Bengal	Champadanga	Potato	1460	1984
27-05-2025	Uttar Pradesh	Anandnagar	Onion	1200	3245
19-04-2025	Uttar Pradesh	Nawabganj	Onion	1560	4938
24-10-2024	Rajasthan	Goluwala	Potato	1700	2080
10-05-2024	Punjab	Barnala	Potato	1500	2832
04-03-2025	West Bengal	Purulia	Potato	750	4897
15-04-2025	Tamilnadu	Kambam(Uzhavar Sandhai )	Onion	2600	449
05-11-2024	Uttar Pradesh	Rasda	Potato	2130	901
27-02-2025	Tamilnadu	Krishnagiri(Uzhavar Sandhai )	Onion	4000	3686
20-04-2024	Jammu & Kashmir	Udhampur	Onion	2400	2783
17-11-2023	Uttar Pradesh	Gorakhpur	Wheat	2355	1293
14-05-2025	Haryana	Rania	Onion	1500	4723
20-03-2025	Orissa	Balugaon	Potato	1600	3715
26-12-2024	Jammu & Kashmir	Akhnoor	Potato	1900	2925
28-11-2023	Uttar Pradesh	Ajuha	Onion	3500	817
07-06-2024	Orissa	Kuchinda	Potato	2600	2633
06-05-2024	Madhya Pradesh	Bhopal	Onion	1050	2661
12-07-2024	 Punjab	Fazilka	Potato	1500	2714
12-10-2023	Andhra Pradesh	Mahabubnagar(Rythu Bazar)	Potato	3000	1932
04-12-2023	Punjab	Patran	Onion	3000	290
10-02-2024	Himachal Pradesh	Hamirpur	Potato	1400	3860
14-02-2024	Punjab	Dhuri	Onion	1300	1091
24-10-2023	Uttar Pradesh	Safdarganj	Onion	2350	1064
14-11-2024	West Bengal	Bishnupur(Bankura)	Onion	6000	688
02-05-2024	Haryana	Chhachrauli	Onion	1900	1922
05-01-2024	Uttar Pradesh	Hargaon (Laharpur)	Wheat	2410	1701
28-11-2024	Uttar Pradesh	Safdarganj	Potato	2150	3186
05-02-2024	Uttar Pradesh	Bareilly	Onion	1410	3607
13-07-2023	Orissa	Bargarh	Potato	2300	845
04-01-2025	Tamilnadu	Thanjavur(Uzhavar Sandhai )	Potato	4600	815
28-10-2024	Rajasthan	Nimbahera	Onion	4000	502
16-06-2023	Haryana	Radaur	Potato	850	4118
07-12-2023	Jammu & Kashmir	Akhnoor	Onion	4400	2835
25-11-2024	Uttar Pradesh	Bangarmau	Onion	4010	4350
28-05-2025	Punjab	Phagwara	Onion	1024	3826
24-02-2025	Delhi	Shahdara	Onion	2300	2796
04-12-2023	Madhya Pradesh	Badnagar	Wheat	2754	998
18-04-2025	Haryana	Punhana	Onion	1500	1864
25-05-2024	Nagaland	Jalukie	Potato	3200	2431
17-06-2023	Rajasthan	Kherli	Wheat	2156	1326
27-10-2023	Maharashtra	Dhule	Wheat	2950	1067
28-10-2024	Uttar Pradesh	Gangoh	Potato	2200	4301
24-11-2024	Bihar	Buxur	Potato	2500	2287
03-08-2023	Orissa	Kendrapara	Tomato	15000	2591
04-08-2023	Gujarat	Kapadvanj	Wheat	2150	4039
11-08-2024	Tamilnadu	NGO Colony(Uzhavar Sandhai )	Onion	4500	1337
29-02-2024	Uttar Pradesh	Ahirora	Potato	880	4746
18-10-2024	Gujarat	Ahmedabad(Chimanbhai Patal Market Vasana)	Onion	3800	1372
27-11-2023	West Bengal	Uluberia	Onion	5000	3163
11-01-2024	Uttar Pradesh	Kosikalan	Onion	1860	925
31-12-2024	Uttar Pradesh	Anwala	Potato	1500	2125
31-10-2023	Bihar	Aarah	Potato	1800	3052
26-03-2025	Haryana	Pundri	Onion	1900	2008
13-01-2024	West Bengal	Rampurhat	Wheat	2500	4942
27-06-2023	Uttar Pradesh	Chitwadagaon	Onion	1165	4532
12-02-2025	Uttar Pradesh	Bagpat	Potato	800	4607
09-12-2023	Maharashtra	Pathardi	Wheat	2700	4882
02-04-2024	Uttar Pradesh	Nawabganj	Potato	1550	4710
06-06-2024	West Bengal	Sainthia	Onion	2500	3827
12-01-2024	Kerala	Kottarakkara	Potato	3500	1946
13-08-2024	Tamilnadu	Rajapalayam(Uzhavar Sandhai )	Onion	5000	823
02-03-2024	Maharashtra	Pune(Khadiki)	Onion	1250	1648
31-07-2023	Madhya Pradesh	Harda	Wheat	2350	3537
12-01-2024	Uttar Pradesh	Shikohabad	Potato	550	1642
10-06-2024	Uttar Pradesh	Jhansi	Potato	1840	2325
12-07-2024	Uttar Pradesh	Sandi	Potato	2300	498
09-04-2025	Karnataka	Hubli (Amaragol)	Onion	900	2000
17-06-2023	Uttar Pradesh	Aligarh	Wheat	2310	2033
03-10-2024	Maharashtra	Chandrapur(Ganjwad)	Potato	2800	3908
16-08-2024	Rajasthan	Pratapgarh	Potato	2330	1896
18-05-2024	Uttar Pradesh	Nautnava	Potato	1800	3769
23-10-2023	Rajasthan	Jodhpur(F&V)(Paota)	Tomato	800	1310
28-02-2025	West Bengal	Balarampur	Onion	2800	2146
14-09-2023	Uttar Pradesh	Anwala	Potato	900	4377
16-10-2023	Gujarat	Siddhpur	Wheat	2672	3969
05-10-2024	Rajasthan	Bhadara	Onion	4500	4047
06-09-2024	West Bengal	Ranaghat	Potato	2500	3030
24-07-2023	Uttar Pradesh	Fatehpur	Tomato	7880	2100
02-04-2024	Madhya Pradesh	Indore	Potato	2200	3229
14-09-2024	Kerala	Kottakkal	Onion	5000	2207
08-06-2025	Maharashtra	Junnar(Otur)	Potato	1200	3377
05-11-2024	Kerala	Kottakkal	Potato	3700	1154
28-10-2024	Haryana	Jagadhri	Potato	1750	287
05-10-2024	Bihar	Jainagar	Onion	4400	3308
11-02-2024	Haryana	Shahabad	Potato	400	4845
28-02-2024	Kerala	Chathanoor	Potato	4000	859
24-05-2024	Uttar Pradesh	Siyana	Potato	1000	189
22-07-2024	Uttar Pradesh	Achnera	Onion	3045	897
09-11-2024	Tamilnadu	Avallapalli(Uzhavar Sandhai )	Onion	6500	4120
14-03-2025	Kerala	Kottakkal	Onion	2500	655
08-12-2024	Orissa	Gopa	Potato	3600	711
10-03-2024	Karnataka	Gowribidanoor	Onion	1500	2619
16-02-2024	West Bengal	Falakata	Onion	2150	992
29-04-2025	West Bengal	Champadanga	Potato	1500	2440
11-07-2023	Madhya Pradesh	Thandla	Onion	1100	264
13-10-2023	Uttar Pradesh	Mugrabaadshahpur	Potato	985	1048
23-09-2024	Himachal Pradesh	Bhuntar	Onion	5250	3149
26-03-2025	Haryana	Sirsa	Onion	1800	901
17-08-2023	Uttar Pradesh	Bindki	Potato	1130	3111
12-11-2024	Punjab	Dhuri	Onion	4700	4755
21-05-2024	Uttar Pradesh	Sirsaganj	Onion	1200	1834
25-05-2025	West Bengal	Kasimbazar	Rice	3700	3479
14-04-2024	West Bengal	Sheoraphuly	Potato	2080	3393
19-07-2024	Tamilnadu	Andipatti(Uzhavar Sandhai )	Onion	4200	1498
10-06-2023	Uttar Pradesh	Noida	Onion	1230	2862
15-06-2023	Madhya Pradesh	Chhindwara	Wheat	2280	3893
20-07-2023	Uttar Pradesh	Sikarpur	Onion	1000	2058
23-12-2023	Himachal Pradesh	Una	Potato	800	4277
23-07-2023	Haryana	New Grain Market , Panchkula	Tomato	9000	2671
15-02-2024	Himachal Pradesh	Kullu	Onion	2100	2883
04-11-2024	Uttar Pradesh	Kosikalan	Onion	3800	4253
28-05-2024	Uttar Pradesh	Gadaura	Onion	1700	4432
22-03-2024	Andhra Pradesh	Bowenpally	Onion	1500	3214
26-06-2023	Uttar Pradesh	Awagarh	Onion	1100	238
15-06-2023	Himachal Pradesh	Chamba	Tomato	1700	3093
17-10-2024	Punjab	Mukerian(Talwara)	Onion	5000	1112
11-08-2024	Andhra Pradesh	Bowenpally	Potato	2800	1636
10-05-2024	Uttar Pradesh	Bijnaur	Potato	1700	4308
02-08-2023	Uttar Pradesh	Chirgaon	Potato	1320	4464
08-03-2025	Tamilnadu	Kancheepuram(Uzhavar Sandhai )	Potato	4500	4330
01-03-2024	Punjab	Dhariwal	Potato	600	873
21-09-2023	Himachal Pradesh	Santoshgarh	Onion	2350	294
27-05-2024	Punjab	Gurdaspur	Potato	1600	2328
18-02-2025	Himachal Pradesh	Santoshgarh	Potato	950	3806
05-12-2023	Manipur	Bishenpur	Onion	6750	2254
25-11-2023	Uttar Pradesh	Mirzapur	Potato	1010	4123
24-12-2023	Punjab	Bhawanigarh	Potato	550	2770
26-04-2025	Gujarat	Jamnagar	Onion	925	3373
17-11-2023	Rajasthan	Chittorgarh	Potato	1250	3762
09-11-2023	Uttar Pradesh	Bijnaur	Onion	3970	4501
11-02-2025	Punjab	Bhulath	Potato	970	766
27-07-2023	Maharashtra	Ahmednagar	Onion	975	349
10-04-2025	Chandigarh	Chandigarh(Grain/Fruit)	Onion	1500	3769
09-02-2025	Tamilnadu	Thirumangalam(Uzhavar Sandhai )	Onion	4800	4926
05-04-2025	Uttar Pradesh	Sehjanwa	Potato	1800	1410
12-07-2024	Orissa	Balugaon	Potato	3200	4567
30-09-2024	Bihar	Murliganj	Potato	3000	2066
06-04-2025	West Bengal	Jangipur	Onion	1480	2402
04-06-2025	Maharashtra	Chandvad	Onion	1350	4016
19-08-2023	Uttar Pradesh	Devariya	Wheat	2265	4052
03-12-2023	Uttar Pradesh	Siyana	Wheat	2396	2796
02-09-2023	Uttar Pradesh	Rampur	Wheat	2350	4346
30-09-2023	Himachal Pradesh	Maudaha	Wheat	2150	3406
13-01-2024	West Bengal	Kandi	Wheat	2300	3730
15-03-2025	Punjab	Barnala	Onion	2000	1887
13-11-2024	Tamilnadu	Mayiladuthurai(Uzhavar Sandhai )	Potato	5000	1596
20-03-2024	Meghalaya	Dadengiri	Potato	1700	3543
10-06-2023	Maharashtra	Pune(Khadiki)	Onion	700	356
26-04-2025	Uttar Pradesh	Jhansi	Potato	1285	3783
24-08-2023	West Bengal	Balarampur	Tomato	4500	800
20-01-2024	Uttar Pradesh	Mugrabaadshahpur	Wheat	2525	2485
12-07-2023	Maharashtra	Karad	Onion	1500	1834
25-05-2025	Rajasthan	Bhadara	Onion	1031	579
04-03-2025	Madhya Pradesh	Indore	Onion	2000	3508
01-10-2024	Maharashtra	Pune	Onion	3350	3876
09-10-2023	West Bengal	Kalyani	Onion	3000	2434
12-10-2023	Madhya Pradesh	Khandwa	Wheat	2570	1609
23-07-2024	Punjab	Ludhiana	Onion	2200	559
17-07-2024	Punjab	Bariwala	Onion	3000	678
27-04-2025	West Bengal	Bolpur	Onion	1900	1651
10-12-2024	Kerala	Punalur	Potato	5200	2905
01-01-2025	Haryana	Pataudi	Potato	1500	3110
29-08-2023	Uttar Pradesh	Charra	Onion	2000	4803
17-02-2025	Punjab	Rayya	Potato	1600	4450
27-02-2025	Rajasthan	Goluwala	Onion	2600	754
06-09-2023	Maharashtra	Akluj	Onion	1700	4020
19-09-2024	Uttar Pradesh	Chutmalpur	Onion	1800	4975
05-11-2024	Uttar Pradesh	Khair	Potato	1700	3889
27-09-2024	Andhra Pradesh	Vantamamidi	Potato	2000	2099
13-04-2025	West Bengal	Pandua	Rice	5350	1178
03-04-2025	Tamilnadu	Kumarapalayam(Uzhavar Sandhai )	Potato	3600	601
10-09-2024	West Bengal	Kasipur	Onion	4400	1730
20-01-2024	Uttar Pradesh	Bangarmau	Potato	670	2556
10-09-2023	Uttar Pradesh	Sikarpur	Potato	900	3265
10-10-2023	Kerala	Pothencode	Potato	12640	282
10-08-2023	Maharashtra	Kurdwadi(Modnimb)	Wheat	2700	3785
26-07-2024	Uttar Pradesh	Mainpuri	Onion	2795	4289
23-04-2025	Jammu & Kashmir	Batote	Potato	1400	4980
09-01-2024	Uttar Pradesh	Nawabganj	Onion	2050	1168
21-11-2024	Gujarat	Nadiad	Potato	2600	876
02-12-2024	Tamilnadu	Nagapattinam(Uzhavar Sandhai )	Potato	5000	1349
02-01-2024	Haryana	Jagadhri	Onion	1850	1684
29-04-2025	West Bengal	Champadanga	Rice	5100	4245
03-10-2023	West Bengal	Kalipur	Potato	1420	1539
17-03-2025	Uttar Pradesh	Lucknow	Onion	2560	3126
19-10-2023	Delhi	Azadpur	Onion	1813	2240
05-07-2023	Uttar Pradesh	Rampur	Potato	1180	3519
29-11-2024	Uttar Pradesh	Meerut	Onion	3780	3659
30-12-2023	Rajasthan	Bundi	Wheat	2385	3913
11-08-2023	West Bengal	Rampurhat	Onion	2700	2987
09-11-2024	Uttar Pradesh	Fatehabad	Onion	2550	612
13-10-2023	Uttar Pradesh	Wazirganj	Potato	980	3798
08-11-2023	Uttar Pradesh	Hapur	Wheat	2480	1816
02-05-2024	West Bengal	Pandua	Potato	2340	3401
16-04-2025	Tamilnadu	Palanganatham(Uzhavar Sandhai )	Potato	4000	2481
19-10-2023	Rajasthan	Churu	Onion	1800	1392
14-10-2023	Uttar Pradesh	Ghaziabad	Wheat	2360	2855
12-11-2024	Bihar	Murliganj	Potato	2200	2933
17-11-2023	Himachal Pradesh	Kangra(Jaisinghpur)	Potato	2300	4829
11-10-2024	Kerala	Madhavapuram	Potato	3500	568
08-01-2024	Uttar Pradesh	Chutmalpur	Onion	1800	2841
01-02-2024	Kerala	Mannar	Onion	2600	4480
16-05-2025	Tamilnadu	Muthupettai(Uzhavar Sandhai )	Potato	4000	2825
17-10-2024	Rajasthan	Bhilwara	Onion	3500	2778
31-08-2023	Maharashtra	Nagpur	Onion	3025	2473
05-04-2024	Maharashtra	Nasik	Onion	1300	1140
14-01-2024	Madhya Pradesh	Shamshabad	Wheat	2468	1760
06-05-2025	Uttar Pradesh	Mauranipur	Potato	1230	4487
03-09-2024	Nagaland	Kohima	Potato	5100	3616
11-10-2023	Haryana	Gharaunda	Potato	1500	4158
15-09-2023	Kerala	Perinthalmanna	Potato	2500	3807
04-11-2024	Uttar Pradesh	Safdarganj	Potato	2150	608
05-12-2024	Kerala	Kuruppanthura	Onion	6000	4970
24-05-2024	Bihar	Bahadurganj	Onion	2200	4068
04-08-2023	Uttar Pradesh	Noida	Potato	1340	1534
01-12-2023	Uttar Pradesh	Meerut	Wheat	2520	1685
17-01-2025	Madhya Pradesh	Hoshangabad(F&V)	Potato	1570	1524
04-04-2024	Haryana	Tohana(New Veg Market)	Onion	2500	1847
22-02-2024	Haryana	Pundri	Onion	1600	750
30-09-2023	Uttar Pradesh	Allahabad	Wheat	2310	4192
02-10-2024	Orissa	Kendrapara	Potato	3000	3337
15-02-2025	Orissa	Keonjhar(Dhekikote)	Onion	2500	4073
01-07-2023	Uttar Pradesh	Tundla	Wheat	2280	1441
15-04-2025	Uttar Pradesh	Sandila	Rice	3150	2151
15-07-2023	Rajasthan	Hanumangarh Town	Tomato	5500	455
21-04-2025	Uttar Pradesh	Jaunpur	Rice	3390	1493
25-09-2023	Haryana	Ganaur	Onion	2800	1951
13-03-2024	Bihar	Jaitipir Mandi, Lalganj block	Potato	1400	4844
01-08-2023	Uttar Pradesh	Dhanaura	Tomato	900	3612
31-08-2023	Maharashtra	Akola	Potato	1300	3210
24-10-2024	Tamilnadu	Muthupettai(Uzhavar Sandhai )	Onion	5000	4480
30-06-2023	Uttar Pradesh	Bahedi	Onion	1275	397
18-11-2023	West Bengal	Asansol	Potato	1500	4040
16-03-2025	Uttar Pradesh	Gulavati	Potato	1200	1189
01-04-2024	West Bengal	Bolpur	Onion	1300	1165
28-12-2023	Uttar Pradesh	Khair	Potato	750	2349
06-05-2025	Uttar Pradesh	Noida	Onion	1300	3150
06-05-2024	Karnataka	Hubli (Amaragol)	Onion	900	4113
27-07-2023	Uttar Pradesh	Purwa	Wheat	2285	1116
16-05-2025	Manipur	Bishenpur	Rice	5200	119
13-10-2023	Uttar Pradesh	Rasda	Onion	2140	2004
17-10-2024	Haryana	Thanesar	Potato	2000	4724
01-04-2025	Kerala	Kottarakkara	Onion	4500	3900
13-02-2025	Chattisgarh	Durg	Onion	2300	3122
03-11-2023	Punjab	Dharamkot	Potato	800	3280
05-03-2024	Maharashtra	Shrigonda	Onion	1300	1060
17-12-2023	Kerala	Kattappana	Onion	8200	238
25-04-2025	Uttar Pradesh	Muzzafarnagar	Onion	1400	313
15-01-2024	Uttar Pradesh	Baraut	Onion	1550	3751
28-12-2023	Kerala	Kayamkulam	Potato	2000	323
27-01-2024	Maharashtra	Palghar	Wheat	3170	2618
07-10-2024	West Bengal	Bolpur	Onion	4300	4457
03-08-2023	Himachal Pradesh	Kangra(Nagrota Bagwan)	Potato	1700	3104
29-10-2024	Maharashtra	Pune	Onion	3200	992
23-11-2023	Rajasthan	Kota	Wheat	2600	2501
16-08-2024	Andhra Pradesh	L B Nagar	Potato	2700	961
24-07-2024	Uttar Pradesh	Bharthna	Potato	2200	244
24-04-2024	Chhattisgarh	Tiphra	Potato	1600	4715
30-07-2023	Madhya Pradesh	Indore	Wheat	2330	2393
20-02-2025	Uttar Pradesh	Bhinga	Onion	2680	929
07-02-2024	Orissa	Jharsuguda	Onion	2000	1266
07-06-2024	Uttar Pradesh	Saharanpur	Potato	1850	3093
01-09-2023	Maharashtra	Nanded	Wheat	2395	3158
25-04-2025	Punjab	F.G.Churian	Potato	600	3157
03-11-2023	Madhya Pradesh	Silvani	Wheat	2590	1589
01-04-2025	Himachal Pradesh	Una	Potato	1000	3679
05-11-2024	Uttar Pradesh	Kosikalan	Onion	3750	2332
09-09-2023	Rajasthan	Pratapgarh	Potato	1140	1910
09-05-2025	West Bengal	Nadia	Rice	4850	1359
09-06-2023	Punjab	Patran	Onion	890	3301
11-09-2023	Uttar Pradesh	Safdarganj	Onion	2120	3337
23-08-2023	Maharashtra	Vasai	Wheat	3460	2756
30-09-2023	Orissa	Saharpada	Onion	3500	3354
16-03-2024	Orissa	Balugaon	Potato	1500	711
27-02-2025	Uttar Pradesh	Viswan	Potato	950	1774
15-01-2025	Tamilnadu	Tiruchengode	Potato	5000	2452
22-05-2024	Uttar Pradesh	Anandnagar	Potato	1200	4544
13-07-2023	Uttar Pradesh	Nagina	Onion	1200	1270
14-01-2024	West Bengal	Karimpur	Potato	1310	134
04-06-2024	Orissa	Kamakhyanagar	Onion	3000	4122
28-02-2024	Gujarat	Gondal	Onion	1355	3344
04-12-2023	Haryana	Rewari	Onion	2500	1412
18-07-2024	Kerala	Kanjirappally	Onion	8600	498
01-03-2025	Uttar Pradesh	Wazirganj	Potato	775	3114
23-07-2024	Tamilnadu	Thalavaipuram(Uzhavar Sandhai )	Potato	4800	4010
10-04-2025	Punjab	Phagwara	Potato	566	1412
10-07-2024	Maharashtra	Lasalgaon(Niphad)	Onion	2900	2558
30-01-2024	Jammu & Kashmir	Rajouri (F&V)	Potato	1100	1855
26-08-2023	Madhya Pradesh	Chhatarpur	Wheat	2310	1532
07-07-2023	Uttar Pradesh	Achalda	Onion	1320	1148
15-09-2024	Tamilnadu	Mayiladuthurai(Uzhavar Sandhai )	Potato	5500	328
09-06-2024	Maharashtra	Junnar(Otur)	Potato	1600	545
28-05-2025	Orissa	Bargarh(Barapalli)	Onion	2100	3151
21-02-2024	Uttar Pradesh	Ghiraur	Onion	1345	2319
28-04-2025	Uttar Pradesh	Pratapgarh	Onion	635	2712
08-01-2024	Haryana	Radaur	Potato	600	2595
16-05-2024	Uttar Pradesh	Jahangirabad	Onion	1645	3667
03-05-2025	Maharashtra	Pune(Manjri)	Potato	2000	2417
25-06-2024	West Bengal	Kalyani	Potato	2760	2945
13-10-2024	Tamilnadu	Thathakapatti(Uzhavar Sandhai )	Potato	6000	2205
12-10-2023	Uttar Pradesh	Jahangirabad	Onion	2260	2768
07-10-2024	Bihar	Danapur	Onion	4800	2611
27-11-2023	Kerala	Pothencode	Onion	33040	915
19-10-2024	Maharashtra	Lasalgaon	Onion	2401	1031
16-10-2023	Madhya Pradesh	Chaakghat	Wheat	2140	4437
02-06-2025	Haryana	Sonepat	Onion	1100	3301
23-10-2024	Tamilnadu	Mannargudi II(Uzhavar Sandhai )	Potato	5000	2157
25-10-2024	Himachal Pradesh	Bharuasumerpur	Onion	3975	1988
03-11-2023	Uttar Pradesh	Sultanpur	Potato	1140	4772
14-01-2025	West Bengal	Jalpaiguri Sadar	Potato	1250	1342
29-08-2024	Tamilnadu	Sathur(Uzhavar Sandhai )	Potato	5000	2393
22-09-2023	Rajasthan	Bhilwara	Potato	1150	2759
29-09-2023	Rajasthan	Itawa	Wheat	2505	1155
23-01-2025	Orissa	Jharsuguda	Potato	3000	3572
03-02-2024	Punjab	Tanda Urmur	Potato	700	2114
09-04-2025	Gujarat	Nadiyad(Piplag)	Potato	1200	1597
12-10-2023	Uttar Pradesh	Shikohabad	Potato	700	4122
30-10-2023	Haryana	Faridabad	Potato	1000	3606
27-11-2024	Kerala	Kanjirappally	Potato	5800	4267
09-04-2024	Orissa	Keonjhar	Onion	3500	4821
10-12-2024	Tamilnadu	Papanasam(Uzhavar Sandhai )	Potato	5000	1176
04-02-2025	Uttar Pradesh	Jaunpur	Potato	1100	3979
11-11-2024	Haryana	Tauru	Potato	2000	820
25-10-2024	Orissa	Chandabali	Onion	4670	749
22-01-2024	Punjab	Phillaur(Apra Mandi)	Onion	2500	3013
06-10-2023	Uttar Pradesh	Hargaon (Laharpur)	Wheat	2230	3868
27-03-2025	Uttar Pradesh	Gonda	Onion	1550	2027
19-07-2023	Madhya Pradesh	Sabalgarh	Wheat	2200	3705
04-01-2025	Kerala	Athirampuzha	Potato	4100	3043
02-03-2025	West Bengal	Chakdah	Potato	1060	4016
13-12-2023	Madhya Pradesh	Badnagar	Wheat	2814	700
15-11-2023	Uttar Pradesh	Amroha	Onion	3500	3795
25-09-2023	Haryana	Pehowa	Potato	1000	3291
12-09-2024	Uttar Pradesh	Akbarpur	Onion	3600	2484
23-05-2025	Karnataka	Davangere	Potato	2200	2208
18-09-2024	Tamilnadu	Tiruchengode	Potato	5000	1979
12-08-2023	West Bengal	Indus(Bankura Sadar)	Potato	1370	193
25-07-2024	Uttar Pradesh	Shahabad(New Mandi)	Onion	2750	3351
01-03-2025	West Bengal	Bolpur	Onion	2600	1376
11-11-2024	Haryana	Gharaunda	Onion	5000	4145
19-10-2024	Gujarat	Mahuva(Station Road)	Onion	3000	2555
05-09-2024	Uttar Pradesh	Sandila	Onion	3740	2478
04-10-2023	Maharashtra	Dhule	Onion	2000	2384
22-10-2023	Haryana	Siwan	Potato	1200	4605
29-01-2024	Madhya Pradesh	Neemuch	Onion	100	4397
26-07-2023	Uttar Pradesh	Dhanaura	Potato	900	4950
27-11-2023	West Bengal	Belacoba	Onion	4500	2167
23-03-2025	Rajasthan	Sikar	Potato	850	3822
16-04-2024	Uttar Pradesh	Bharwari	Potato	1610	4319
25-03-2025	Haryana	Farukh Nagar	Potato	900	2289
06-02-2024	Haryana	Ch. Dadri	Onion	1600	1921
31-08-2023	Uttar Pradesh	Ahirora	Onion	2250	2961
24-05-2025	Maharashtra	Solapur	Onion	1200	635
09-01-2024	Bihar	Murliganj	Potato	1000	754
29-09-2023	Madhya Pradesh	Gotegaon	Wheat	2300	4373
14-03-2025	Kerala	Cherthala	Onion	4600	1342
22-09-2024	West Bengal	Rampurhat	Onion	4100	2401
28-11-2024	Haryana	Rania	Onion	1700	4652
24-04-2024	Uttar Pradesh	Rampur	Potato	1600	3324
14-02-2024	Madhya Pradesh	Indore	Onion	211	909
20-04-2024	Uttar Pradesh	Ajuha	Onion	1720	231
01-01-2025	Tamilnadu	Vadavalli(Uzhavar Sandhai )	Potato	4600	3354
01-03-2024	Punjab	Rayya	Potato	700	3597
30-10-2023	Uttar Pradesh	Mehmoodabad	Onion	3630	2970
02-02-2024	Haryana	Yamuna Nagar	Potato	300	1279
09-06-2025	Himachal Pradesh	Una	Potato	1250	3012
23-04-2025	Maharashtra	Devala	Onion	1250	640
17-09-2024	Himachal Pradesh	Dhanotu (Mandi)	Potato	3000	2544
01-08-2024	Tamilnadu	Sathur(Uzhavar Sandhai )	Potato	5500	3130
08-10-2023	Uttar Pradesh	Ghiraur	Onion	1935	2906
20-05-2024	Gujarat	Gondal	Onion	1155	2746
06-01-2024	Maharashtra	Pune(Manjri)	Potato	1600	4510
31-12-2024	Uttar Pradesh	Ahirora	Potato	1500	1637
25-07-2023	Haryana	Narwana	Tomato	9500	1370
19-05-2025	Maharashtra	Mangaon	Rice	3800	2820
31-08-2023	Gujarat	Ahmedabad	Tomato	2350	3175
22-07-2023	Madhya Pradesh	Ratlam	Wheat	2500	412
16-06-2024	Himachal Pradesh	Maudaha	Potato	2450	3640
01-03-2025	Tamilnadu	Sathiyamagalam(Uzhavar Sandhai )	Onion	4400	2853
21-03-2025	West Bengal	Dhupguri	Potato	1000	269
27-07-2023	Karnataka	Doddaballa Pur	Onion	2000	750
05-12-2024	Maharashtra	Shree Rameshwar Krushi Market	Onion	3522.99	3813
08-05-2025	Gujarat	Palitana	Potato	2350	2564
11-09-2024	Kerala	Kottayam	Onion	6000	178
07-11-2023	West Bengal	Dhupguri	Onion	4700	1604
18-08-2023	Uttar Pradesh	Jasra	Onion	1800	2719
26-06-2023	Uttar Pradesh	Charra	Onion	1120	603
23-06-2024	Rajasthan	Rawatsar	Potato	1600	3155
15-07-2024	Maharashtra	Manmad	Onion	2600	500
22-09-2023	Uttar Pradesh	Mahoba	Potato	1120	2667
20-02-2025	Himachal Pradesh	Shimla	Potato	1000	3673
13-07-2023	Karnataka	Chintamani	Tomato	6000	4825
05-10-2024	Uttar Pradesh	Tulsipur	Potato	2230	2321
26-05-2025	West Bengal	Durgapur	Rice	3100	664
16-02-2024	Uttar Pradesh	Chutmalpur	Onion	1900	2290
13-02-2025	Gujarat	Taleja	Onion	2100	3535
09-05-2025	Rajasthan	Madanganj Kishangarh	Onion	2200	2187
08-04-2024	Himachal Pradesh	Kullu	Potato	1800	2405
25-07-2024	Kerala	Thodupuzha	Onion	5800	3844
19-05-2024	Uttar Pradesh	Mirzapur	Onion	1575	3578
18-10-2023	West Bengal	Bankura Sadar	Onion	3500	4156
03-02-2025	Madhya Pradesh	Dhamnod(F&V)	Potato	1100	4979
11-08-2024	Uttar Pradesh	Mehmoodabad	Onion	2780	279
28-07-2023	Rajasthan	Sangriya	Wheat	2274	4930
20-08-2024	Uttar Pradesh	Jaunpur	Onion	3050	4303
05-08-2024	Haryana	FerozpurZirkha(Nagina)	Onion	4200	4668
21-01-2025	Haryana	Hodal	Potato	1200	4586
29-08-2024	Rajasthan	Bhilwara	Onion	2750	746
11-05-2024	Uttar Pradesh	Nawabganj	Onion	1770	1987
01-12-2023	Madhya Pradesh	Rajgarh	Potato	800	3323
19-01-2024	Bihar	Barahat	Onion	3200	1275
27-07-2023	Karnataka	Bijapur	Onion	1200	4945
11-03-2025	Tamilnadu	Kariyapatti(Uzhavar Sandhai )	Potato	4000	3599
08-09-2024	Uttar Pradesh	Aligarh	Onion	3300	2293
29-11-2023	Madhya Pradesh	Khategaon	Wheat	2560	3701
06-11-2023	Uttar Pradesh	Sirsaganj	Potato	300	2187
20-04-2025	Tamilnadu	Periyakulam(Uzhavar Sandhai )	Potato	2800	4819
29-10-2024	Maharashtra	Junnar(Otur)	Potato	2000	980
09-02-2025	Uttar Pradesh	Partaval	Potato	1110	4053
14-10-2023	Gujarat	Kapadvanj	Potato	1075	4307
13-03-2024	Karnataka	Chikkamagalore	Onion	2083	3760
17-01-2024	Uttar Pradesh	Jasvantnagar	Onion	2015	1811
25-09-2024	Kerala	Kannur	Onion	6000	4825
26-04-2025	Haryana	Jagadhri	Onion	1450	535
01-02-2024	Uttar Pradesh	Khaga	Onion	1590	2035
06-07-2023	Orissa	Kuchinda	Potato	1900	4994
31-08-2024	Tamilnadu	Dharmapuri(Uzhavar Sandhai )	Onion	5400	292
10-11-2023	Chattisgarh	Durg	Potato	2000	4642
08-11-2024	Kerala	Vandiperiyar	Onion	6200	4803
12-06-2023	Uttar Pradesh	Ahirora	Wheat	2160	156
12-11-2024	Gujarat	Anand(Veg,Yard,Anand)	Onion	3800	4960
18-08-2023	Uttar Pradesh	Sitapur	Onion	2000	159
01-11-2024	Himachal Pradesh	Kullu	Onion	4700	834
26-02-2025	Haryana	Shahzadpur	Potato	1000	1386
01-12-2023	Uttar Pradesh	Mirzapur	Wheat	2425	1489
28-12-2024	Uttar Pradesh	Chandoli	Potato	1500	2768
31-07-2024	Madhya Pradesh	Bhind	Potato	1300	4984
17-12-2023	Punjab	Bilga	Potato	1100	2078
20-03-2024	Punjab	Tanda Urmur	Onion	2300	1985
10-08-2024	Maharashtra	Dhule	Onion	2600	4500
30-04-2024	Uttar Pradesh	Barabanki	Onion	1750	2461
10-10-2023	Uttar Pradesh	Bindki	Potato	970	3150
04-10-2023	Maharashtra	Satara	Onion	2100	2391
26-07-2023	Nagaland	Mangkolemba	Onion	3000	3539
03-07-2023	Rajasthan	Jhalarapatan	Wheat	2210	4169
15-04-2024	Uttar Pradesh	Nautnava	Onion	1860	2257
05-03-2024	Bihar	Kochas (Balthari)	Onion	15	2178
27-11-2023	Orissa	Keonjhar	Onion	4500	2433
08-11-2024	Tamilnadu	Rasipuram(Uzhavar Sandhai )	Potato	5000	274
16-03-2024	Kerala	Kattappana	Onion	2400	2507
13-01-2024	Maharashtra	Amrawati(Frui & Veg. Market)	Onion	1300	3098
16-11-2024	Rajasthan	Bhadara	Onion	5125	4429
31-07-2023	Madhya Pradesh	Manawar	Tomato	4900	218
18-07-2023	Uttar Pradesh	Mauranipur	Tomato	8080	1078
26-03-2024	Karnataka	Bangalore	Onion	1100	3762
14-10-2023	Haryana	Sonepat	Onion	2400	2462
13-10-2024	Uttar Pradesh	Sirsa	Onion	3100	2181
21-01-2025	Maharashtra	Vashi New Mumbai	Potato	1750	3153
23-09-2024	Haryana	Gurgaon	Onion	4000	4629
26-07-2023	Gujarat	Himatnagar	Wheat	2313	4392
15-10-2024	Uttar Pradesh	Sitapur	Potato	2170	108
13-06-2024	Andhra Pradesh	Siddipet(Rythu Bazar)	Potato	3400	1261
03-05-2025	Maharashtra	Lasalgaon(Vinchur)	Onion	1120	416
01-08-2023	Uttar Pradesh	Sultanpur	Wheat	2265	2240
15-03-2024	Uttar Pradesh	Dhanaura	Onion	900	3449
15-04-2024	Kerala	Kottakkal	Onion	2550	2551
12-09-2023	Maharashtra	Jamkhed	Onion	1250	4625
26-04-2025	West Bengal	Sainthia	Onion	1900	4143
03-03-2024	West Bengal	Indus(Bankura Sadar)	Potato	1200	2910
22-04-2024	Andhra Pradesh	Mahboob Manison	Onion	800	4719
03-11-2023	Punjab	GarhShankar (Kotfatuhi)	Onion	3000	4175
21-09-2023	Kerala	Piravam	Onion	3000	1046
25-03-2025	Tamilnadu	Mettur(Uzhavar Sandhai )	Onion	4000	3862
19-12-2024	Tamilnadu	Palayamkottai(Uzhavar Sandhai )	Potato	4000	1741
24-07-2023	Uttar Pradesh	Azamgarh	Onion	1550	2784
27-11-2024	Tamilnadu	Anna nagar(Uzhavar Sandhai )	Potato	7600	1673
08-10-2023	Uttar Pradesh	Shahabad(New Mandi)	Wheat	2320	871
04-01-2024	Uttar Pradesh	Etawah	Potato	765	4603
27-07-2023	Punjab	Patran	Onion	1050	920
28-07-2023	West Bengal	Ranaghat	Potato	1620	3826
21-03-2025	Uttar Pradesh	Saharanpur	Onion	1600	4408
02-09-2024	Uttar Pradesh	Ballia	Onion	3390	1428
26-12-2024	West Bengal	Bara Bazar (Posta Bazar)	Potato	2620	4852
19-12-2023	Uttar Pradesh	Jasvantnagar	Potato	850	2468
24-10-2024	West Bengal	Ramkrishanpur(Howrah)	Onion	4800	1964
11-11-2023	Uttar Pradesh	Khurja	Potato	1125	2166
06-03-2024	Haryana	Ganaur	Onion	2800	2403
19-05-2025	Uttar Pradesh	Badayoun	Onion	1210	4314
27-05-2024	Bihar	Jehanabad	Potato	2200	3024
04-04-2024	Chhattisgarh	Bilaspur	Potato	1500	4430
18-05-2025	Uttar Pradesh	Bindki	Onion	1230	2397
07-03-2025	Kerala	Thrippunithura	Onion	3500	1028
25-07-2023	Haryana	Shahzadpur	Onion	1000	463
06-10-2023	Maharashtra	Akola	Onion	2400	2303
20-08-2023	Kerala	Alappuzha	Onion	7000	1419
06-06-2024	Uttar Pradesh	Shahganj	Potato	1710	1356
29-08-2024	Madhya Pradesh	Agar	Onion	800	4746
12-03-2024	Uttar Pradesh	Deoband	Potato	1120	1579
02-12-2023	Bihar	Aarah	Potato	1400	4343
11-03-2025	Maharashtra	Ramtek	Potato	1500	1518
02-01-2025	Gujarat	Bharuch	Potato	2000	2567
30-11-2024	Uttar Pradesh	Khaga	Potato	2150	534
22-02-2025	Tamilnadu	Kaveripattinam(Uzhavar Sandhai )	Onion	4000	1171
30-09-2023	Uttar Pradesh	Sirsaganj	Wheat	2375	2139
26-10-2023	Kerala	Mannar	Onion	4100	834
19-12-2023	Orissa	Hindol	Potato	1900	968
07-05-2025	West Bengal	Bethuadahari	Potato	1590	923
05-03-2025	Tamilnadu	Andipatti(Uzhavar Sandhai )	Onion	4000	3425
17-05-2025	Tamilnadu	Gingee(Uzhavar Sandhai )	Onion	2500	131
05-11-2023	Uttar Pradesh	Banda	Potato	1010	1837
21-08-2024	Madhya Pradesh	Narsinghgarh	Onion	3100	2354
06-04-2025	Punjab	Phillaur(Apra Mandi)	Onion	2000	4382
29-04-2025	Uttar Pradesh	Khaga	Onion	1100	4845
02-01-2025	Uttar Pradesh	Bangarmau	Potato	1580	684
20-06-2023	Madhya Pradesh	Kurawar	Wheat	2100	1932
29-11-2024	Orissa	Bargarh	Onion	3700	3824
10-10-2023	Madhya Pradesh	Pipariya	Potato	1100	1369
04-04-2025	West Bengal	Khatra	Potato	1000	302
03-10-2023	Chhattisgarh	Tiphra	Onion	2300	685
18-03-2024	Punjab	Samrala	Potato	700	4765
19-04-2025	Uttar Pradesh	Khatauli	Onion	1400	848
24-07-2023	Orissa	Hindol	Onion	2000	250
03-05-2025	Uttar Pradesh	Rampur	Potato	1070	1522
08-12-2024	Uttar Pradesh	Bareilly	Potato	2010	119
04-06-2024	Rajasthan	Suratgarh	Onion	1200	4974
18-10-2023	Madhya Pradesh	Manawar	Onion	1900	2524
06-04-2025	Tamilnadu	Chinnalapatti(Uzhavar Sandhai )	Onion	3000	1254
25-03-2024	West Bengal	Alipurduar	Potato	1300	3890
07-06-2023	Punjab	Tanda Urmur	Tomato	800	1713
30-10-2024	Uttar Pradesh	Jaunpur	Onion	3950	3836
06-10-2024	Tamilnadu	Palayamkottai(Uzhavar Sandhai )	Onion	5800	4525
09-04-2025	Uttar Pradesh	Puwaha	Potato	1275	3366
12-01-2024	Kerala	Kothamangalam	Potato	2500	4670
07-06-2023	Uttar Pradesh	Muradabad	Onion	1160	1996
11-09-2023	Uttar Pradesh	Aligarh	Potato	1040	3814
29-04-2024	Orissa	Kamakhyanagar	Potato	3000	4218
20-11-2023	Bihar	Murliganj	Potato	1000	704
03-06-2024	Uttar Pradesh	Azamgarh	Potato	1720	1903
28-09-2024	Punjab	Ludhiana	Onion	2900	2485
12-12-2023	Madhya Pradesh	Amarpatan	Wheat	2400	4121
30-06-2023	Madhya Pradesh	Seoni	Onion	1100	906
06-08-2024	Assam	Golagokarnath	Potato	2360	1247
10-09-2024	Haryana	Barwala	Potato	1300	3219
20-05-2024	Uttar Pradesh	Bharthna	Onion	1360	650
14-08-2023	Madhya Pradesh	Harda(F&V)	Potato	980	2940
15-08-2024	Uttar Pradesh	Etah	Onion	2885	3668
23-06-2023	Maharashtra	Lasalgaon(Niphad)	Wheat	2270	1336
27-06-2024	Andhra Pradesh	Mahboob Manison	Potato	2500	424
25-02-2025	West Bengal	Jangipur	Potato	840	3657
30-04-2025	Tamilnadu	Perambalur(Uzhavar Sandhai )	Onion	3000	4817
07-03-2024	Kerala	Thalayolaparambu	Onion	3100	2841
21-05-2025	Haryana	Farukh Nagar	Potato	1300	2427
04-11-2023	Kerala	Athirampuzha	Onion	8100	2732
18-01-2024	Uttar Pradesh	Charra	Potato	700	4216
15-11-2023	Uttar Pradesh	Hardoi	Onion	3675	2040
23-11-2024	West Bengal	Balarampur	Onion	5400	3009
29-07-2024	Himachal Pradesh	Hamirpur(Nadaun)	Onion	3900	2302
06-10-2024	Uttar Pradesh	Achnera	Potato	2040	4463
11-12-2023	Himachal Pradesh	Solan	Onion	3300	437
11-08-2023	Maharashtra	Pathardi	Onion	1500	2188
08-03-2024	Uttar Pradesh	Kosikalan	Onion	1700	2753
12-07-2023	Rajasthan	Udaipur (Grain)	Wheat	2450	1497
21-11-2024	Maharashtra	Junnar(Otur)	Onion	4500	1996
22-07-2023	Uttar Pradesh	Moth	Potato	1280	4448
28-11-2023	Bihar	Muzaffarpur	Wheat	2540	4604
03-08-2024	Uttar Pradesh	Bahraich	Onion	3000	3189
12-05-2025	Bihar	Jamui	Potato	1200	658
22-06-2024	Assam	Paliakala	Potato	1870	1900
11-01-2024	Maharashtra	Pune(Manjri)	Potato	1700	4894
13-05-2025	Uttar Pradesh	Tilhar	Potato	1060	3559
18-02-2025	Haryana	Shahabad	Potato	350	870
30-01-2024	Gujarat	Khambhat(Grain Market)	Wheat	2375	4065
26-09-2023	Madhya Pradesh	Nagda	Wheat	2530	3886
11-01-2024	Uttar Pradesh	Safdarganj	Onion	2080	2164
17-06-2023	Punjab	Kot ise Khan	Potato	900	1294
26-11-2024	Himachal Pradesh	Mandi(Mandi)	Onion	3800	539
10-07-2023	Punjab	Garh Shankar(Mahalpur)	Onion	1700	3189
19-01-2025	Uttar Pradesh	Divai	Potato	1100	131
10-09-2024	Uttar Pradesh	Sitapur	Onion	3700	888
07-12-2023	Maharashtra	Nandgaon	Wheat	2750	2649
28-02-2025	Tamilnadu	Kulithalai(Uzhavar Sandhai )	Potato	5000	3847
27-02-2024	Andhra Pradesh	Bowenpally	Potato	1300	1751
18-12-2023	Uttar Pradesh	Nautnava	Potato	1100	1153
05-04-2025	Orissa	Jharsuguda	Onion	3000	1064
04-05-2025	West Bengal	Purulia	Onion	1800	932
10-02-2024	West Bengal	Bara Bazar (Posta Bazar)	Potato	1080	3167
16-04-2025	Uttar Pradesh	Rasda	Onion	1575	1775
19-10-2024	West Bengal	Sheoraphuly	Onion	3600	2621
11-07-2023	Punjab	Khanna	Onion	1500	903
30-08-2024	Tamilnadu	Mannargudi I(Uzhavar Sandhai )	Potato	5000	4124
14-11-2024	Punjab	Nawan Shahar(Subzi Mandi)	Potato	2050	3803
16-05-2025	Uttar Pradesh	Basti	Onion	1260	4111
04-10-2024	West Bengal	Kandi	Potato	2400	1188
06-12-2023	Kerala	Vandiperiyar	Onion	5800	4801
01-07-2023	Haryana	Narwana	Tomato	4000	1003
14-11-2024	Bihar	Sheohar	Onion	5800	1943
05-06-2024	Madhya Pradesh	Mandsaur	Onion	500	1984
16-12-2023	Madhya Pradesh	Bhind	Wheat	2400	486
14-06-2023	Uttar Pradesh	Sandila	Onion	1090	1459
28-09-2024	Maharashtra	Pune(Moshi)	Onion	3250	928
20-10-2023	Gujarat	Dahod	Wheat	2900	4776
13-03-2025	Haryana	Ambala Cantt.	Onion	2200	1616
09-12-2023	Maharashtra	Bhusaval	Onion	2500	626
09-11-2023	Haryana	Jagadhri	Onion	3200	3473
13-12-2024	Manipur	Bishenpur	Potato	3750	2138
03-04-2024	Maharashtra	Mangal Wedha	Onion	1420	1163
17-09-2024	Bihar	Jahajharpur	Potato	2600	3397
26-11-2024	Uttar Pradesh	Atarra	Onion	3800	1289
27-10-2023	Uttar Pradesh	Akbarpur	Tomato	1260	116
01-11-2023	Punjab	Khanna	Onion	3500	4202
01-06-2024	Haryana	Ganaur	Potato	1800	2349
30-01-2025	West Bengal	Bethuadahari	Potato	940	2121
16-12-2023	Rajasthan	Hanumangarh	Potato	1200	4551
19-07-2024	Maharashtra	Mangal Wedha	Onion	2950	2480
24-06-2023	Uttar Pradesh	Auraiya	Wheat	2210	354
05-01-2025	Tamilnadu	Kaveripattinam(Uzhavar Sandhai )	Potato	5000	1070
20-04-2024	Haryana	Sirsa	Potato	1500	4359
23-07-2023	Orissa	Bargarh(Barapalli)	Potato	2500	1082
28-12-2024	Uttar Pradesh	Firozabad	Potato	1550	4514
27-06-2023	Punjab	Dinanagar	Tomato	5000	3822
08-04-2025	Punjab	Amritsar(Amritsar Mewa Mandi)	Potato	300	4828
08-11-2023	Kerala	Thalayolaparambu	Onion	8800	3221
20-11-2024	Tamilnadu	NGO Colony(Uzhavar Sandhai )	Onion	6500	4939
20-07-2024	Madhya Pradesh	Sarangpur	Onion	700	4498
13-12-2023	Haryana	Ch. Dadri	Onion	1900	4930
18-04-2025	Uttar Pradesh	Dibiapur	Potato	900	4749
12-04-2024	Uttar Pradesh	Purwa	Onion	1640	3887
30-11-2023	Gujarat	Chotila	Wheat	2400	699
19-08-2023	Haryana	Ch. Dadri	Onion	2000	2253
16-09-2023	West Bengal	Jangipur	Potato	1625	3063
06-09-2024	Tamilnadu	Periyakulam(Uzhavar Sandhai )	Onion	5600	4974
28-08-2024	Madhya Pradesh	Jaora	Onion	3000	1039
21-02-2025	Uttar Pradesh	Achalda	Potato	1010	3325
13-12-2024	Uttar Pradesh	Manjhanpur	Potato	2040	735
23-12-2023	Madhya Pradesh	Niwadi	Wheat	2300	4564
28-08-2023	Madhya Pradesh	Harda(F&V)	Onion	900	2849
19-09-2023	Maharashtra	Khed(Chakan)	Potato	1500	590
19-08-2023	Uttar Pradesh	Firozabad	Onion	1750	731
19-09-2023	Uttar Pradesh	Visoli	Potato	805	4629
23-01-2024	Uttar Pradesh	Barabanki	Onion	2050	125
04-06-2025	Uttar Pradesh	Divai	Potato	900	3518
20-12-2023	Maharashtra	Nandurbar	Wheat	2500	1534
07-10-2024	Tamilnadu	Ammapet(Uzhavar Sandhai )	Potato	6000	3697
22-11-2023	Himachal Pradesh	Hamirpur	Onion	4650	1235
13-04-2024	Gujarat	Anand(Veg,Yard,Anand)	Potato	2100	2434
06-10-2024	Uttar Pradesh	Bhehjoi	Potato	2005	4484
18-06-2023	West Bengal	Uluberia	Potato	1520	2962
15-12-2023	Maharashtra	Parola	Wheat	3160	4011
25-01-2024	Uttar Pradesh	Saharanpur	Potato	730	4924
30-04-2024	Uttar Pradesh	Hargaon (Laharpur)	Onion	1400	423
25-09-2024	West Bengal	Ranaghat	Potato	2700	4915
30-09-2023	Uttar Pradesh	Amroha	Potato	1080	2194
20-08-2023	Uttar Pradesh	Ujhani	Wheat	2300	2019
16-12-2023	Uttar Pradesh	Milak	Onion	2550	3308
06-04-2024	Orissa	Rayagada	Onion	2200	4417
08-07-2024	Uttar Pradesh	Hapur	Onion	2940	646
25-05-2025	Uttar Pradesh	Basti	Onion	1250	3653
20-02-2025	Himachal Pradesh	Chamba	Onion	3250	3347
29-10-2024	Andhra Pradesh	Hanmarkonda(Rythu Bazar)	Potato	4200	3218
26-01-2024	Kerala	Pala	Onion	3500	365
07-09-2023	Madhya Pradesh	Jora	Wheat	2240	3126
26-09-2024	Maharashtra	Shrirampur	Onion	4050	3119
04-01-2025	Uttar Pradesh	Muradabad	Potato	1450	2151
01-06-2024	West Bengal	Alipurduar	Onion	2400	2495
30-06-2023	Kerala	Kayamkulam	Potato	2100	2687
05-09-2024	Chattisgarh	Rajnandgaon	Onion	3500	2365
01-04-2024	Himachal Pradesh	Bharuasumerpur	Potato	1425	4147
01-11-2024	Punjab	Bhawanigarh	Onion	3750	3623
17-06-2024	Uttar Pradesh	Vilthararoad	Potato	1750	1053
08-04-2025	Madhya Pradesh	Sagar(F&V)	Potato	900	1778
13-07-2024	Chhattisgarh	Bilaspur	Onion	3900	2102
03-07-2023	Maharashtra	Sangamner	Tomato	4225	4116
14-05-2025	Uttar Pradesh	Pratapgarh	Onion	880	2188
30-07-2024	Rajasthan	Bhadara	Potato	2100	846
03-05-2025	Uttar Pradesh	Gangoh	Potato	800	2635
02-01-2025	Tamilnadu	Vadavalli(Uzhavar Sandhai )	Potato	4600	3143
12-03-2024	Nagaland	Jalukie	Onion	3500	944
01-08-2024	Kerala	Pala	Onion	4200	4483
29-08-2024	Madhya Pradesh	Gautampura	Onion	900	4322
11-09-2023	Haryana	Rania	Potato	900	4864
01-06-2024	Kerala	North Paravur	Potato	4500	3362
09-11-2023	Punjab	Phagwara	Onion	3951	571
12-10-2023	Gujarat	Rajkot	Wheat	2590	4880
18-05-2024	Nagaland	Pfatsero	Potato	3200	432
08-01-2025	Himachal Pradesh	Bharuasumerpur	Potato	1325	3953
25-07-2023	Gujarat	Harij	Wheat	2175	815
15-09-2024	West Bengal	Alipurduar	Onion	4800	2554
17-12-2023	Haryana	Safidon	Potato	500	326
17-01-2024	Uttar Pradesh	Sirsaganj	Potato	400	1294
07-05-2025	Uttar Pradesh	Azamgarh	Potato	1165	3684
23-09-2024	West Bengal	Bolpur	Onion	4300	1175
13-09-2024	Himachal Pradesh	Dhanotu (Mandi)	Onion	4250	1534
19-03-2024	Nagaland	Mangkolemba	Onion	5000	4524
16-12-2023	Madhya Pradesh	Chaakghat	Wheat	2300	3243
16-12-2024	Delhi	Azadpur	Potato	2138	3443
24-08-2023	Madhya Pradesh	Bina	Wheat	2425	455
17-09-2024	West Bengal	Bara Bazar (Posta Bazar)	Onion	4675	1422
14-01-2025	Tamilnadu	Jalagandapuram(Uzhavar Sandhai )	Potato	5000	1007
23-11-2024	Uttar Pradesh	Chutmalpur	Onion	2150	601
21-06-2023	Uttar Pradesh	Jaunpur	Onion	1185	2619
25-05-2025	Orissa	Kamakhyanagar	Potato	2000	1065
02-01-2024	Punjab	Dudhansadhan	Onion	2700	1180
15-06-2023	Punjab	Phagwara	Tomato	898	4316
08-06-2024	West Bengal	Falakata	Potato	2100	2373
05-03-2025	Uttar Pradesh	Chutmalpur	Potato	800	2866
10-05-2025	Madhya Pradesh	Agar	Onion	712	4428
29-03-2024	Punjab	Banga	Potato	1027	4445
25-12-2024	Rajasthan	Udaipur (F&V)	Potato	1250	2265
27-08-2023	Orissa	Saharpada	Potato	2000	981
31-05-2025	Maharashtra	Ramtek	Onion	1200	1998
26-10-2023	Madhya Pradesh	Udaipura	Wheat	2360	2312
08-04-2024	Uttar Pradesh	Nawabganj	Potato	1650	3579
23-06-2023	Madhya Pradesh	Garhakota	Wheat	2200	1278
01-12-2023	Uttar Pradesh	Devariya	Onion	3650	2384
09-06-2024	West Bengal	Balarampur	Potato	2300	3337
15-08-2024	Uttar Pradesh	Mainpuri	Potato	2120	1109
14-07-2024	Haryana	Rania	Onion	1900	1626
30-10-2024	Uttar Pradesh	Banda	Potato	2210	2216
17-08-2023	Uttar Pradesh	Jasvantnagar	Potato	1000	1699
04-03-2024	Uttar Pradesh	Chandoli	Potato	925	1828
12-05-2025	Haryana	Jind	Onion	800	2951
10-06-2023	Uttar Pradesh	Rasda	Tomato	1040	3698
19-12-2023	Punjab	Barnala	Onion	2200	2595
26-02-2024	Haryana	Barwala	Onion	1700	4172
10-01-2024	Assam	Golagokarnath	Wheat	2510	292
29-05-2024	Jammu and Kashmir	Kulgam	Onion	2250	2253
27-10-2024	Uttar Pradesh	Bijnaur	Potato	2070	1496
11-09-2024	West Bengal	Ramkrishanpur(Howrah)	Potato	2580	1346
28-08-2024	Punjab	Samrala	Potato	2200	1073
01-11-2023	West Bengal	Kandi	Wheat	2330	2998
02-05-2025	Uttar Pradesh	Bangarmau	Rice	3160	757
30-11-2023	Haryana	Dharsul	Potato	900	3095
27-03-2024	Uttar Pradesh	Buland Shahr	Potato	1250	1434
30-05-2024	Maharashtra	Nasik	Potato	2350	1982
14-09-2023	Madhya Pradesh	Khargone	Potato	900	3718
28-12-2023	Maharashtra	Kolhapur	Onion	1600	3504
26-09-2024	Karnataka	Davangere	Potato	1800	4709
02-02-2024	Madhya Pradesh	Shajapur	Potato	398	1436
20-11-2023	Haryana	Pehowa	Potato	600	2360
15-07-2024	Andhra Pradesh	Hanmarkonda(Rythu Bazar)	Potato	3600	1548
23-08-2023	Uttar Pradesh	Etah	Potato	1050	3209
23-01-2024	Maharashtra	Akola	Onion	1500	705
16-11-2024	Uttar Pradesh	Balrampur	Potato	2200	3915
10-02-2025	Tamilnadu	Cuddalore(Uzhavar Sandhai )	Onion	4500	2558
20-03-2025	Punjab	Doraha	Potato	500	2688
16-02-2024	Uttar Pradesh	Moth	Potato	770	613
10-02-2025	Punjab	Malout	Potato	500	4718
19-05-2025	Rajasthan	Hanumangarh Town	Onion	1000	1966
28-01-2024	Chhattisgarh	Tiphra	Potato	1500	1321
05-04-2025	Chattisgarh	Durg	Onion	1800	2873
12-10-2023	Rajasthan	Barodamev	Wheat	2449	3265
13-05-2024	Haryana	Madlauda	Potato	1000	4511
30-09-2023	Uttar Pradesh	Jhansi	Wheat	2400	1938
11-07-2023	West Bengal	Chakdah	Tomato	11000	1159
31-01-2024	Maharashtra	Solapur	Wheat	2970	2685
29-06-2023	Punjab	Malout	Potato	600	2298
03-02-2024	Gujarat	Talod	Wheat	2365	729
14-10-2024	Madhya Pradesh	Sanawad(F&V)	Onion	2500	1840
01-08-2023	Haryana	Barwala	Onion	1250	4201
03-12-2023	Orissa	Bargarh(Barapalli)	Onion	2600	2865
02-10-2024	Haryana	Farukh Nagar	Onion	3500	2881
23-10-2024	Punjab	Ludhiana	Onion	3700	1117
10-09-2023	Delhi	Najafgarh	Wheat	2500	2528
22-08-2024	Rajasthan	Udaipur (F&V)	Onion	2800	664
06-04-2024	Uttar Pradesh	Khurja	Onion	1715	522
02-03-2025	Uttar Pradesh	Gonda	Onion	2800	1114
13-03-2025	Haryana	Mustafabad	Potato	500	1203
12-06-2023	Haryana	Thanesar	Tomato	600	2383
26-02-2025	Tamilnadu	Sulur(Uzhavar Sandhai )	Potato	3800	4263
14-02-2024	Karnataka	Bangalore	Onion	1000	4626
23-04-2024	Uttar Pradesh	Agra	Onion	1590	4744
04-05-2025	Orissa	Kendrapara(Marshaghai)	Potato	1800	2316
18-08-2024	Tamilnadu	Thammampatti (Uzhavar Sandhai )	Potato	5000	141
20-05-2024	West Bengal	Jangipur	Onion	1975	4110
16-12-2023	Uttar Pradesh	Jahangirabad	Potato	755	510
12-12-2024	Jammu & Kashmir	Udhampur	Potato	2000	4413
18-10-2024	Maharashtra	Sinner	Onion	4175	4691
03-12-2023	Gujarat	Dahod(Veg. Market)	Onion	4000	1688
06-10-2023	Uttar Pradesh	Muzzafarnagar	Potato	1190	3103
25-08-2024	West Bengal	Asansol	Onion	4100	461
08-01-2024	Himachal Pradesh	Maudaha	Wheat	2200	1465
09-07-2024	Karnataka	Bangalore	Onion	3200	4855
20-06-2023	Uttar Pradesh	Chorichora	Potato	1140	1270
09-02-2025	Tamilnadu	Muthupettai(Uzhavar Sandhai )	Onion	5000	2969
10-04-2024	Uttar Pradesh	Noida	Potato	1540	313
12-08-2023	Uttar Pradesh	Akbarpur	Tomato	8120	4545
20-01-2024	Madhya Pradesh	Shajapur	Potato	503	3218
26-07-2023	Orissa	Kuchinda	Onion	2100	2366
24-03-2025	Uttar Pradesh	Saharanpur	Potato	650	4116
14-04-2025	Tamilnadu	Denkanikottai(Uzhavar Sandhai )	Potato	2500	2145
31-01-2024	Maharashtra	Chopada	Wheat	2200	4668
08-08-2023	Jammu & Kashmir	Udhampur	Onion	2200	1343
04-10-2023	Maharashtra	Jalgaon	Wheat	2400	4454
24-01-2025	Uttar Pradesh	Chutmalpur	Potato	750	3896
07-02-2024	Gujarat	Vadhvan	Potato	1750	1148
04-11-2023	Madhya Pradesh	Bhander	Wheat	2500	3574
04-02-2024	West Bengal	Belacoba	Onion	2500	2098
08-12-2023	Maharashtra	Pune	Onion	3400	1865
07-08-2024	Orissa	Bargarh(Barapalli)	Onion	4100	293
25-08-2024	Tamilnadu	Palanganatham(Uzhavar Sandhai )	Onion	5800	4622
18-01-2024	Maharashtra	Solapur	Onion	1400	1271
24-06-2023	Madhya Pradesh	Khandwa(F&V)	Onion	500	1211
01-02-2025	Uttar Pradesh	Bahraich	Potato	1185	520
11-11-2024	Uttar Pradesh	Chandoli	Potato	2170	4564
20-03-2024	Haryana	Barwala	Onion	1700	4243
01-01-2025	Uttar Pradesh	Etah	Potato	1355	4835
01-02-2024	Karnataka	Davangere	Potato	1500	1221
06-09-2023	Bihar	Jaitipir Mandi, Lalganj block	Potato	1600	1335
03-04-2025	Tamilnadu	Vadavalli(Uzhavar Sandhai )	Potato	3600	821
26-11-2023	Madhya Pradesh	Khandwa(F&V)	Potato	900	2796
02-05-2025	Karnataka	Chikkamagalore	Potato	2108	294
09-09-2023	Madhya Pradesh	Karhi	Wheat	2400	308
11-03-2024	Himachal Pradesh	Maudaha	Onion	1650	4888
03-07-2023	Jammu & Kashmir	Akhnoor	Potato	1400	4870
31-10-2023	Madhya Pradesh	Kukshi	Potato	1000	2977
13-03-2025	Kerala	Athirampuzha	Potato	2900	1029
19-03-2025	Madhya Pradesh	Neemuch	Onion	1600	4158
18-05-2025	Uttar Pradesh	Badayoun	Potato	1130	3430
31-05-2025	Uttar Pradesh	Ahirora	Onion	800	2195
06-05-2024	Karnataka	Mysore (Bandipalya)	Potato	2600	4297
28-06-2024	Punjab	Mukerian	Potato	2800	1755
23-09-2024	Karnataka	Bangalore	Onion	4000	2566
15-01-2024	Kerala	Angamaly	Potato	2900	1378
17-07-2023	Punjab	Kot ise Khan	Potato	1100	219
23-05-2025	Madhya Pradesh	Timarni(F&V)	Onion	1000	3743
19-07-2024	Orissa	Kuchinda	Onion	3700	3145
04-04-2025	Maharashtra	Umrane	Onion	1100	4475
28-08-2024	Kerala	Thrippunithura	Potato	5000	3423
05-07-2023	Haryana	Rewari	Tomato	6500	189
04-10-2023	Madhya Pradesh	Harda(F&V)	Potato	980	4982
12-10-2023	Uttar Pradesh	Puwaha	Onion	1890	4064
26-04-2025	Gujarat	Ahmedabad(Chimanbhai Patal Market Vasana)	Onion	900	1788
26-10-2023	Karnataka	Bijapur	Wheat	3350	4696
19-02-2025	Uttar Pradesh	Akbarpur	Potato	900	3071
21-12-2023	Uttar Pradesh	Sandila	Onion	2535	875
07-04-2025	Kerala	Chengannur	Onion	3800	2331
26-05-2025	Gujarat	Jamnagar	Onion	725	3690
24-02-2025	Tamilnadu	Kancheepuram(Uzhavar Sandhai )	Potato	4000	3596
10-02-2024	Karnataka	Hubli (Amaragol)	Onion	1050	4593
29-12-2023	Uttar Pradesh	Basti	Potato	790	4354
01-06-2025	Maharashtra	Kamthi	Onion	1300	4786
05-08-2023	Maharashtra	Junnar(Narayangaon)	Tomato	8500	738
02-04-2025	Kerala	Chengannur	Onion	2700	4767
04-10-2024	Kerala	Thalasserry	Onion	5100	4553
15-03-2025	Haryana	Tauru	Potato	1000	462
23-02-2024	Kerala	Kannur	Onion	2800	268
05-01-2025	West Bengal	Birbhum	Potato	1700	1417
24-04-2025	Kerala	Chala	Onion	4600	3486
09-05-2024	Kerala	Kattappana	Onion	3200	1431
30-04-2024	Uttar Pradesh	Gulavati	Potato	1000	2226
21-10-2023	Rajasthan	Choumahla	Wheat	2525	3779
08-09-2023	Uttar Pradesh	Sikarpur	Potato	900	1928
15-03-2024	Punjab	Doraha	Potato	800	2086
21-02-2024	Orissa	Khariar	Potato	2100	3052
03-04-2025	Punjab	Dinanagar	Onion	2500	667
29-11-2024	Uttar Pradesh	Achnera	Onion	3600	2717
03-07-2024	Uttar Pradesh	Shahaswan	Potato	1700	896
07-03-2024	Uttar Pradesh	Ujhani	Onion	1650	387
25-07-2023	Delhi	Azadpur	Potato	1220	720
29-07-2024	West Bengal	Bethuadahari	Onion	3200	1290
28-12-2023	Gujarat	Jambusar	Wheat	2600	2623
07-02-2025	Uttar Pradesh	Azamgarh	Onion	2120	2188
12-10-2023	Bihar	Piro	Onion	2425	1319
12-12-2023	Punjab	Mehatpur	Potato	1200	3091
03-12-2023	Himachal Pradesh	Mandi(Takoli)	Potato	1200	2086
19-11-2024	Tamilnadu	Mettur(Uzhavar Sandhai )	Potato	6000	4312
18-10-2023	Uttar Pradesh	Bharthna	Onion	2090	4574
28-10-2024	Tamilnadu	Kumbakonam (Uzhavar Sandhai )	Onion	7000	2594
15-04-2025	Uttar Pradesh	Sirsaganj	Onion	1600	3599
12-12-2023	West Bengal	Bishnupur(Bankura)	Potato	1400	2840
15-08-2023	Punjab	Mukerian(Talwara)	Potato	1200	1044
20-10-2023	Rajasthan	Abu Road	Tomato	800	1656
31-05-2024	Punjab	Bhawanigarh	Onion	1100	247
05-03-2024	Rajasthan	Suratgarh	Potato	700	2116
15-04-2025	Punjab	GarhShankar (Kotfatuhi)	Potato	600	1833
07-05-2024	Uttar Pradesh	Chitwadagaon	Onion	1660	1769
14-05-2025	West Bengal	Ranaghat	Potato	1570	650
07-01-2025	West Bengal	Falakata	Potato	2000	330
20-01-2024	Uttar Pradesh	Wazirganj	Onion	1810	4915
04-04-2025	Maharashtra	Islampur	Potato	2250	4568
13-01-2025	Rajasthan	Rajsamand	Potato	1750	4973
24-03-2025	Rajasthan	Sriganganagar (F&V)	Potato	1100	3407
18-07-2024	Tamilnadu	Sulur(Uzhavar Sandhai )	Onion	4200	2788
15-04-2024	Himachal Pradesh	Bhuntar	Onion	2300	2051
22-11-2023	Kerala	Pala	Onion	10000	4133
20-01-2024	Bihar	Tajpur	Onion	2300	1494
29-04-2024	Uttar Pradesh	Amroha	Onion	1680	3124
08-02-2025	Tamilnadu	Chinnamanur(Uzhavar Sandhai )	Onion	4400	2771
17-11-2023	West Bengal	Kandi	Potato	1270	3466
25-08-2023	Uttar Pradesh	Sehjanwa	Onion	1800	3653
23-04-2025	Uttar Pradesh	Bilsi	Potato	1050	338
08-06-2023	Haryana	Rohtak	Onion	700	2153
12-06-2024	Orissa	Jharsuguda	Potato	3000	1206
03-03-2025	Tamilnadu	Tiruvarur(Uzhavar Sandhai )	Potato	3400	4926
08-03-2025	West Bengal	Moynaguri	Potato	750	4016
08-07-2023	 Punjab	Fazilka	Onion	1800	1769
06-04-2025	Gujarat	Nadiyad(Piplag)	Potato	950	2378
20-02-2024	Uttar Pradesh	Chaandpur	Onion	1300	2360
05-07-2023	Uttar Pradesh	Meerut	Tomato	5850	1818
09-03-2024	Nagaland	Phek	Potato	3000	868
28-08-2023	Madhya Pradesh	Pipariya	Wheat	2390	265
29-07-2023	Nagaland	Mokokchung Town	Potato	3000	4069
31-07-2023	Madhya Pradesh	Biaora	Onion	900	4950
06-07-2024	Uttar Pradesh	Payagpur	Onion	3200	3510
18-11-2023	Uttar Pradesh	Fatehabad	Onion	1650	2910
05-07-2023	Kerala	Kottayam	Potato	3300	4954
19-04-2024	Andhra Pradesh	Gudimalkapur	Onion	1100	807
17-01-2024	Uttar Pradesh	Agra	Potato	630	1056
29-08-2023	Maharashtra	Nagpur	Onion	3000	602
30-06-2023	Rajasthan	Suratgarh	Onion	1200	3959
25-09-2023	Punjab	Phagwara	Onion	2285	1820
06-09-2024	Tamilnadu	Harur(Uzhavar Sandhai )	Potato	5000	2537
17-02-2025	Tamilnadu	Katpadi (Uzhavar Sandhai )	Onion	4200	2254
12-12-2023	Uttar Pradesh	Sirsaganj	Potato	400	2471
01-05-2024	Kerala	Pampady	Onion	4200	346
04-10-2023	Gujarat	Ahmedabad	Tomato	1250	2937
19-10-2024	Uttar Pradesh	Muzzafarnagar	Onion	4220	2092
05-06-2025	Tamilnadu	Gudalur(Uzhavar Sandhai )	Potato	5000	228
22-12-2023	Bihar	Sheohar	Potato	1800	270
27-01-2025	Tamilnadu	RSPuram(Uzhavar Sandhai )	Potato	4600	4707
23-11-2024	West Bengal	Alipurduar	Onion	5200	4515
19-11-2024	Uttar Pradesh	Mathura	Onion	3800	4740
30-08-2024	Kerala	Madhavapuram	Onion	3700	870
26-08-2023	Andhra Pradesh	Gudimalkapur	Tomato	1600	2746
07-05-2025	Uttar Pradesh	Bindki	Onion	1250	547
12-12-2023	Rajasthan	Jodhpur (F&V)	Onion	2500	3052
30-04-2024	Madhya Pradesh	A lot	Onion	901	1164
09-03-2024	Bihar	Natwar	Potato	1000	4158
25-11-2024	Uttar Pradesh	Ujhani	Onion	4120	4322
29-02-2024	Orissa	Hinjilicut	Onion	3000	3054
11-06-2025	Kerala	Aralamoodu	Onion	4000	1307
06-04-2024	Uttar Pradesh	Anandnagar	Onion	2200	4107
08-05-2025	Tamilnadu	Sathur(Uzhavar Sandhai )	Potato	3500	507
07-07-2023	Uttar Pradesh	Gangoh	Potato	1300	2851
18-05-2025	Uttar Pradesh	Lalitpur	Onion	980	4666
25-08-2023	Punjab	Dasuya	Potato	1150	4625
20-11-2024	Orissa	Balugaon	Onion	3600	2336
06-11-2024	Uttar Pradesh	Gonda	Potato	2225	482
25-08-2023	Madhya Pradesh	Narsinghgarh	Wheat	2450	602
23-08-2023	Kerala	Kottayam	Potato	2700	1422
23-12-2023	Uttar Pradesh	Tulsipur	Potato	1030	1722
08-02-2025	Karnataka	Bangarpet	Onion	2700	4014
07-06-2025	Rajasthan	Sangriya	Onion	1850	1607
04-07-2023	Himachal Pradesh	Raath	Onion	1220	2775
20-12-2023	Madhya Pradesh	Sagar(F&V)	Potato	700	1761
03-09-2024	Punjab	Mukerian(Talwara)	Onion	4400	4166
08-05-2025	Uttar Pradesh	Sandi	Onion	1260	2754
28-07-2023	Rajasthan	Kapasan	Wheat	2250	609
01-10-2024	Orissa	Chatta Krushak Bazar	Potato	3000	1795
24-07-2023	Madhya Pradesh	Chaurai	Wheat	2357	4082
31-08-2023	Uttar Pradesh	Charkhari	Wheat	2250	4946
18-09-2024	Tamilnadu	Chokkikulam(Uzhavar Sandhai )	Potato	5500	4885
16-07-2023	West Bengal	Uluberia	Onion	2000	3774
24-05-2024	Haryana	Ladwa	Potato	2000	3538
11-05-2024	Uttar Pradesh	Unnao	Potato	1780	4792
20-04-2025	West Bengal	Bankura Sadar	Rice	3600	4514
15-07-2023	Haryana	Tauru	Potato	1000	2506
12-10-2024	West Bengal	Chakdah	Onion	4800	4533
15-07-2023	Uttar Pradesh	Badayoun	Tomato	7400	3448
28-11-2024	Orissa	Khariar Road	Potato	3000	2303
29-03-2024	Uttar Pradesh	Akbarpur	Onion	1810	3513
13-09-2024	Haryana	Sonepat(Kharkhoda)	Potato	2200	3429
09-05-2024	Kerala	Ettumanoor	Onion	5800	3571
22-11-2023	Karnataka	Davangere	Potato	1800	2980
09-11-2023	West Bengal	Bolpur	Onion	5300	1454
27-02-2025	Haryana	Jagadhri	Potato	800	2764
13-06-2023	Rajasthan	Alwar (F&V)	Onion	1300	2958
18-08-2023	Madhya Pradesh	Seoni	Wheat	2125	176
08-01-2024	Madhya Pradesh	Berasia	Wheat	2380	3887
20-11-2024	Punjab	Samana	Onion	4000	917
02-04-2025	Madhya Pradesh	Ujjain	Potato	800	199
21-08-2024	Uttar Pradesh	Samsabad	Potato	1700	236
05-10-2024	Tamilnadu	Ulundurpettai	Onion	6000	2780
05-04-2024	Uttar Pradesh	Safdarganj	Potato	1520	2641
12-10-2024	Orissa	Kendrapara	Potato	2800	1578
09-10-2023	Karnataka	Chintamani	Potato	2200	2628
09-08-2023	Madhya Pradesh	Haatpipliya	Wheat	2637	3254
27-07-2023	Jammu & Kashmir	Udhampur	Onion	1600	1995
24-12-2023	Haryana	Sonepat	Potato	1400	4482
26-11-2024	Uttar Pradesh	Meerut	Onion	4090	3249
20-11-2023	West Bengal	Kandi	Wheat	2300	1668
29-01-2024	Uttar Pradesh	Awagarh	Onion	1900	3818
12-10-2023	Uttar Pradesh	Khekda	Potato	1200	1339
26-02-2025	Madhya Pradesh	Mhow(F&V)	Potato	600	152
27-07-2023	Maharashtra	Akola	Potato	1200	1453
27-03-2025	Himachal Pradesh	Kangra	Onion	2400	1381
28-07-2023	Himachal Pradesh	Solan	Potato	1800	2943
21-03-2024	Uttar Pradesh	Gangoh	Onion	1800	3883
18-07-2024	Tamilnadu	Tindivanam	Onion	4600	468
08-02-2025	Tamilnadu	Pollachi(Uzhavar Sandhai )	Potato	5500	1356
21-06-2023	Orissa	Bhawanipatna	Potato	2000	4631
05-08-2024	Orissa	Kamakhyanagar	Potato	4000	1855
29-11-2023	Uttar Pradesh	Pratapgarh	Onion	2700	1763
28-08-2023	Madhya Pradesh	Seoni	Potato	1100	4321
22-07-2023	Andhra Pradesh	Siddipet(Rythu Bazar)	Potato	2400	431
26-11-2023	Madhya Pradesh	Alirajpur	Wheat	2300	3258
17-04-2024	Uttar Pradesh	Charra	Potato	1630	786
13-06-2023	Uttar Pradesh	Ghiraur	Onion	925	4803
22-05-2025	Haryana	Radaur	Potato	800	1672
09-10-2024	Maharashtra	Vashi New Mumbai	Onion	3600	1791
18-03-2025	Punjab	Garh Shankar	Potato	750	821
28-12-2023	Karnataka	Bangalore	Onion	2200	2202
08-12-2023	Madhya Pradesh	Devandranagar	Wheat	2430	4083
11-06-2023	Rajasthan	Goluwala	Tomato	900	700
02-06-2025	Uttar Pradesh	Sitapur	Potato	1225	216
25-09-2024	Rajasthan	Pratapgarh	Onion	4050	1546
17-06-2023	Haryana	Sampla	Onion	1500	2538
05-12-2024	Gujarat	Ahmedabad(Chimanbhai Patal Market Vasana)	Onion	6500	2270
29-11-2023	Haryana	Fatehabad	Potato	2500	1926
06-06-2023	Haryana	Tarori	Potato	800	2607
31-03-2025	Tamilnadu	Tiruchengode	Onion	4000	2807
27-03-2024	Madhya Pradesh	Garhakota	Onion	715	1433
12-01-2024	Himachal Pradesh	Muskara	Potato	750	4191
24-11-2023	Uttar Pradesh	Mathura	Wheat	2530	2582
27-10-2024	West Bengal	Champadanga	Potato	2640	2634
19-05-2025	Tamilnadu	Srivilliputhur(Uzhavar Sandhai )	Onion	3000	1500
01-09-2023	Uttar Pradesh	Mugrabaadshahpur	Potato	1160	2306
01-08-2024	Tamilnadu	Rasipuram(Uzhavar Sandhai )	Potato	5000	537
27-07-2024	Rajasthan	Bikaner (F&V)	Potato	1800	3588
31-10-2023	Orissa	Khariar	Potato	2000	2072
19-04-2025	Gujarat	Mahuva(Station Road)	Onion	700	2343
21-10-2024	Uttar Pradesh	Lalitpur	Onion	3770	704
06-12-2024	Uttar Pradesh	Siyana	Onion	2860	4565
01-09-2024	Maharashtra	Junnar(Narayangaon)	Onion	3000	3697
15-12-2023	Uttar Pradesh	Unnao	Potato	900	152
15-11-2024	Tamilnadu	Thalavadi(Uzhavar Sandhai )	Onion	6400	3420
19-12-2024	Rajasthan	Hanumangarh(Urlivas)	Potato	1700	248
02-12-2023	Bihar	Jahajharpur	Onion	5000	438
28-06-2023	Uttar Pradesh	Kishunpur	Wheat	2150	1592
09-08-2023	Punjab	Patran	Onion	1250	2034
05-08-2023	Jammu & Kashmir	Narwal Jammu (F&V)	Onion	1800	2118
22-07-2023	Rajasthan	Madanganj Kishangarh	Potato	1600	4033
02-12-2023	Orissa	Keonjhar(Dhekikote)	Onion	4500	2456
30-07-2024	West Bengal	Rampurhat	Onion	3200	2824
30-05-2024	Haryana	Punhana	Potato	1500	3283
21-07-2023	Rajasthan	Goluwala	Onion	1700	3141
09-06-2025	Uttar Pradesh	Puwaha	Potato	1125	4932
07-08-2023	Punjab	Lehra Gaga	Onion	2000	519
14-11-2024	West Bengal	Alipurduar	Potato	2550	2958
19-11-2024	Tamilnadu	Gudiyatham(Uzhavar Sandhai )	Potato	5500	1628
28-12-2024	West Bengal	Pandua	Potato	2200	4979
18-06-2023	Uttar Pradesh	Atarra	Onion	1060	4027
16-10-2024	West Bengal	Habra	Onion	4800	3870
31-01-2024	Maharashtra	Parner	Onion	1150	326
16-09-2023	Uttar Pradesh	Mawana	Potato	1060	4313
06-01-2025	Himachal Pradesh	Bhuntar	Potato	2100	1655
09-06-2025	Madhya Pradesh	A lot	Onion	800	1354
12-08-2023	Haryana	Gurgaon	Potato	1000	561
05-08-2024	Uttar Pradesh	Fatehabad	Onion	1650	2900
16-08-2024	Maharashtra	Shrirampur	Potato	2800	1650
17-06-2023	Karnataka	Doddaballa Pur	Tomato	1800	4026
26-04-2024	Uttar Pradesh	Jafarganj	Onion	1760	3668
29-12-2024	Gujarat	Dahod(Veg. Market)	Potato	2000	2041
24-05-2025	Himachal Pradesh	Chamba	Onion	1900	3378
17-07-2024	Tamilnadu	Sivagangai (Uzhavar Sandhai )	Potato	6200	1994
01-08-2024	Kerala	Kanjirappally	Onion	7800	2475
26-07-2023	Haryana	Rewari	Tomato	9000	613
05-05-2024	Kerala	Aralamoodu	Potato	4000	4523
26-06-2023	Rajasthan	Chhabra	Wheat	2280	2754
13-10-2023	Kerala	Nedumkandam	Onion	3000	3134
07-03-2025	Haryana	Barwala	Onion	2500	1983
07-04-2024	Haryana	New Grain Market(main), Karnal	Onion	1500	1485
16-09-2024	Rajasthan	Hanumangarh(Urlivas)	Potato	1300	4224
01-09-2023	Maharashtra	Loha	Wheat	2400	4063
17-09-2023	Uttar Pradesh	Anwala	Tomato	1900	2516
04-06-2025	Gujarat	Surat	Onion	1200	2410
20-04-2025	Tamilnadu	Krishnagiri(Uzhavar Sandhai )	Potato	2800	1166
23-11-2023	Maharashtra	Pimpalgaon Baswant(Saykheda)	Onion	3340	4616
31-07-2024	Uttar Pradesh	Firozabad	Onion	2880	4231
28-03-2025	Haryana	Ganaur	Potato	800	1579
02-08-2023	Haryana	Farukh Nagar	Potato	1500	3384
18-05-2024	Gujarat	Ahmedabad(Chimanbhai Patal Market Vasana)	Potato	2250	771
27-05-2025	Maharashtra	Mangaon	Rice	3500	4516
02-02-2024	Uttar Pradesh	Sultanpur	Wheat	2565	4699
10-09-2023	Uttar Pradesh	Mauranipur	Onion	1800	4472
09-03-2025	West Bengal	Indus(Bankura Sadar)	Potato	960	4157
07-07-2024	Uttar Pradesh	Nagina	Potato	1500	2069
11-09-2023	Gujarat	Mahuva(Station Road)	Wheat	2630	956
25-10-2024	Haryana	Sirsa	Onion	4000	4758
17-06-2023	Uttar Pradesh	Etah	Tomato	1050	1317
02-12-2024	Haryana	Ballabhgarh	Potato	2000	887
22-05-2025	Tamilnadu	Thalavaipuram(Uzhavar Sandhai )	Onion	3000	2524
27-04-2024	Rajasthan	Suratgarh	Onion	1200	1574
03-09-2023	Madhya Pradesh	Lashkar(F&V)	Potato	1200	4349
04-07-2023	Rajasthan	Dooni	Wheat	2140	3043
08-08-2023	Karnataka	Hubli (Amaragol)	Potato	1550	103
13-04-2025	Kerala	Thalayolaparambu	Onion	2400	1986
22-08-2023	Andhra Pradesh	Venkateswarnagar	Potato	1500	3466
31-08-2023	Madhya Pradesh	Mandsaur	Onion	1370	623
11-06-2024	Haryana	Punhana	Potato	1500	1133
07-01-2025	Uttar Pradesh	Bahedi	Potato	1940	140
26-07-2024	Madhya Pradesh	Indore	Onion	2604	291
31-10-2023	Maharashtra	Islampur	Potato	1800	832
26-11-2024	West Bengal	Bankura Sadar	Potato	2520	3427
05-04-2025	Punjab	Nihal Singh Wala	Potato	800	3355
24-07-2023	Uttar Pradesh	Rampurmaniharan	Onion	1560	970
15-11-2023	Madhya Pradesh	Jabalpur(F&V)	Potato	1200	457
22-05-2025	Madhya Pradesh	Bhopal	Onion	600	4349
17-07-2024	Maharashtra	Pune(Manjri)	Potato	2800	3996
05-08-2023	Maharashtra	Kopargaon	Onion	1600	2524
11-01-2025	Tamilnadu	Paramakudi(Uzhavar Sandhai )	Potato	6000	1948
02-05-2025	Kerala	Athirampuzha	Onion	4500	2750
04-04-2024	Haryana	New Grain Market , Panchkula	Potato	1500	1544
04-06-2025	Uttar Pradesh	Nawabganj	Rice	3150	1552
30-04-2025	Tamilnadu	Papanasam(Uzhavar Sandhai )	Potato	3000	2279
19-10-2023	Himachal Pradesh	Kangra(Baijnath)	Potato	2500	695
04-04-2025	Tamilnadu	Palayamkottai(Uzhavar Sandhai )	Potato	2800	1637
22-02-2025	Tamilnadu	Sulur(Uzhavar Sandhai )	Onion	4000	4064
25-12-2023	Gujarat	Rajkot	Wheat	2675	1509
03-02-2024	Madhya Pradesh	Bareli	Wheat	2515	3278
04-09-2024	Punjab	Nabha	Potato	1500	3529
13-05-2025	Tamilnadu	Sivakasi(Uzhavar Sandhai )	Potato	5000	4332
20-02-2025	Haryana	Gharaunda	Potato	1000	1644
13-12-2023	Haryana	kalanwali	Onion	3500	4140
13-08-2024	Gujarat	Surat	Onion	2650	845
09-08-2024	Uttar Pradesh	Anandnagar	Onion	3200	1679
23-12-2023	Madhya Pradesh	Datia	Wheat	2310	4182
22-12-2023	West Bengal	Champadanga	Onion	2700	2149
28-03-2025	Tamilnadu	Sundarapuram(Uzhavar Sandhai )	Potato	3500	3873
09-03-2024	Uttar Pradesh	Bareilly	Onion	1450	2254
17-07-2023	Kerala	Kattappana	Onion	2500	2192
14-07-2023	Madhya Pradesh	Harda(F&V)	Tomato	6000	3835
01-11-2024	Kerala	Pala	Onion	7500	3709
09-12-2023	Uttar Pradesh	Bareilly	Onion	2990	4404
16-12-2024	Punjab	Jagraon	Potato	1800	4297
06-07-2023	Madhya Pradesh	Multai	Potato	1200	2906
16-11-2024	Tamilnadu	Paramakudi(Uzhavar Sandhai )	Potato	6000	1652
03-08-2024	Uttar Pradesh	Purwa	Onion	2750	2271
13-11-2024	Madhya Pradesh	Mandsaur	Onion	2800	278
28-08-2023	Chhattisgarh	Tiphra	Potato	2100	3095
15-06-2024	Uttar Pradesh	Fatehabad	Potato	1800	1459
11-12-2024	Tamilnadu	Ulundurpettai	Potato	5000	2774
03-09-2024	Maharashtra	Jalgaon	Potato	2400	3470
11-07-2023	Uttar Pradesh	Ghiraur	Wheat	2170	2127
10-11-2023	Gujarat	Ahmedabad(Chimanbhai Patal Market Vasana)	Onion	4350	491
26-02-2025	Kerala	Kayamkulam	Potato	2500	4137
26-07-2023	Orissa	Khariar Road	Tomato	12000	3080
20-12-2024	Punjab	Kotkapura	Potato	2500	2518
10-04-2025	Himachal Pradesh	Dharamshala	Potato	1100	3878
20-01-2025	Uttar Pradesh	Amroha	Potato	1260	508
12-09-2024	Haryana	Jagadhri	Onion	3700	2663
22-04-2025	Uttar Pradesh	Rampurmaniharan	Potato	1050	3019
21-09-2024	Tamilnadu	Bodinayakanur(Uzhavar Sandhai )	Onion	6000	2618
13-02-2025	Jammu & Kashmir	Udhampur	Potato	900	1407
17-10-2024	Rajasthan	Hanumangarh Town	Onion	4000	745
23-03-2025	Tamilnadu	Kundrathur(Uzhavar Sandhai )	Onion	3000	2297
16-02-2024	Haryana	Sampla	Potato	800	1964
07-12-2023	Uttar Pradesh	Bindki	Wheat	2440	3784
22-11-2024	Assam	Lakhimpur	Potato	2140	2221
04-08-2024	Haryana	Sampla	Potato	2500	1303
26-12-2024	Andhra Pradesh	Mahboob Manison	Potato	3400	4072
08-06-2024	West Bengal	Uluberia	Potato	2500	2312
08-09-2024	Uttar Pradesh	Devariya	Onion	3865	1592
10-04-2025	Gujarat	Bharuch	Potato	1200	4868
11-03-2024	Assam	Paliakala	Potato	900	3329
08-06-2023	West Bengal	Nadia	Onion	1750	2604
25-03-2024	West Bengal	Barasat	Potato	1520	916
05-12-2023	Uttar Pradesh	Buland Shahr	Wheat	2550	2211
09-03-2025	West Bengal	Bankura Sadar	Potato	900	2484
03-01-2025	 Punjab	Fazilka	Potato	900	1731
07-06-2025	Madhya Pradesh	Morena	Potato	600	1726
14-06-2023	Haryana	Gurgaon	Potato	750	4081
24-01-2024	Uttar Pradesh	Hardoi	Potato	700	1187
13-06-2023	Maharashtra	Akola	Onion	800	3541
08-12-2023	Orissa	Balugaon	Onion	4600	3217
17-09-2024	Karnataka	Chikkamagalore	Onion	4610	3592
22-02-2024	Kerala	Anchal	Potato	3800	4256
03-04-2024	Haryana	Gharaunda	Onion	2000	2345
23-12-2023	Madhya Pradesh	Bijawar	Wheat	2110	4663
17-11-2023	Uttar Pradesh	Nawabganj	Wheat	2500	1056
15-03-2025	West Bengal	Kandi	Potato	850	719
15-06-2024	Kerala	Aroor	Potato	4100	2363
27-08-2024	West Bengal	Belacoba	Onion	4400	3648
24-05-2025	Tamilnadu	Kancheepuram(Uzhavar Sandhai )	Onion	2500	3198
04-06-2024	West Bengal	Chakdah	Onion	2700	2347
26-12-2023	Himachal Pradesh	Kangra(Baijnath)	Onion	3000	590
18-09-2023	Uttar Pradesh	Gulavati	Onion	2000	3999
08-12-2023	Uttar Pradesh	Jasra	Potato	860	4094
26-12-2023	Uttar Pradesh	Bindki	Potato	570	4573
10-07-2024	Kerala	North Paravur	Onion	6500	2601
01-07-2023	Uttar Pradesh	Wazirganj	Tomato	4510	3234
02-09-2024	Rajasthan	Alwar (F&V)	Potato	2800	3827
16-12-2023	Uttar Pradesh	Akbarpur	Wheat	2480	2174
17-02-2024	West Bengal	Champadanga	Onion	1900	3202
01-06-2024	Uttar Pradesh	Pratapgarh	Onion	1280	4403
06-04-2025	Uttar Pradesh	Sikarpur	Potato	700	1621
05-05-2025	Uttar Pradesh	Rasda	Onion	1225	1356
10-10-2024	Kerala	Kayamkulam	Onion	5300	836
27-10-2024	Tamilnadu	Coonoor(Uzhavar Sandhai )	Potato	6000	723
28-12-2023	Himachal Pradesh	Una	Onion	2300	954
15-10-2023	Madhya Pradesh	Khandwa(F&V)	Potato	800	2561
19-10-2024	Haryana	Naraingarh	Potato	1200	1779
19-02-2025	Tamilnadu	Viruthachalam(Uzhavar Sandhai )	Onion	4000	2159
05-07-2023	Madhya Pradesh	Pandhana	Wheat	2200	2100
23-06-2023	Maharashtra	Rahata	Tomato	4000	1991
07-04-2025	Uttar Pradesh	Nawabganj	Potato	1080	2640
29-06-2023	Andhra Pradesh	Warangal	Potato	1900	1672
01-08-2023	Karnataka	Doddaballa Pur	Onion	2000	1815
16-09-2023	Madhya Pradesh	Hanumana	Wheat	2250	2165
13-11-2024	Tamilnadu	Muthupettai(Uzhavar Sandhai )	Potato	4000	2450
15-06-2023	Uttar Pradesh	Bijnaur	Onion	1150	2348
01-05-2024	Madhya Pradesh	Badnawar	Onion	525	3810
09-05-2025	Uttar Pradesh	Gorakhpur	Rice	3200	1612
22-02-2025	Tamilnadu	Tindivanam	Onion	4800	720
27-02-2024	Rajasthan	Jaipur (F&V)	Potato	1050	3031
04-07-2023	Uttar Pradesh	Puwaha	Potato	1195	4013
28-09-2024	Haryana	Yamuna Nagar	Onion	3000	1256
09-08-2024	Punjab	Amritsar(Amritsar Mewa Mandi)	Onion	1400	4020
11-01-2025	Rajasthan	Jodhpur (F&V)	Potato	1200	508
18-10-2024	Rajasthan	Sangriya	Potato	2200	3804
23-08-2024	Kerala	Pothencode	Potato	24780	4694
19-09-2024	 Punjab	Fazilka	Onion	4500	1167
07-03-2024	West Bengal	Bolpur	Onion	2000	1951
21-06-2023	Haryana	Tarori	Potato	800	4724
31-12-2023	Himachal Pradesh	Kullu	Onion	2200	630
03-11-2023	Maharashtra	Lasalgaon(Vinchur)	Wheat	2650	134
11-09-2024	Punjab	Amritsar(Amritsar Mewa Mandi)	Potato	1200	3231
18-01-2024	Maharashtra	Hingoli	Wheat	2727	4619
25-08-2023	Madhya Pradesh	Obedullaganj	Wheat	2201	1131
06-11-2023	Uttar Pradesh	Hapur	Potato	1155	1949
09-08-2023	Madhya Pradesh	Pawai	Wheat	2240	2616
07-01-2025	Uttar Pradesh	Mainpuri	Potato	1300	918
27-04-2025	Tamilnadu	Needamangalam(Uzhavar Sandhai )	Onion	2600	161
04-11-2023	Madhya Pradesh	Shivpuri(F&V)	Potato	1100	4127
05-04-2025	Kerala	Thalayolaparambu	Onion	2400	4424
21-05-2024	West Bengal	Bishnupur(Bankura)	Onion	2000	3201
09-12-2023	Punjab	Kot ise Khan	Potato	900	4375
13-02-2024	Haryana	Thanesar	Onion	1700	4675
21-10-2024	Uttar Pradesh	Mehmoodabad	Onion	4170	2339
05-01-2025	Punjab	Dudhansadhan	Potato	1600	1764
08-02-2024	Orissa	Jharsuguda	Potato	2000	2617
19-08-2023	Uttar Pradesh	Shahjahanpur	Wheat	2320	568
23-02-2024	Gujarat	Dhoraji	Onion	1230	3068
13-07-2023	Haryana	Naraingarh	Tomato	5500	4162
24-08-2023	Rajasthan	Pratapgarh	Onion	1010	4467
30-01-2024	Madhya Pradesh	Chhindwara	Wheat	2800	845
24-08-2023	Uttar Pradesh	Mahoba	Wheat	2240	3800
24-05-2024	Rajasthan	Bikaner (F&V)	Potato	1700	2637
09-06-2023	Uttar Pradesh	Sitapur	Potato	990	157
16-03-2025	West Bengal	Moynaguri	Onion	3200	4592
30-03-2024	Kerala	Chathanoor	Onion	3000	3277
22-11-2023	Jammu & Kashmir	Kathua	Onion	4750	4624
09-02-2024	Uttar Pradesh	Hargaon (Laharpur)	Potato	650	3818
09-08-2023	Uttar Pradesh	Sandila	Onion	1590	2809
08-04-2024	Haryana	Barara	Onion	1400	3357
08-06-2025	Chandigarh	Chandigarh(Grain/Fruit)	Potato	1000	4823
12-07-2023	Madhya Pradesh	Sanawad	Tomato	3500	1171
01-09-2023	Uttar Pradesh	Sambhal	Potato	850	945
22-12-2023	Himachal Pradesh	Kangra(Jaisinghpur)	Onion	3400	4660
16-08-2024	Tamilnadu	Karaikudi(Uzhavar Sandhai )	Onion	5800	999
31-07-2024	Maharashtra	Dindori(Vani)	Onion	2895	2061
18-05-2024	Haryana	Rohtak	Onion	1500	2999
24-05-2024	Himachal Pradesh	Kangra	Onion	2500	590
08-11-2024	Tamilnadu	Mettur(Uzhavar Sandhai )	Potato	6000	493
31-07-2024	Maharashtra	Nandgaon	Onion	2550	3493
09-04-2024	Haryana	New Grain Market , Panchkula	Potato	1500	3971
26-01-2024	Uttar Pradesh	Mainpuri	Wheat	2381	2391
20-10-2023	Haryana	Jagadhri	Potato	850	4008
08-11-2023	Madhya Pradesh	Pachaur	Wheat	2500	2257
19-05-2025	Madhya Pradesh	Manawar(F&V)	Onion	850	4468
31-08-2023	Uttar Pradesh	Khaga	Onion	2075	3830
09-10-2023	Madhya Pradesh	Kalapipal	Wheat	2230	2101
27-07-2023	Rajasthan	Sujangarh	Potato	700	2221
17-01-2024	Madhya Pradesh	Sirali	Wheat	2520	2591
16-06-2023	Kerala	Thalayolaparambu	Potato	2400	2874
26-01-2025	Tamilnadu	Gobichettipalayam(Uzhavar Sandhai )	Potato	4600	4535
09-10-2023	Punjab	Malerkotla	Potato	700	459
28-08-2023	Uttar Pradesh	Firozabad	Wheat	2335	1545
09-05-2024	West Bengal	Khatra	Potato	2100	4004
18-11-2023	Madhya Pradesh	Nagod	Wheat	2431	2803
08-06-2024	Uttar Pradesh	Moth	Potato	1880	3022
09-05-2024	West Bengal	Sheoraphuly	Potato	2260	4421
09-06-2023	Himachal Pradesh	Mandi(Mandi)	Tomato	1200	2515
10-04-2025	Tamilnadu	Palayamkottai(Uzhavar Sandhai )	Onion	2600	3190
25-04-2025	Himachal Pradesh	Dhanotu (Mandi)	Potato	800	215
21-10-2023	Uttar Pradesh	Akbarpur	Onion	2150	1702
10-11-2023	Uttar Pradesh	Gonda	Potato	1040	4515
22-07-2023	Gujarat	Palitana	Wheat	2270	4546
05-05-2025	Kerala	Chengannur	Potato	3400	1304
13-05-2024	Himachal Pradesh	Maudaha	Onion	1450	1883
12-04-2024	Chattisgarh	Durg	Onion	2000	3595
04-02-2025	Uttar Pradesh	Bhinga	Potato	900	4842
22-03-2025	Rajasthan	Churu	Potato	1000	1372
03-09-2024	Haryana	Ballabhgarh	Onion	3500	1924
28-10-2023	Uttar Pradesh	Anandnagar	Wheat	2335	2849
03-08-2023	Maharashtra	Amarawati	Wheat	2507	4560
17-01-2025	Uttar Pradesh	Mauranipur	Potato	1365	4819
03-05-2025	Tamilnadu	Edapadi (Uzhavar Sandhai )	Onion	3000	3728
15-05-2025	Uttar Pradesh	Lalitpur	Rice	3440	3337
10-12-2023	Madhya Pradesh	Khandwa(F&V)	Potato	900	1710
01-02-2024	Haryana	Madlauda	Onion	2000	3755
22-08-2024	Punjab	Moga	Potato	1800	2795
25-02-2025	Uttar Pradesh	Saharanpur	Onion	2000	2387
21-07-2023	Madhya Pradesh	Lakhnadon	Wheat	1900	2087
12-10-2024	Gujarat	Bharuch	Onion	3000	229
24-03-2025	Tamilnadu	Srivilliputhur(Uzhavar Sandhai )	Onion	4000	3246
25-05-2024	Uttar Pradesh	Saharanpur	Onion	1650	4470
22-06-2023	Andhra Pradesh	Vantamamidi	Tomato	2000	1793
03-07-2023	Uttar Pradesh	Hardoi	Potato	1110	3618
20-02-2025	Uttar Pradesh	Bharthna	Potato	1015	2278
16-10-2023	Uttar Pradesh	Jaunpur	Wheat	2370	1854
24-03-2024	Haryana	New Grain Market(main), Karnal	Onion	1500	1670
06-09-2024	Kerala	Vamanapuram	Onion	5200	3213
26-03-2025	Uttar Pradesh	Saharanpur	Potato	980	4025
12-08-2023	Madhya Pradesh	Vidisha	Wheat	2340	2844
30-12-2023	Himachal Pradesh	Palampur	Onion	2400	3886
18-03-2024	Madhya Pradesh	Porsa	Potato	700	1211
06-09-2024	West Bengal	Birbhum	Onion	4450	3816
31-08-2024	Orissa	Kendrapara(Marshaghai)	Potato	3000	3526
30-01-2025	Uttar Pradesh	Hardoi	Potato	1160	1580
10-07-2024	Madhya Pradesh	Badnawar	Onion	2400	4170
28-01-2025	Kerala	Kanjirappally	Potato	4800	1088
16-12-2023	Uttar Pradesh	Khurja	Wheat	2410	494
28-10-2023	Orissa	Rayagada	Potato	1800	4890
07-03-2024	Uttar Pradesh	Firozabad	Potato	1010	3341
26-03-2025	Uttar Pradesh	Fatehabad	Onion	1850	1581
08-04-2025	Uttar Pradesh	Nautnava	Potato	1200	3969
01-01-2024	Gujarat	Porbandar	Potato	1000	303
09-08-2023	Maharashtra	Karjat(Raigad)	Wheat	2400	255
01-02-2025	Uttar Pradesh	Sambhal	Potato	1000	3737
24-11-2023	Uttar Pradesh	Auraiya	Potato	910	2118
07-02-2025	Uttar Pradesh	Tulsipur	Onion	2140	3350
27-05-2024	 Punjab	Jalalabad	Onion	1600	2276
14-11-2023	Rajasthan	Rawatsar	Onion	2500	3140
04-05-2025	Tamilnadu	Papanasam(Uzhavar Sandhai )	Potato	3600	2282
29-05-2025	Karnataka	Shimoga	Potato	2800	3537
12-10-2023	Uttar Pradesh	Gurusarai	Onion	1960	1602
28-08-2024	Tamilnadu	Attayampatti(Uzhavar Sandhai )	Potato	5000	2162
24-06-2023	Madhya Pradesh	Lashkar	Wheat	2215	4184
16-06-2024	Gujarat	Gondal(Veg.market Gondal)	Potato	450	4237
02-06-2024	Kerala	Kottarakkara	Onion	4000	2821
02-05-2025	Punjab	Dinanagar	Onion	1600	3590
06-06-2023	Madhya Pradesh	Chhapiheda	Wheat	2050	462
16-04-2025	Punjab	Phagwara	Onion	1196	208
10-09-2024	Haryana	Cheeka	Potato	1550	939
29-05-2025	Uttar Pradesh	Badayoun	Onion	1100	3682
18-08-2023	Madhya Pradesh	Sheopurkalan	Wheat	2388	4035
21-03-2025	Uttar Pradesh	Jaunpur	Potato	1240	1140
12-12-2023	Uttar Pradesh	Sitapur	Wheat	2440	1774
09-09-2024	Tamilnadu	Vellore	Potato	3600	3145
05-03-2024	Uttar Pradesh	Ballia	Potato	940	184
22-06-2023	Maharashtra	Dound	Wheat	2300	356
05-04-2025	Gujarat	Ahmedabad(Chimanbhai Patal Market Vasana)	Potato	1750	627
24-08-2023	Uttar Pradesh	Madhoganj	Wheat	2300	4409
10-06-2025	Uttar Pradesh	Purwa	Onion	1175	3572
17-09-2024	West Bengal	Karimpur	Onion	4900	2347
03-05-2025	West Bengal	Kandi	Potato	920	1056
13-02-2024	Rajasthan	Madanganj Kishangarh	Potato	1050	3531
15-04-2025	Tamilnadu	Harur(Uzhavar Sandhai )	Onion	3000	674
31-05-2024	Maharashtra	Vai	Potato	2700	1469
24-07-2023	Uttar Pradesh	Anandnagar	Potato	1250	3930
25-10-2024	Himachal Pradesh	Shimla	Onion	4500	3777
14-11-2024	Punjab	Jalandhar City(Jalandhar)	Onion	2800	2226
26-12-2023	Rajasthan	Nadwai	Wheat	2465	2122
05-04-2025	Uttar Pradesh	Jagnair	Onion	1750	4498
06-01-2024	Maharashtra	Jamkhed	Onion	1250	483
13-11-2023	West Bengal	Belacoba	Onion	4800	3883
22-07-2023	Gujarat	Ankleshwar	Onion	1300	1258
06-10-2023	Punjab	Garh Shankar	Potato	1000	4126
19-07-2023	Madhya Pradesh	Alirajpur(F&V)	Onion	1600	3196
30-12-2024	Tamilnadu	Thanjavur(Uzhavar Sandhai )	Potato	4400	1893
12-08-2023	Orissa	Hinjilicut	Onion	2500	2823
28-05-2024	Uttar Pradesh	Jahanabad	Potato	1020	1270
18-05-2025	Tamilnadu	Virudhunagar(Uzhavar Sandhai )	Onion	3200	2910
26-10-2024	Gujarat	Anand(Veg,Yard,Anand)	Potato	2800	973
16-05-2025	Uttar Pradesh	Mirzapur	Onion	1185	2123
30-06-2023	Haryana	Uchana	Wheat	2130	4260
20-09-2023	Uttar Pradesh	Noida	Onion	1950	4417
01-06-2025	Gujarat	Ankleshwar	Potato	1500	1850
15-09-2023	Maharashtra	Pune(Pimpri)	Onion	1500	4845
01-08-2023	Madhya Pradesh	Dhar	Wheat	2540	172
12-01-2024	Rajasthan	Rajsamand	Potato	900	1138
30-08-2024	Tamilnadu	Ambasamudram(Uzhavar Sandhai )	Onion	5100	3936
25-09-2023	Madhya Pradesh	Gairatganj	Wheat	2700	4003
07-08-2024	Gujarat	Ankleshwar	Potato	2500	2035
15-07-2023	Gujarat	Jamnagar	Wheat	2390	570
03-02-2024	Rajasthan	Nadwai	Wheat	2438	1639
26-09-2023	Kerala	Kondotty	Onion	2600	3935
17-05-2025	Kerala	Manjeri	Onion	1800	794
07-06-2025	Maharashtra	Vai	Onion	1400	4152
12-11-2023	West Bengal	Jalpaiguri Sadar	Onion	4800	4788
10-08-2023	Uttar Pradesh	Samsabad	Potato	900	3463
09-06-2023	Punjab	Nabha	Tomato	450	2343
26-11-2023	Uttar Pradesh	Kishunpur	Wheat	2450	4215
02-01-2025	Uttar Pradesh	Gulavati	Potato	1900	4515
15-09-2024	Uttar Pradesh	Bareilly	Onion	3350	3351
04-08-2024	Orissa	Bargarh	Potato	5000	4674
05-09-2024	Chhattisgarh	Tiphra	Onion	2400	1174
21-08-2024	Kerala	Pothencode	Potato	29280	3738
03-03-2025	Kerala	Kayamkulam	Onion	3900	727
11-09-2023	West Bengal	Balarampur	Onion	3000	1706
23-10-2024	Uttar Pradesh	Agra	Potato	1950	2851
29-03-2025	Uttar Pradesh	Sandila	Onion	2125	3893
22-02-2025	Uttar Pradesh	Khatauli	Onion	900	3654
29-05-2025	Assam	Lakhimpur	Rice	3170	2658
19-12-2023	Kerala	Aroor	Onion	3600	3786
28-12-2024	Punjab	Garh Shankar	Potato	1400	2474
01-10-2024	Rajasthan	Rawatsar	Potato	1800	2761
14-12-2023	Rajasthan	Keshoraipatan	Wheat	2460	1080
10-04-2025	Haryana	FerozpurZirkha(Nagina)	Onion	2600	4340
28-07-2023	Madhya Pradesh	Bareli	Wheat	2217	2981
21-08-2023	Uttar Pradesh	Devariya	Tomato	4500	3745
14-02-2024	Kerala	Pala	Onion	2800	4448
06-02-2025	Orissa	Rayagada	Potato	3000	1033
04-01-2025	West Bengal	Kandi	Potato	2160	2912
12-01-2024	Uttar Pradesh	Meerut	Wheat	2525	3487
29-06-2023	Orissa	Bargarh	Potato	2200	1454
06-06-2024	Kerala	Chala	Onion	3100	4019
31-07-2024	Maharashtra	Solapur	Onion	2500	2320
19-09-2024	Kerala	Manjeri	Onion	5300	4231
03-11-2024	Uttar Pradesh	Hapur	Potato	2170	4449
28-11-2023	Orissa	Chandabali	Potato	1500	1568
16-10-2024	Kerala	Kothamangalam	Potato	4500	4260
14-08-2023	West Bengal	Sheoraphuly	Onion	2900	2334
26-05-2025	Tamilnadu	Perundurai(Uzhavar Sandhai )	Potato	4200	2847
02-09-2024	Tamilnadu	Chinnalapatti(Uzhavar Sandhai )	Potato	7000	4028
13-07-2023	Haryana	Ambala City(Subji Mandi)	Potato	1500	4997
03-10-2023	West Bengal	Uluberia	Potato	1580	4804
02-06-2024	Orissa	Kamakhyanagar	Potato	3000	1363
12-12-2024	Maharashtra	Pune(Moshi)	Potato	2250	3517
05-05-2025	Manipur	Bishenpur	Onion	2750	2984
20-11-2023	Uttar Pradesh	Nawabganj	Onion	4075	2059
02-08-2023	West Bengal	Bankura Sadar	Potato	1400	2123
03-02-2025	Tamilnadu	Vellore	Potato	3200	3060
09-06-2023	Uttar Pradesh	Unnao	Onion	1000	3217
09-02-2025	Tamilnadu	Mannargudi II(Uzhavar Sandhai )	Onion	5000	1863
04-09-2023	Kerala	Thodupuzha	Potato	3500	3513
26-04-2024	Haryana	Madlauda	Potato	1000	3619
16-02-2025	Uttar Pradesh	Gurusarai	Potato	930	2354
31-07-2023	Maharashtra	Sangamner	Onion	1250	3455
11-03-2025	Tamilnadu	Mohanur(Uzhavar Sandhai )	Potato	4000	3659
07-12-2023	Uttar Pradesh	Achalda	Potato	1010	2681
05-04-2025	Punjab	Rayya	Potato	1200	3681
22-03-2024	West Bengal	Rampurhat	Potato	1250	4425
04-11-2023	West Bengal	Kandi	Potato	1240	1820
05-03-2025	Tamilnadu	Periyakulam(Uzhavar Sandhai )	Potato	3400	2607
13-09-2024	Tamilnadu	Thammampatti (Uzhavar Sandhai )	Onion	6600	2377
14-04-2025	Punjab	Sunam	Potato	500	3533
28-09-2024	Kerala	Aluva	Potato	4400	2065
06-06-2024	Maharashtra	Satana	Onion	2225	4097
27-04-2024	Uttar Pradesh	Shahganj	Potato	1710	4653
07-03-2025	Kerala	Kayamkulam	Potato	2600	4127
07-06-2025	Uttar Pradesh	Khair	Onion	1000	4479
01-01-2024	Gujarat	Rajkot(Veg.Sub Yard)	Onion	1205	2636
24-07-2023	Madhya Pradesh	Naugaon	Wheat	2180	2856
11-07-2023	Maharashtra	Kamthi	Potato	1600	172
23-02-2024	Haryana	Radaur	Potato	650	126
19-11-2024	Kerala	Aralamoodu	Onion	9000	2113
15-01-2024	West Bengal	Bankura Sadar	Potato	1000	2639
27-10-2023	Madhya Pradesh	Sheopurkalan	Wheat	2531	1063
11-07-2023	Kerala	Ettumanoor	Onion	2300	844
18-10-2024	Uttar Pradesh	Hardoi	Onion	4175	1435
01-07-2023	Haryana	New Grain Market , Faridabad	Potato	1100	2221
21-07-2023	Haryana	Pataudi	Onion	1600	4984
02-08-2024	Gujarat	Ahmedabad(Chimanbhai Patal Market Vasana)	Onion	2700	2236
15-08-2023	West Bengal	Jalpaiguri Sadar	Potato	1200	1390
29-10-2024	Tamilnadu	Paramathivelur(Uzhavar Sandhai )	Onion	6000	4659
07-02-2025	Madhya Pradesh	Kalapipal(F&V)	Onion	2115	211
18-11-2024	Tamilnadu	Chidambaram(Uzhavar Sandhai )	Onion	5000	1040
07-11-2023	Madhya Pradesh	Ramnagar	Wheat	2430	1940
14-12-2023	Uttar Pradesh	Wazirganj	Potato	820	487
14-03-2024	Rajasthan	Rawatsar	Potato	900	3158
28-06-2023	Uttar Pradesh	Purwa	Potato	1065	1435
29-10-2024	Uttar Pradesh	Sehjanwa	Potato	3000	2616
22-02-2025	Kerala	Kattappana	Onion	5500	708
23-05-2025	Uttar Pradesh	Tamkuhi road	Rice	2875	716
30-11-2023	Haryana	Meham	Potato	900	4817
15-09-2024	Uttar Pradesh	Fatehpur	Onion	3680	1024
10-10-2024	Madhya Pradesh	Mandsaur	Onion	3800	689
10-04-2024	Uttar Pradesh	Chirgaon	Onion	1650	4666
21-07-2023	Kerala	Kattappana	Potato	3000	1086
13-02-2025	Tamilnadu	Krishnagiri(Uzhavar Sandhai )	Onion	4000	119
16-03-2024	Uttar Pradesh	Jaunpur	Potato	1380	1801
20-01-2024	West Bengal	Purulia	Potato	960	873
25-09-2024	Kerala	Vamanapuram	Onion	5200	763
25-03-2024	Kerala	Kottarakkara	Potato	3500	3398
10-09-2024	Madhya Pradesh	Mandsaur	Onion	3300	302
06-08-2023	Orissa	Jharsuguda	Onion	2500	328
31-01-2025	Tamilnadu	Palanganatham(Uzhavar Sandhai )	Potato	4800	372
07-10-2024	Maharashtra	Jalgaon	Onion	2250	3548
22-12-2023	Uttar Pradesh	Jaunpur	Wheat	2515	1735
06-07-2023	Kerala	Chala	Onion	11600	833
25-10-2023	Kerala	Kothamangalam	Potato	3200	2760
30-08-2023	Uttar Pradesh	Anoop Shahar	Tomato	3600	4562
08-12-2023	Bihar	Sheohar	Onion	4700	669
21-01-2025	Kerala	Thalasserry	Potato	3000	3019
23-08-2024	Orissa	Chandabali	Potato	3250	3269
21-12-2023	Gujarat	Dhoraji	Onion	1605	3539
09-05-2024	Chhattisgarh	Bilaspur	Potato	1600	4948
05-08-2023	Rajasthan	Chittorgarh	Tomato	11000	3934
23-07-2024	Madhya Pradesh	Ratlam	Onion	2590	429
23-01-2025	Tamilnadu	Devaram(Uzhavar Sandhai )	Potato	3800	1579
16-12-2024	Rajasthan	Kota (F&V)	Potato	1400	1267
18-07-2024	Uttar Pradesh	Rampurmaniharan	Potato	1950	694
26-07-2023	Uttar Pradesh	Devariya	Tomato	8000	1084
28-07-2023	Uttar Pradesh	Kosikalan	Wheat	2210	3023
05-01-2024	Chhattisgarh	Bilaspur	Wheat	2651	3019
15-04-2025	Gujarat	Nadiyad(Piplag)	Onion	1300	3938
15-06-2023	Karnataka	Chintamani	Tomato	1800	2331
01-03-2024	West Bengal	Kandi	Potato	1070	4541
03-05-2024	Uttar Pradesh	Khurja	Onion	1690	1852
16-12-2023	Madhya Pradesh	Katni	Wheat	2412	1859
04-04-2025	Bihar	Bhagwanpur Mandi	Potato	1400	4430
24-07-2024	Tamilnadu	Padappai(Uzhavar Sandhai )	Potato	5500	3138
29-05-2024	Punjab	Dhariwal	Onion	1500	275
15-04-2025	West Bengal	Uluberia	Rice	3500	4140
19-02-2024	Haryana	Radaur	Potato	620	1432
12-12-2024	Tamilnadu	Udumalpet	Potato	6800	4169
25-05-2025	Tamilnadu	Muthupettai(Uzhavar Sandhai )	Potato	4000	2997
21-02-2024	Punjab	Tanda Urmur	Onion	1900	3531
20-03-2025	Haryana	Panipat	Potato	750	2021
21-09-2023	Rajasthan	Mandawari	Wheat	2390	4883
19-02-2025	Tamilnadu	Sathur(Uzhavar Sandhai )	Potato	4500	4905
08-07-2024	Uttar Pradesh	Jasvantnagar	Onion	2885	3361
16-03-2025	West Bengal	Bankura Sadar	Potato	1140	3186
15-01-2025	Punjab	Mukerian	Potato	1000	4760
09-05-2024	Maharashtra	Chandrapur(Ganjwad)	Potato	2400	2259
28-04-2025	Haryana	Farukh Nagar	Onion	1400	2434
20-06-2023	Karnataka	Kanakapura	Tomato	4000	601
23-09-2023	Himachal Pradesh	Bharuasumerpur	Onion	2045	3714
04-06-2024	Uttar Pradesh	Tulsipur	Potato	1830	3509
03-08-2024	Tamilnadu	Pennagaram(Uzhavar Sandhai )	Potato	4600	4605
08-04-2025	Uttar Pradesh	Pratapgarh	Onion	710	255
06-10-2023	Kerala	Thodupuzha	Onion	6500	4261
07-07-2023	Rajasthan	Sujangarh	Tomato	1900	3464
15-11-2023	Madhya Pradesh	Kalapipal	Wheat	2095	3242
18-03-2024	Uttar Pradesh	Bahedi	Potato	840	2035
26-09-2024	Haryana	New Grain Market(main), Karnal	Onion	4000	4918
20-09-2023	Uttar Pradesh	Chitwadagaon	Onion	2170	151
14-08-2024	Uttar Pradesh	Gangoh	Potato	2100	3472
12-03-2024	Haryana	Cheeka	Potato	950	3179
02-11-2023	Kerala	Ettumanoor	Potato	3800	621
12-05-2025	Uttar Pradesh	Muzzafarnagar	Rice	3380	3889
08-06-2023	Madhya Pradesh	Thandla	Onion	800	3061
04-05-2025	West Bengal	Bankura Sadar	Potato	1220	1597
15-12-2023	Uttar Pradesh	Ujhani	Onion	2700	4111
06-08-2023	Andhra Pradesh	Siddipet(Rythu Bazar)	Onion	2200	2649
05-10-2023	Karnataka	Bijapur	Onion	1500	4697
17-11-2024	Tamilnadu	Kulithalai(Uzhavar Sandhai )	Potato	6000	1224
17-10-2023	Punjab	Garh Shankar	Onion	1800	2572
11-10-2024	Gujarat	Navsari	Potato	2800	117
30-10-2024	Punjab	Samrala	Onion	4800	3219
20-08-2023	West Bengal	Rampurhat	Onion	2700	2615
13-02-2024	Punjab	Ludhiana	Onion	1300	4758
31-07-2023	Maharashtra	Pandharpur	Tomato	6500	720
25-06-2024	Tamilnadu	Thalavadi	Potato	56	1869
04-02-2024	Bihar	Jamui	Onion	2600	1776
24-12-2023	West Bengal	Kalipur	Potato	1500	1839
09-05-2025	Madhya Pradesh	Shamgarh	Onion	690	3876
20-09-2024	Tamilnadu	Viruthachalam(Uzhavar Sandhai )	Potato	5000	3846
24-04-2024	Kerala	Thrippunithura	Onion	2400	2502
28-09-2023	Gujarat	Dahod(Veg. Market)	Potato	1200	3229
25-07-2023	Kerala	Kondotty	Potato	2900	3136
27-05-2024	West Bengal	Bankura Sadar	Onion	2200	4702
07-02-2025	Himachal Pradesh	Dhanotu (Mandi)	Onion	2550	3405
18-03-2024	Kerala	Cherthala	Potato	3300	1755
23-05-2024	Punjab	Ludhiana	Onion	1550	1285
07-10-2023	Maharashtra	Pandharpur	Onion	1800	2868
11-10-2024	Himachal Pradesh	Kangra(Baijnath)	Onion	5200	2794
11-08-2024	West Bengal	Pandua	Potato	2460	2359
06-06-2023	Uttar Pradesh	Tilhar	Potato	620	4412
08-02-2024	Uttar Pradesh	Meerut	Potato	770	342
03-02-2024	Uttar Pradesh	Sultanpur	Onion	1860	4019
08-01-2025	Tamilnadu	Perambalur(Uzhavar Sandhai )	Potato	4800	3968
12-05-2025	Kerala	Thalayolaparambu	Potato	3100	2159
03-01-2025	Maharashtra	Sangli(Phale, Bhajipura Market)	Potato	2400	1824
06-03-2025	Kerala	Kuruppanthura	Onion	6000	2062
17-05-2024	Uttar Pradesh	Aligarh	Potato	1650	4437
27-09-2024	Punjab	Garh Shankar	Onion	4000	4508
16-08-2024	Uttar Pradesh	Bharthna	Onion	3320	4577
15-06-2023	Punjab	Dhuri	Onion	1100	3904
30-08-2023	Uttar Pradesh	Basti	Wheat	2320	3088
20-09-2024	Uttar Pradesh	Madhoganj	Potato	2120	4280
22-06-2023	Uttar Pradesh	Agra	Onion	910	4015
28-09-2023	Himachal Pradesh	Kurara	Wheat	2200	4522
30-12-2023	Jammu and Kashmir	Ashahipora (Anantnagh)	Potato	1550	3807
25-02-2025	Assam	Paliakala	Potato	1150	2478
06-05-2025	Uttar Pradesh	Mauranipur	Onion	1180	2238
06-04-2024	Gujarat	Mahuva(Station Road)	Onion	1135	2184
17-11-2023	Himachal Pradesh	Palampur	Potato	2100	3955
15-12-2023	Haryana	Gharaunda	Potato	1200	3599
12-03-2025	Madhya Pradesh	Pipariya(F&V)	Potato	1400	4028
06-11-2024	Maharashtra	Amrawati(Frui & Veg. Market)	Onion	2250	3685
18-09-2024	Uttar Pradesh	Tulsipur	Onion	3330	1776
27-06-2024	Uttar Pradesh	Shahabad(New Mandi)	Potato	1950	1319
07-02-2025	Kerala	Vandiperiyar	Potato	3600	3720
12-07-2024	Uttar Pradesh	Kosikalan	Onion	2980	1219
31-08-2024	Tamilnadu	Gudiyatham(Uzhavar Sandhai )	Potato	4600	3230
08-12-2023	Himachal Pradesh	Palampur	Onion	4450	1349
07-10-2024	Kerala	Chala	Onion	5800	1107
11-10-2023	Uttar Pradesh	Aligarh	Wheat	2345	2946
26-08-2023	Chattisgarh	Rajnandgaon	Onion	2200	4702
05-12-2023	Madhya Pradesh	Mehar	Wheat	2459	4932
23-06-2024	Tamilnadu	Pollachi	Potato	65	2395
14-08-2023	Uttar Pradesh	Sultanpur	Wheat	2250	426
23-01-2025	West Bengal	Bolpur	Potato	1100	584
12-11-2024	Tamilnadu	Elampillai(Uzhavar Sandhai )	Potato	5500	4120
21-02-2024	West Bengal	Bara Bazar (Posta Bazar)	Onion	2150	176
10-07-2023	West Bengal	Purulia	Potato	1360	1228
08-09-2023	Maharashtra	Amarawati	Wheat	2462	1718
13-05-2025	Uttar Pradesh	Nautnava	Onion	1300	3565
04-06-2024	Uttar Pradesh	Hardoi	Onion	1490	2055
22-06-2023	Maharashtra	Loha	Wheat	2601	2879
01-10-2024	Tamilnadu	Udhagamandalam(Uzhavar Sandhai )	Potato	6000	3531
23-08-2023	Maharashtra	Gevrai	Wheat	2400	4838
30-10-2024	Rajasthan	Pratapgarh	Potato	2125	3171
25-04-2024	Rajasthan	Churu	Potato	1700	1618
09-09-2023	Uttar Pradesh	Devariya	Wheat	2275	822
23-11-2024	Uttar Pradesh	Agra	Onion	3750	2248
29-01-2025	Kerala	Anchal	Potato	5400	4402
17-06-2023	Haryana	Meham	Potato	1000	4782
18-12-2023	Uttar Pradesh	Ballia	Wheat	2500	3690
18-04-2025	Himachal Pradesh	Una	Onion	1800	3702
13-07-2023	Rajasthan	Kota (F&V)	Potato	950	1762
28-07-2023	Orissa	Kuchinda	Tomato	12500	2077
29-09-2023	Madhya Pradesh	Dewas(F&V)	Potato	800	3534
31-05-2025	Uttar Pradesh	Bareilly	Potato	1075	1696
14-01-2025	Haryana	Ambala Cantt.	Potato	800	4661
16-02-2025	Kerala	Kayamkulam	Potato	2800	4008
11-11-2024	Tamilnadu	Palacode(Uzhavar Sandhai )	Onion	6000	745
17-06-2023	Uttar Pradesh	Milak	Onion	1110	3397
05-08-2023	Rajasthan	Gajsinghpur	Wheat	2275	3179
07-06-2024	Orissa	Kendrapara	Potato	2500	2372
16-05-2025	Uttar Pradesh	Shahabad(New Mandi)	Potato	1180	3276
01-05-2025	Tamilnadu	Udhagamandalam(Uzhavar Sandhai )	Potato	4000	2525
04-12-2023	West Bengal	Sainthia	Onion	4800	3883
07-04-2025	Maharashtra	Lasalgaon(Vinchur)	Onion	1300	2786
06-07-2023	Maharashtra	Nampur	Onion	1200	2605
26-07-2023	Manipur	Thoubal	Potato	3250	4621
03-07-2024	West Bengal	Ranaghat	Potato	2860	2538
10-05-2025	Madhya Pradesh	Indore	Onion	1026	3497
30-11-2024	Gujarat	Dahod(Veg. Market)	Potato	2300	158
28-02-2024	Haryana	Madlauda	Potato	500	3616
27-03-2025	West Bengal	Barasat	Potato	1130	2488
29-01-2025	Uttar Pradesh	Sikanderabad	Potato	950	1340
30-10-2023	Rajasthan	Dausa	Wheat	2637	3361
26-05-2025	Tamilnadu	Papanasam(Uzhavar Sandhai )	Potato	3600	2703
01-11-2024	Bihar	Natwar	Potato	1900	2223
01-12-2023	Madhya Pradesh	Maksudangarh	Wheat	2497	2444
24-04-2024	Madhya Pradesh	Sitmau	Onion	760	1716
17-10-2024	West Bengal	Kasipur	Onion	4500	363
26-06-2023	Himachal Pradesh	Kangra(Jaisinghpur)	Tomato	3900	1642
20-07-2023	Uttar Pradesh	Mugrabaadshahpur	Onion	1550	3770
31-05-2024	Kerala	Thirurrangadi	Onion	2600	4741
18-10-2023	Madhya Pradesh	Chhindwara	Wheat	2530	1262
16-12-2024	Assam	Golagokarnath	Potato	2050	3672
28-09-2024	Kerala	Angamaly	Onion	6200	3007
11-07-2024	Uttar Pradesh	Chirgaon	Potato	2350	107
21-10-2024	Maharashtra	Rahuri(Vambori)	Onion	3200	1214
12-07-2023	Uttar Pradesh	Khaga	Potato	1075	3667
20-11-2023	Uttar Pradesh	Meerut	Potato	960	3886
04-08-2023	Chattisgarh	Shakti	Wheat	2015	4920
21-03-2024	Uttar Pradesh	Basti	Potato	1410	2295
10-02-2025	West Bengal	Purulia	Onion	2600	1710
11-08-2024	Uttar Pradesh	Achnera	Potato	2120	3179
17-11-2023	Uttar Pradesh	Hapur	Potato	1020	2987
13-02-2025	Uttar Pradesh	Mehmoodabad	Onion	2210	4432
18-04-2024	Uttar Pradesh	Lucknow	Potato	1600	2701
16-05-2024	Maharashtra	Hingna	Potato	2000	444
17-11-2024	Uttar Pradesh	Bijnaur	Onion	4240	4182
12-08-2024	Tamilnadu	Devaram(Uzhavar Sandhai )	Onion	4400	3109
08-06-2024	Haryana	Jind	Potato	2000	231
24-06-2023	Gujarat	Dahod	Wheat	2500	2364
07-11-2024	Uttar Pradesh	Meerut	Potato	2200	1412
14-02-2025	Tamilnadu	Hosur(Uzhavar Sandhai )	Potato	3500	1630
11-06-2025	Madhya Pradesh	Sheopurkalan(F&V)	Potato	1750	3472
07-05-2024	Maharashtra	Rahata	Potato	2500	2739
17-03-2025	West Bengal	Belacoba	Onion	2300	4543
22-06-2024	Punjab	Rayya	Potato	800	4673
07-05-2024	Punjab	Dhuri	Onion	1800	2961
17-05-2024	Uttar Pradesh	Fatehpur	Potato	1755	705
02-10-2023	Haryana	Tarori	Potato	1100	4093
25-01-2024	Punjab	Batala	Onion	1700	1024
19-07-2023	Kerala	Kottakkal	Onion	2250	2084
13-01-2024	Gujarat	Dhoraji	Onion	1180	2571
09-02-2024	Haryana	New Grain Market , Panchkula	Potato	2500	639
26-04-2024	Uttar Pradesh	Sandi	Potato	1745	3181
12-07-2023	Orissa	Angul	Onion	2500	115
14-12-2024	Tamilnadu	Melapalayam(Uzhavar Sandhai )	Potato	4000	576
24-10-2023	Haryana	Dhand	Onion	3800	4911
25-08-2023	Maharashtra	Amarawati	Wheat	2525	3878
05-05-2025	Uttar Pradesh	Basti	Onion	1270	4217
31-05-2024	Uttar Pradesh	Bhinga	Onion	1635	3333
26-03-2025	Uttar Pradesh	Tulsipur	Potato	1240	1977
28-03-2024	Haryana	Cheeka	Potato	950	4240
10-08-2023	Karnataka	Bangalore	Onion	2000	1580
26-07-2023	Madhya Pradesh	Badwaha	Wheat	2371	1585
25-08-2023	Kerala	Angamaly	Onion	3600	4564
17-02-2024	Uttar Pradesh	Hargaon (Laharpur)	Potato	650	943
03-12-2023	Haryana	Ladwa	Onion	2800	1227
23-06-2023	Haryana	Punhana	Onion	1100	3835
12-07-2024	Uttar Pradesh	Muradabad	Potato	2320	3316
13-10-2024	West Bengal	Kandi	Potato	2475	3785
14-11-2023	Manipur	Thoubal	Potato	2750	3292
23-05-2025	Haryana	Barwala	Onion	950	3921
28-09-2024	Uttar Pradesh	Chitwadagaon	Potato	2210	1609
13-07-2023	Haryana	Madlauda	Onion	1300	1983
06-10-2023	Uttar Pradesh	Mauranipur	Wheat	2360	4957
22-01-2024	Haryana	Ladwa	Potato	500	1833
05-03-2024	Uttar Pradesh	Jasvantnagar	Onion	1520	4765
13-01-2025	West Bengal	Bara Bazar (Posta Bazar)	Potato	1600	4504
22-07-2023	West Bengal	Rampurhat	Wheat	2450	1689
16-04-2025	Uttar Pradesh	Meerut	Onion	1550	2459
12-06-2023	Rajasthan	Nimbahera	Wheat	2300	2307
13-05-2025	West Bengal	Asansol	Rice	4400	4092
27-02-2025	West Bengal	Ramkrishanpur(Howrah)	Onion	3200	4172
22-10-2024	Kerala	Thodupuzha	Onion	5300	4426
21-10-2023	Gujarat	Porbandar	Potato	1250	2917
25-03-2025	Orissa	Kamakhyanagar	Potato	2000	4360
23-11-2023	Andhra Pradesh	Mahabubnagar(Rythu Bazar)	Potato	3000	823
03-06-2024	Orissa	Hindol	Potato	2700	4597
25-07-2023	Punjab	Bariwala	Potato	900	928
08-11-2023	Rajasthan	Bandikui	Wheat	2565	4965
10-03-2025	Uttar Pradesh	Firozabad	Potato	1100	1713
29-07-2023	Nagaland	Kohima	Potato	3400	762
15-07-2024	Uttar Pradesh	Gonda	Onion	3250	3325
30-11-2024	Gujarat	Mahuva(Station Road)	Onion	2750	476
13-05-2024	Nagaland	Kipheri	Potato	4800	805
05-04-2024	Uttar Pradesh	Banda	Potato	1450	1049
27-04-2024	Gujarat	Ahmedabad(Chimanbhai Patal Market Vasana)	Potato	1950	4354
05-03-2025	Uttar Pradesh	Achalda	Onion	2720	1175
11-10-2023	Uttar Pradesh	Aliganj	Wheat	2255	2129
19-03-2024	Uttar Pradesh	Sikarpur	Onion	1500	1905
04-09-2024	Jammu & Kashmir	Batote	Potato	2500	3003
19-01-2024	Uttar Pradesh	Chandausi	Potato	650	3814
24-11-2024	Uttar Pradesh	Sandila	Potato	2120	4473
18-10-2023	Punjab	Patran	Potato	540	1372
11-03-2024	Uttar Pradesh	Allahabad	Onion	1680	541
04-12-2023	Punjab	Doraha	Potato	800	3680
01-06-2025	Punjab	Lohian Khas	Potato	500	390
05-12-2024	Jammu & Kashmir	Batote	Potato	3100	4951
15-07-2023	Gujarat	Kapadvanj	Wheat	2275	4193
15-05-2025	Madhya Pradesh	Ujjain	Onion	200	1362
05-07-2023	Punjab	GarhShankar (Kotfatuhi)	Onion	1500	2829
17-01-2024	Uttar Pradesh	Ujhani	Potato	610	2035
20-08-2024	Tamilnadu	NGO Colony(Uzhavar Sandhai )	Onion	4700	1611
01-08-2024	Tamilnadu	Thanjavur(Uzhavar Sandhai )	Potato	4800	2617
23-03-2025	Uttar Pradesh	Bilsi	Potato	1070	4099
12-07-2024	Uttar Pradesh	Hargaon (Laharpur)	Onion	2200	4852
30-01-2024	Gujarat	Rajkot	Wheat	2795	1698
04-09-2024	 Punjab	Fazilka	Potato	2000	2629
29-09-2023	Uttar Pradesh	Gulavati	Onion	2100	1873
19-03-2025	West Bengal	Alipurduar	Potato	900	4948
21-10-2023	Uttar Pradesh	Shahabad(New Mandi)	Onion	2100	3661
16-12-2023	Rajasthan	Rawatsar	Potato	900	2403
08-07-2024	Tamilnadu	Edappadi	Onion	5000	1843
09-06-2023	Karnataka	Belgaum	Tomato	1900	243
27-07-2023	Uttar Pradesh	Milak	Wheat	2355	2736
12-02-2024	Uttar Pradesh	Etah	Onion	1515	4486
15-07-2023	Madhya Pradesh	Ratlam(F&V)	Onion	1320	4587
06-09-2024	Haryana	Ballabhgarh	Onion	4000	3477
27-05-2025	Gujarat	Dahod	Rice	5500	4892
09-09-2023	Haryana	Sohna	Onion	2400	831
22-11-2024	Uttar Pradesh	Wazirganj	Potato	2000	3116
21-02-2024	Haryana	Thanesar	Potato	700	226
21-05-2025	Punjab	Nabha	Onion	900	2177
03-07-2023	Haryana	Shahabad	Potato	900	778
15-03-2024	Gujarat	Mahuva(Station Road)	Onion	1095	326
26-10-2024	Maharashtra	Khed(Chakan)	Onion	3200	2359
24-09-2024	Tamilnadu	Mettur(Uzhavar Sandhai )	Potato	5000	967
02-07-2023	Madhya Pradesh	Alirajpur(F&V)	Onion	1500	904
12-03-2024	Kerala	Thalayolaparambu	Onion	3100	120
16-10-2023	Kerala	Thrippunithura	Potato	4000	3471
24-06-2023	Uttar Pradesh	Bahraich	Wheat	2320	780
05-09-2023	Bihar	Bahadurpur (Ekmi Ghat)	Onion	2600	1339
09-05-2025	Maharashtra	Manchar	Potato	1150	2014
17-01-2024	Uttar Pradesh	Ghaziabad	Potato	700	981
03-02-2024	Uttar Pradesh	Jasvantnagar	Potato	700	2420
15-07-2024	Kerala	Kottakkal	Onion	4100	2536
29-12-2023	Kerala	Thalayolaparambu	Onion	3200	2371
26-07-2023	Uttar Pradesh	Purwa	Tomato	7650	2565
26-02-2024	Orissa	Chandabali	Potato	1300	4502
29-09-2023	Kerala	Angamaly	Tomato	3000	2862
18-07-2023	Haryana	Shahabad	Onion	1500	4169
18-11-2023	Madhya Pradesh	Susner	Wheat	2500	2104
05-09-2024	Tamilnadu	Gobichettipalayam(Uzhavar Sandhai )	Potato	4800	2117
01-10-2024	Uttar Pradesh	Lalitpur	Onion	3900	2966
29-08-2023	Uttar Pradesh	Chitwadagaon	Onion	2240	1385
04-07-2024	Tamilnadu	Thammampati	Potato	50	2970
22-07-2023	Orissa	Gopa	Potato	1600	236
03-12-2024	Maharashtra	Pimpalgaon Baswant(Saykheda)	Onion	3350	244
24-06-2023	Uttar Pradesh	Shahabad(New Mandi)	Wheat	2280	338
24-05-2024	Uttar Pradesh	Rampur	Onion	1570	2075
11-11-2024	Tamilnadu	Melapalayam(Uzhavar Sandhai )	Onion	7000	4492
26-08-2023	Maharashtra	Sangli(Phale, Bhajipura Market)	Potato	1450	978
23-04-2025	Tamilnadu	Mettur(Uzhavar Sandhai )	Onion	3000	4120
02-07-2023	Maharashtra	Shrirampur	Tomato	2500	2355
13-09-2023	Nagaland	Mangkolemba	Potato	3000	4567
15-05-2024	Bihar	Danapur	Potato	2400	3058
15-02-2025	Uttar Pradesh	Achalda	Onion	2120	1192
24-01-2025	Haryana	Barwala	Potato	1000	742
15-05-2025	West Bengal	Barasat	Onion	1800	3187
09-12-2024	Uttar Pradesh	Rampur	Potato	2200	3922
13-02-2024	Uttar Pradesh	Noida	Onion	1490	440
08-05-2025	Tamilnadu	Gingee(Uzhavar Sandhai )	Potato	3500	2290
06-03-2025	Madhya Pradesh	Mhow(F&V)	Potato	550	3090
25-04-2024	Rajasthan	Jodhpur (F&V)	Onion	1100	2065
11-03-2024	Himachal Pradesh	Kangra	Onion	2900	4552
03-12-2023	West Bengal	Jalpaiguri Sadar	Potato	1200	1160
21-06-2023	Uttar Pradesh	Charra	Onion	1100	2700
13-06-2023	Uttar Pradesh	Noida	Onion	1200	570
15-10-2023	Maharashtra	Pune(Khadiki)	Onion	1700	1113
12-10-2023	Madhya Pradesh	Susner	Wheat	2400	4548
03-06-2025	Tamilnadu	Vellore	Potato	3000	2662
24-06-2024	Tamilnadu	Thanjavur	Potato	40	1923
22-08-2023	Uttar Pradesh	Sambhal	Onion	1400	2393
28-09-2023	West Bengal	Belacoba	Potato	1150	1694
27-09-2024	Tamilnadu	Karur(Uzhavar Sandhai )	Potato	6000	1096
17-04-2025	West Bengal	Bankura Sadar	Rice	3600	3179
02-02-2024	West Bengal	Moynaguri	Onion	2500	1274
20-07-2024	Uttar Pradesh	Azamgarh	Potato	2400	1388
19-12-2023	Uttar Pradesh	Barabanki	Wheat	2520	402
16-10-2023	Uttar Pradesh	Dhanaura	Potato	900	3425
15-07-2023	West Bengal	Ranaghat	Onion	2400	2917
22-04-2024	Madhya Pradesh	Sagar	Onion	1100	3787
19-08-2023	Rajasthan	Alwar (F&V)	Onion	2700	851
03-07-2023	Uttar Pradesh	Kosikalan	Potato	800	4271
03-09-2023	Himachal Pradesh	Kurara	Wheat	2200	4691
28-02-2025	Haryana	Sonepat(Kharkhoda)	Potato	900	361
03-10-2024	Haryana	Barwala	Onion	4000	1814
21-02-2024	Uttar Pradesh	Aligarh	Onion	1650	1263
10-06-2024	Haryana	Pehowa	Potato	600	3634
29-03-2024	Maharashtra	Sangli(Phale, Bhajipura Market)	Potato	2050	125
04-01-2024	Madhya Pradesh	Ujjain	Onion	986	3874
25-02-2024	Maharashtra	Rahata	Onion	1600	3493
29-09-2023	Uttar Pradesh	Hardoi	Wheat	2320	4657
11-06-2024	Haryana	Jagadhri	Potato	1650	3449
10-03-2025	Uttar Pradesh	Bharwari	Onion	2480	3311
24-08-2023	Punjab	Dinanagar	Potato	1500	3622
10-07-2024	Haryana	Rohtak	Potato	1500	3593
27-01-2025	Haryana	kalanwali	Potato	800	101
03-10-2023	Maharashtra	Savner	Wheat	2400	4160
05-04-2025	Uttar Pradesh	Mahoba	Onion	1490	4185
07-11-2023	Himachal Pradesh	Bharuasumerpur	Wheat	2525	1409
31-03-2024	Uttar Pradesh	Hasanpur	Onion	950	3783
28-06-2023	Uttar Pradesh	Jasvantnagar	Tomato	3670	1753
18-10-2024	Tamilnadu	Kambam(Uzhavar Sandhai )	Onion	5500	1474
29-01-2024	Uttar Pradesh	Rampurmaniharan	Onion	2143	104
25-12-2024	West Bengal	Bankura Sadar	Potato	2140	1366
10-10-2023	Gujarat	Jetpur(Dist.Rajkot)	Wheat	2650	951
25-07-2024	Tamilnadu	Cuddalore(Uzhavar Sandhai )	Onion	4800	2105
12-09-2023	Andhra Pradesh	Venkateswarnagar	Potato	2000	4005
02-08-2023	Gujarat	Palitana	Potato	1400	3424
30-12-2023	Kerala	Kayamkulam	Onion	3200	2266
30-12-2023	Maharashtra	Khed(Chakan)	Potato	1300	2878
26-02-2025	Uttar Pradesh	Chitwadagaon	Potato	970	3207
14-07-2023	Andhra Pradesh	Gudimalkapur	Onion	1000	1128
22-12-2023	Madhya Pradesh	Shajapur	Onion	735	4823
26-07-2023	Gujarat	Taleja	Wheat	2455	1732
29-03-2025	Orissa	Khariar Road	Potato	3000	4013
28-07-2023	Rajasthan	Jaipur (F&V)	Potato	1060	2566
12-08-2024	Punjab	Moga	Potato	2000	2307
08-11-2023	Uttar Pradesh	Sehjanwa	Potato	1700	2885
31-08-2023	Kerala	Kothamangalam	Onion	5500	545
30-10-2024	Uttar Pradesh	Azamgarh	Onion	4000	3302
11-08-2024	Tamilnadu	Melapalayam(Uzhavar Sandhai )	Potato	4200	754
20-07-2023	Uttar Pradesh	Etah	Potato	1020	4239
08-03-2025	Gujarat	Gondal	Onion	1120	4008
16-12-2023	Madhya Pradesh	Dhamnod	Onion	2000	2787
25-11-2024	Uttar Pradesh	Bewar	Potato	1750	352
19-11-2023	Orissa	Jharsuguda	Potato	2000	164
17-07-2023	Kerala	Kondotty	Onion	2000	3465
31-08-2024	Uttar Pradesh	Etah	Onion	3205	2852
30-11-2024	Punjab	Nabha	Potato	2300	1407
18-10-2023	Madhya Pradesh	Vidisha	Wheat	2510	2071
27-03-2025	Kerala	Parappanangadi	Potato	2200	3402
20-09-2024	Tamilnadu	Tiruthuraipoondi(Uzhavar Sandhai )	Onion	5000	4923
14-09-2024	Punjab	Dudhansadhan	Potato	2300	1273
21-12-2023	Uttar Pradesh	Ajuha	Wheat	2450	1290
14-07-2023	Madhya Pradesh	Karera	Wheat	2150	232
07-11-2024	Himachal Pradesh	Dharamshala	Onion	5700	3733
19-05-2025	Maharashtra	Alibagh	Rice	2600	388
05-07-2023	Orissa	Kendrapara	Tomato	10000	660
23-05-2024	Uttar Pradesh	Purwa	Onion	1550	3053
20-08-2023	Uttar Pradesh	Balrampur	Potato	1220	1054
06-08-2023	Maharashtra	Tumsar	Wheat	2021	3540
04-02-2024	Uttar Pradesh	Bareilly	Onion	1420	4198
16-02-2024	West Bengal	Sheoraphuly	Onion	2000	1004
18-07-2023	Assam	Golagokarnath	Wheat	2240	783
04-09-2024	Madhya Pradesh	Ujjain	Potato	2210	1238
22-11-2023	Madhya Pradesh	Dhar(F&V)	Potato	1800	245
11-08-2023	Madhya Pradesh	Kareli	Wheat	2320	1256
21-07-2023	Punjab	Barnala	Onion	1350	1073
17-06-2023	West Bengal	Dhupguri	Onion	1900	2051
08-07-2024	Maharashtra	Shree Rameshwar Krushi Market	Onion	2792.38	1856
12-04-2024	Punjab	Dasuya	Onion	2000	4024
10-06-2023	Haryana	Meham	Potato	600	504
09-05-2025	Uttar Pradesh	Gonda	Onion	1250	4001
27-11-2024	Tamilnadu	Sunguvarchatram(Uzhavar Sandhai )	Onion	5000	1765
23-02-2024	Uttar Pradesh	Jasra	Onion	1465	4061
28-12-2023	Uttar Pradesh	Moth	Onion	1380	2948
07-06-2023	Haryana	Siwan	Potato	1200	551
17-04-2025	Madhya Pradesh	Manasa	Onion	1200	4826
23-06-2023	Uttar Pradesh	Bharwari	Onion	1120	3095
27-08-2023	Madhya Pradesh	Katni(F&V)	Onion	1200	3163
30-05-2025	Uttar Pradesh	Hapur	Onion	1190	2924
22-11-2023	Rajasthan	Kota	Wheat	2600	1288
10-10-2023	Jammu & Kashmir	Kathua	Onion	2900	2817
05-12-2023	Uttar Pradesh	Barhaj	Wheat	2450	2060
01-06-2025	Orissa	Bargarh	Onion	2200	2481
22-11-2024	Maharashtra	Satana	Onion	3400	467
22-04-2025	Uttar Pradesh	Viswan	Rice	3125	3797
14-02-2025	Tamilnadu	Ramanathapuram(Uzhavar Sandhai )	Onion	5000	4860
20-06-2024	Uttar Pradesh	Khair	Potato	1500	3992
23-10-2024	Tamilnadu	Thathakapatti(Uzhavar Sandhai )	Potato	6000	3257
06-10-2023	Madhya Pradesh	Pandhana	Wheat	2575	281
06-06-2025	Uttar Pradesh	Akbarpur	Onion	1190	1445
19-09-2023	Uttar Pradesh	Dibiapur	Potato	900	702
14-11-2023	Uttar Pradesh	Amroha	Potato	880	4712
10-06-2024	Haryana	Panipat	Potato	1200	3043
21-07-2023	Uttar Pradesh	Chirgaon	Tomato	8125	4527
19-06-2023	Punjab	Barnala	Tomato	650	4866
15-04-2024	West Bengal	Purulia	Onion	1800	4374
25-10-2023	Punjab	F.G.Churian	Onion	1800	3194
10-03-2025	Rajasthan	Bikaner (F&V)	Potato	1200	2111
03-03-2025	Punjab	Lohian Khas	Potato	500	4200
08-06-2023	Uttar Pradesh	Partaval	Onion	1180	4987
13-11-2024	Tamilnadu	Kumarapalayam(Uzhavar Sandhai )	Onion	7500	690
07-12-2023	Kerala	Kuruppanthura	Onion	5800	3328
27-07-2023	Haryana	Shahabad	Tomato	7200	3703
10-10-2023	West Bengal	Rampurhat	Wheat	2450	4866
10-07-2023	Gujarat	Ahmedabad(Chimanbhai Patal Market Vasana)	Potato	900	1842
10-10-2023	West Bengal	Kasipur	Onion	2860	1299
03-07-2023	Himachal Pradesh	Kangra(Baijnath)	Potato	1700	4155
28-11-2024	Uttar Pradesh	Sikarpur	Potato	1300	113
22-01-2024	Uttar Pradesh	Samsabad	Potato	700	323
05-08-2024	Orissa	Aiginia Mandi	Onion	3500	1923
11-04-2024	Kerala	Aluva	Potato	4000	4260
06-11-2024	Tamilnadu	Mohanur(Uzhavar Sandhai )	Potato	5000	2705
06-10-2024	Tamilnadu	Harur(Uzhavar Sandhai )	Onion	6000	3887
01-05-2025	Tamilnadu	Kundrathur(Uzhavar Sandhai )	Onion	3000	4693
16-04-2025	Himachal Pradesh	Dhanotu (Mandi)	Onion	1600	3036
19-10-2024	Punjab	Patiala	Onion	4500	3542
01-05-2024	Orissa	Damana Hat	Onion	2200	1163
10-08-2023	Kerala	Kattappana	Onion	2500	1677
28-07-2024	Tamilnadu	Athur(Uzhavar Sandhai )	Potato	5000	3488
29-10-2024	West Bengal	Belacoba	Potato	2450	4900
28-10-2023	Gujarat	Jasdan	Wheat	2450	1294
24-06-2023	Rajasthan	Sri Karanpur	Wheat	2130	2284
10-11-2023	Kerala	Ernakulam	Onion	5400	4643
10-07-2023	Orissa	Khariar Road	Onion	2100	617
30-05-2025	Uttar Pradesh	Ballia	Rice	3285	2061
06-07-2023	Gujarat	Porbandar	Potato	1250	1470
22-11-2023	Uttar Pradesh	Naanpara	Onion	4000	2633
22-03-2025	Bihar	Barahat	Onion	2800	3402
24-07-2023	Gujarat	Harij	Wheat	2150	1618
18-04-2025	Maharashtra	Nagpur	Onion	1125	1889
18-10-2024	Uttar Pradesh	Mugrabaadshahpur	Onion	4175	3961
22-06-2023	Punjab	Malout	Onion	900	4503
05-04-2025	Himachal Pradesh	Una	Potato	1000	1925
24-07-2024	Rajasthan	Jalore	Potato	2300	3749
25-06-2024	Andhra Pradesh	Kalwakurthy	Potato	3300	2908
20-12-2024	Gujarat	Kapadvanj	Potato	2220	2927
15-11-2024	Rajasthan	Madanganj Kishangarh	Onion	5300	4229
03-12-2024	Rajasthan	Pratapgarh	Onion	3850	1169
17-04-2025	West Bengal	Moynaguri	Potato	1350	692
04-12-2024	Gujarat	Surat	Potato	2225	1068
23-08-2024	Rajasthan	Sriganganagar (F&V)	Potato	1800	3665
17-02-2025	Assam	Jorhat	Potato	1400	1540
08-09-2023	Uttar Pradesh	Firozabad	Potato	1030	3956
23-04-2024	Uttar Pradesh	Tulsipur	Potato	1640	1565
03-12-2024	Punjab	Nawan Shahar(Subzi Mandi)	Onion	3700	3744
04-10-2024	Punjab	Garh Shankar(Mahalpur)	Onion	4000	3581
04-08-2023	Kerala	Ernakulam	Onion	9000	2673
29-07-2024	Maharashtra	Pune(Khadiki)	Potato	2200	2084
01-01-2024	Kerala	Kayamkulam	Potato	2000	1020
08-08-2024	Maharashtra	Nasik	Onion	2750	2833
04-06-2025	Kerala	Thalasserry	Onion	2200	1715
24-02-2024	Uttar Pradesh	Vilthararoad	Potato	1100	1466
27-03-2024	Maharashtra	Pune	Onion	1100	3919
08-06-2025	Haryana	Siwan	Potato	1000	3247
05-12-2023	Gujarat	Porbandar	Wheat	2450	3389
24-07-2023	Rajasthan	Pilibanga	Wheat	2177	2418
28-06-2024	Uttar Pradesh	Achalda	Potato	1900	277
25-07-2023	Uttar Pradesh	Auraiya	Onion	1600	2067
21-08-2024	Punjab	Dudhansadhan	Potato	2300	1441
01-04-2025	Haryana	Rania	Onion	1600	4819
28-10-2024	Jammu & Kashmir	Narwal Jammu (F&V)	Potato	2000	2078
07-11-2024	Madhya Pradesh	Sailana(F&V)	Onion	5000	3139
21-07-2024	Uttar Pradesh	Basti	Onion	3025	2092
01-10-2024	Uttar Pradesh	Etawah	Onion	4150	1906
16-04-2025	Haryana	Sadhaura	Onion	2000	3818
16-01-2024	Gujarat	Ahmedabad(Chimanbhai Patal Market Vasana)	Potato	1050	3906
01-06-2024	Maharashtra	Junnar(Narayangaon)	Onion	1800	4339
17-05-2025	Himachal Pradesh	Mandi(Takoli)	Onion	1800	1739
03-04-2024	Kerala	Kannur	Onion	2300	2105
07-08-2023	West Bengal	Barasat	Onion	2300	1924
17-08-2024	Punjab	Bilga	Potato	1900	2422
27-06-2023	Uttar Pradesh	Pratapgarh	Potato	1125	1747
14-10-2024	Madhya Pradesh	Sailana	Onion	4100	1329
27-03-2024	Uttar Pradesh	Anoop Shahar	Onion	2000	910
20-06-2023	Gujarat	Kalol(Veg,Market,Kalol)	Tomato	2250	504
23-06-2024	Haryana	Dabwali	Potato	1000	1312
16-01-2024	 Punjab	Fazilka	Potato	1200	1049
28-05-2025	 Punjab	Fazilka	Onion	1500	3439
27-10-2023	Uttar Pradesh	Madhoganj	Potato	1090	1360
09-12-2023	Haryana	Shahzadpur	Potato	700	498
25-05-2024	Madhya Pradesh	Khandwa	Onion	800	4037
06-08-2023	Maharashtra	Vai	Potato	1850	4129
28-10-2023	Uttar Pradesh	Panchpedwa	Wheat	2100	1419
18-11-2024	Jammu and Kashmir	Ashahipora (Anantnagh)	Potato	2900	2972
06-02-2024	Uttar Pradesh	Bindki	Onion	1530	4397
09-06-2023	Gujarat	Porbandar	Onion	1250	2978
26-06-2024	Uttar Pradesh	Atarra	Potato	1915	3546
01-08-2024	Tamilnadu	Sivakasi(Uzhavar Sandhai )	Potato	5000	3489
22-04-2025	Uttar Pradesh	Khaga	Onion	1250	1097
26-04-2024	Madhya Pradesh	Narsinghgarh	Onion	1550	4504
01-12-2024	Punjab	Kot ise Khan	Potato	900	1042
07-12-2023	Rajasthan	Pratapgarh	Wheat	2615	117
28-06-2024	Tamilnadu	Pollachi	Potato	65	1856
30-07-2024	Tamilnadu	Viruthachalam(Uzhavar Sandhai )	Onion	4500	2984
21-09-2024	Uttar Pradesh	Gangoh	Onion	4500	1327
22-05-2024	Maharashtra	Akola	Onion	1200	1749
30-12-2023	Punjab	Patran	Onion	1330	297
24-03-2025	West Bengal	Uluberia	Potato	1180	3231
13-01-2024	Uttar Pradesh	Gazipur	Potato	650	1866
06-10-2023	Uttar Pradesh	Bharwari	Onion	1950	3946
30-09-2024	Haryana	Raipur Rai	Onion	2500	3910
19-06-2023	Madhya Pradesh	Shajapur(F&V)	Onion	500	3848
09-12-2023	Maharashtra	Hinganghat	Wheat	2430	807
15-01-2024	Rajasthan	Nadwai	Wheat	2402	1849
16-10-2024	Uttar Pradesh	Gazipur	Onion	4140	2288
13-12-2023	Bihar	Piro	Onion	5700	3116
20-08-2024	Punjab	Sangrur	Potato	1000	1962
28-08-2024	Uttar Pradesh	Achalda	Onion	3450	4786
01-11-2024	Uttar Pradesh	Sambhal	Onion	2350	2535
05-07-2023	Maharashtra	Nagpur	Wheat	2250	2194
25-04-2025	West Bengal	Indus(Bankura Sadar)	Potato	1060	1904
23-11-2024	Kerala	Ettumanoor	Onion	5700	4078
22-04-2024	Uttar Pradesh	Tulsipur	Potato	1630	4883
23-05-2024	West Bengal	Falakata	Onion	2300	3085
06-05-2025	Tamilnadu	Katpadi (Uzhavar Sandhai )	Onion	2400	1103
18-04-2024	Uttar Pradesh	Moth	Potato	1680	4251
28-09-2023	Uttar Pradesh	Muradabad	Onion	1835	2107
22-09-2023	Uttar Pradesh	Kusmee	Wheat	2200	3751
14-12-2023	West Bengal	Rampurhat	Potato	1200	1079
09-12-2023	Uttar Pradesh	Khair	Potato	830	4070
21-12-2024	Uttar Pradesh	Azamgarh	Potato	1825	2033
18-12-2024	Punjab	Rajpura	Potato	1300	2873
24-08-2023	 Punjab	Jalalabad	Onion	2500	2418
08-01-2025	Karnataka	Shimoga	Potato	3700	1300
02-09-2023	Punjab	Doraha	Potato	1000	888
05-02-2025	Punjab	Batala	Potato	1200	3875
24-05-2024	Maharashtra	Nasik	Onion	1450	1897
15-02-2025	Tamilnadu	Jalagandapuram(Uzhavar Sandhai )	Onion	5000	555
31-05-2025	Uttar Pradesh	Bagpat	Potato	1000	3022
16-09-2024	West Bengal	Sheoraphuly	Potato	2360	4351
21-06-2023	Orissa	Koraput	Tomato	4000	2516
01-12-2024	Uttar Pradesh	Agra	Potato	1910	1115
08-07-2024	Gujarat	Surat	Potato	2250	2989
29-05-2025	Uttar Pradesh	Payagpur	Onion	1100	2219
10-04-2024	Punjab	Jalandhar City(Jalandhar)	Potato	420	1908
25-02-2025	Tamilnadu	Athur(Uzhavar Sandhai )	Onion	5500	4739
07-05-2025	Uttar Pradesh	Allahabad	Potato	1155	3120
15-10-2023	Madhya Pradesh	Dewas	Wheat	2740	4857
02-10-2023	Madhya Pradesh	Gorakhpur	Wheat	2300	2277
25-11-2023	Maharashtra	Sangli(Phale, Bhajipura Market)	Potato	1200	165
05-12-2023	Kerala	Pala	Onion	5600	3437
05-02-2024	Uttar Pradesh	Achalda	Potato	700	3744
02-09-2024	Uttar Pradesh	Nagina	Onion	3000	2137
27-04-2024	Kerala	Kattappana	Onion	2700	4612
28-10-2024	Haryana	Meham	Onion	4000	1480
26-02-2025	Tamilnadu	Kaveripattinam(Uzhavar Sandhai )	Onion	5000	2225
02-09-2024	Uttar Pradesh	Buland Shahr	Onion	3800	2433
26-10-2023	Madhya Pradesh	Hoshangabad	Onion	1980	1362
12-12-2023	Punjab	Giddarbaha	Potato	800	4898
09-10-2024	Kerala	Kottayam	Potato	4600	2713
16-06-2023	West Bengal	Pandua	Tomato	3700	1720
03-12-2023	Uttar Pradesh	Aligarh	Potato	930	240
11-05-2024	Gujarat	Nadiyad(Piplag)	Onion	1550	3965
26-12-2024	Andhra Pradesh	L B Nagar	Potato	2200	4931
28-11-2023	Madhya Pradesh	Kolaras	Wheat	2460	377
14-05-2025	Haryana	Shahzadpur	Onion	800	2823
17-04-2024	Haryana	Siwan	Potato	1400	2088
28-11-2023	Uttar Pradesh	Samsabad	Potato	700	3333
31-08-2024	Haryana	Shahzadpur	Onion	3000	2694
11-06-2025	Uttar Pradesh	Chorichora	Onion	1500	1231
11-08-2023	Rajasthan	Sujangarh	Potato	1000	4967
21-02-2025	Andhra Pradesh	Gudimalkapur	Potato	1400	1151
24-08-2023	Uttar Pradesh	Tundla	Potato	1050	2770
03-05-2024	Uttar Pradesh	Chirgaon	Potato	1740	4175
02-09-2024	Uttar Pradesh	Chitwadagaon	Potato	2350	4933
06-03-2025	Uttar Pradesh	Viswan	Potato	1080	4907
17-04-2024	Bihar	Sheohar	Onion	2300	2734
10-09-2024	West Bengal	Bethuadahari	Potato	2520	4508
28-10-2023	Gujarat	Jetpur(Dist.Rajkot)	Onion	3355	2955
10-06-2025	Orissa	Chandabali	Potato	2000	2285
21-07-2023	Uttar Pradesh	Jhansi	Wheat	2165	248
25-10-2023	Madhya Pradesh	Gandhwani	Wheat	2700	2161
14-06-2023	Uttar Pradesh	Bilsi	Onion	1050	1649
02-04-2025	Manipur	Bishenpur	Onion	3750	3343
23-06-2023	Himachal Pradesh	Bhuntar	Potato	1600	4354
20-02-2025	Tamilnadu	Singanallur(Uzhavar Sandhai )	Potato	4500	1052
03-02-2025	Tamilnadu	Palayamkottai(Uzhavar Sandhai )	Potato	3500	2564
30-05-2025	Kerala	Vamanapuram	Onion	3000	3361
15-01-2024	Madhya Pradesh	Gandhwani	Wheat	2650	565
21-07-2023	Andhra Pradesh	Miryalguda(Rythu Bazar)	Onion	2400	1828
01-12-2023	Uttar Pradesh	Shahabad(New Mandi)	Onion	3600	2636
11-04-2025	Uttar Pradesh	Ahirora	Potato	1100	827
20-05-2024	Rajasthan	Kota (F&V)	Potato	1500	3418
03-12-2023	Uttar Pradesh	Purwa	Onion	3730	1811
12-01-2024	Madhya Pradesh	Dhar	Wheat	2800	1107
27-07-2024	Kerala	Aroor	Potato	5000	3891
22-01-2024	West Bengal	Sainthia	Onion	2300	1994
09-05-2024	Haryana	Pehowa	Potato	1500	4089
03-01-2025	Uttar Pradesh	Shahganj	Potato	1430	3622
20-01-2025	Uttar Pradesh	Pratapgarh	Potato	1200	535
07-08-2023	Madhya Pradesh	Badod	Wheat	2384	447
11-09-2024	Uttar Pradesh	Tundla	Onion	3650	3266
11-07-2023	Haryana	Ch. Dadri	Tomato	10250	4905
06-07-2023	West Bengal	Kalipur	Onion	2050	137
09-06-2025	Bihar	Murliganj	Potato	1200	4242
13-04-2025	West Bengal	Sheoraphuly	Onion	2100	2698
26-11-2024	Kerala	Aluva	Onion	7500	4903
07-08-2024	Uttar Pradesh	Kosikalan	Potato	2090	2329
17-12-2023	Madhya Pradesh	Shahagarh	Wheat	2300	2861
25-07-2024	Uttar Pradesh	Partaval	Potato	2415	3406
14-08-2023	Maharashtra	Baramati	Wheat	2650	2758
12-08-2023	Uttar Pradesh	Hargaon (Laharpur)	Potato	950	2096
30-12-2023	Punjab	Tanda Urmur	Onion	2300	1822
08-05-2025	Uttar Pradesh	Ballia	Rice	3300	2944
15-08-2024	Maharashtra	Vai	Potato	3100	407
19-11-2024	Uttar Pradesh	Akbarpur	Onion	4120	2872
28-04-2025	Kerala	Thrippunithura	Potato	4000	1265
04-09-2023	Uttar Pradesh	Samsabad	Potato	900	1713
27-07-2023	Uttar Pradesh	Dudhi	Onion	1100	4577
19-05-2025	Tamilnadu	Chokkikulam(Uzhavar Sandhai )	Potato	4600	931
23-07-2024	Gujarat	Porbandar	Potato	3000	2925
15-11-2023	Punjab	Malout	Onion	4000	1502
06-11-2023	Punjab	Muktsar	Onion	3500	2305
20-03-2025	Rajasthan	Dungarpur	Onion	2200	1034
04-12-2023	Uttar Pradesh	Chutmalpur	Onion	2150	3674
05-12-2023	Madhya Pradesh	Jaora	Wheat	2800	4378
24-03-2025	Kerala	Thodupuzha	Onion	3500	1051
25-07-2023	Madhya Pradesh	Kolaras	Wheat	2220	4471
28-09-2024	Nagaland	Kohima	Potato	5100	2513
19-06-2023	West Bengal	Durgapur	Wheat	2800	4940
27-03-2025	Orissa	Bargarh	Potato	2300	724
30-07-2024	Himachal Pradesh	Hamirpur	Onion	3900	3513
18-01-2024	Orissa	Bargarh(Barapalli)	Potato	1800	3440
19-07-2023	Maharashtra	Jalgaon	Onion	800	4828
24-09-2024	Tamilnadu	Sooramangalam(Uzhavar Sandhai )	Potato	6800	2959
19-05-2025	Uttar Pradesh	Muradnagar	Rice	2900	1825
05-11-2023	Madhya Pradesh	Badnawar(F&V)	Onion	2800	951
21-05-2025	Maharashtra	Mangaon	Rice	3800	3886
12-10-2023	Uttar Pradesh	Basti	Potato	1030	1077
11-01-2024	Kerala	North Paravur	Potato	4000	1176
15-07-2023	Gujarat	Rajkot(Veg.Sub Yard)	Onion	2500	3317
16-04-2024	Kerala	Vandiperiyar	Potato	3500	1686
29-03-2025	Kerala	Kottarakkara	Potato	4000	4068
17-11-2024	West Bengal	Rampurhat	Potato	2400	4252
22-08-2023	Madhya Pradesh	Dhamnod	Potato	1000	4124
30-04-2025	Punjab	Samana	Onion	1700	4573
07-08-2023	West Bengal	Bara Bazar (Posta Bazar)	Onion	2400	3201
08-02-2024	Uttar Pradesh	Sambhal	Onion	1400	4330
29-07-2023	Maharashtra	Nagpur	Wheat	3150	4111
24-01-2024	Madhya Pradesh	Thandla	Wheat	2550	1593
10-01-2025	Madhya Pradesh	Shajapur	Potato	1392	4744
15-03-2025	Punjab	Bariwala	Potato	1000	4957
12-03-2025	Punjab	GarhShankar (Kotfatuhi)	Onion	2300	4288
06-04-2024	Haryana	Sadhaura	Onion	2000	1069
22-11-2024	Himachal Pradesh	Kangra	Potato	2700	1102
05-12-2023	Maharashtra	Solapur	Onion	2900	2236
26-08-2023	Kerala	Manjeri	Onion	2950	4104
18-07-2024	Uttar Pradesh	Nawabganj	Onion	3100	1197
07-12-2023	Uttar Pradesh	Bindki	Onion	3580	1935
24-01-2024	Kerala	Perinthalmanna	Onion	3100	1020
30-09-2023	Maharashtra	Pune(Moshi)	Onion	1750	3622
22-01-2025	Uttar Pradesh	Basti	Potato	1290	481
17-08-2024	Maharashtra	Lasalgaon	Onion	3300	1947
03-10-2023	West Bengal	Habra	Potato	1460	4283
27-06-2023	Uttar Pradesh	Khairagarh	Potato	750	105
29-01-2024	Uttar Pradesh	Bahedi	Onion	1660	4874
21-09-2024	Bihar	Kochas (Balthari)	Onion	4600	534
11-12-2023	Gujarat	Kapadvanj	Wheat	2562	2595
10-08-2023	Delhi	Keshopur	Onion	1950	1611
14-03-2025	Tamilnadu	Gingee(Uzhavar Sandhai )	Potato	3500	3246
12-10-2023	Madhya Pradesh	Pawai	Wheat	2309	785
31-03-2024	Rajasthan	Sujangarh	Potato	700	341
03-01-2025	Madhya Pradesh	Khurai(F&V)	Potato	1900	4260
07-12-2023	Madhya Pradesh	Sabalgarh	Wheat	2495	1571
02-09-2023	Himachal Pradesh	Kangra(Jaisinghpur)	Onion	3150	4924
09-08-2024	Uttar Pradesh	Partaval	Onion	2925	2437
25-07-2023	Orissa	Hindol	Potato	1900	336
30-04-2025	Uttar Pradesh	Akbarpur	Onion	1320	2756
03-09-2024	Jammu & Kashmir	Kathua	Potato	2450	3937
06-10-2023	Bihar	Mansi Mandi	Onion	2800	1023
27-05-2024	Uttar Pradesh	Jahangirabad	Potato	1832	3127
02-08-2023	West Bengal	Durgapur	Wheat	2800	2210
08-12-2023	Kerala	Chengannur	Onion	5200	678
29-01-2024	Delhi	Keshopur	Potato	900	2452
02-11-2024	Tamilnadu	Needamangalam(Uzhavar Sandhai )	Onion	4800	1845
19-05-2025	Andhra Pradesh	Tiruvuru	Rice	4500	4233
02-11-2024	Uttar Pradesh	Sambhal	Potato	2250	2562
02-10-2024	Tamilnadu	Pennagaram(Uzhavar Sandhai )	Onion	6500	4514
21-05-2025	Gujarat	Ahmedabad(Chimanbhai Patal Market Vasana)	Potato	800	2036
21-01-2025	Uttar Pradesh	Chaandpur	Potato	1300	2112
04-11-2023	Uttar Pradesh	Gorakhpur	Potato	1240	4511
10-10-2023	Assam	Lakhimpur	Onion	2130	1476
25-08-2023	Uttar Pradesh	Chirgaon	Wheat	2330	1460
17-06-2023	Uttar Pradesh	Jangipura	Potato	960	1438
27-09-2024	Tamilnadu	Karaikudi(Uzhavar Sandhai )	Onion	7000	2835
29-09-2023	Punjab	Sangrur	Potato	700	4003
23-10-2024	Haryana	Pundri	Onion	4750	4119
03-03-2025	Madhya Pradesh	Kalapipal	Onion	1201	2951
06-02-2025	Tamilnadu	Katpadi (Uzhavar Sandhai )	Onion	4400	2670
05-05-2024	Himachal Pradesh	Kullu	Onion	2200	1372
05-06-2024	Maharashtra	Satara	Potato	2450	380
12-10-2024	Tamilnadu	Avallapalli(Uzhavar Sandhai )	Onion	5000	2879
22-12-2024	Tamilnadu	Krishnagiri(Uzhavar Sandhai )	Potato	3600	2914
25-11-2023	Maharashtra	Lasalgaon(Niphad)	Onion	3400	1934
18-12-2023	Uttar Pradesh	Viswan	Wheat	2415	1654
10-02-2024	Rajasthan	Bhadara	Onion	1308	1223
25-08-2024	Tamilnadu	Mohanur(Uzhavar Sandhai )	Onion	5500	4356
17-06-2023	Uttar Pradesh	Sirsaganj	Tomato	970	4310
06-06-2023	Uttar Pradesh	Anandnagar	Wheat	2230	4911
14-11-2023	Uttar Pradesh	Balrampur	Wheat	2480	1073
07-09-2023	Madhya Pradesh	Mhow	Potato	1500	1938
27-02-2025	West Bengal	Uluberia	Potato	840	3962
13-03-2025	West Bengal	Jiaganj	Potato	940	1136
19-08-2024	Punjab	Noor Mehal	Potato	1500	1465
04-09-2023	Rajasthan	Nokha	Wheat	2316	1785
18-12-2023	West Bengal	Indus(Bankura Sadar)	Potato	1380	473
13-02-2025	Uttar Pradesh	Siyana	Potato	1060	2464
17-07-2023	Assam	Lakhimpur	Potato	1175	1249
21-05-2025	Madhya Pradesh	Manasa	Onion	300	4198
22-04-2024	Uttar Pradesh	Atarra	Onion	1645	4459
06-11-2024	Punjab	Phagwara	Potato	1900	2651
28-02-2024	Rajasthan	Jodhpur (F&V)	Potato	700	3878
03-05-2025	Madhya Pradesh	Javad	Onion	416	231
09-06-2023	Himachal Pradesh	Kangra(Nagrota Bagwan)	Tomato	1350	4116
03-07-2023	Uttar Pradesh	Lucknow	Wheat	2310	228
17-06-2023	Madhya Pradesh	Mahidpur	Wheat	2050	4018
29-04-2024	Rajasthan	Sriganganagar (F&V)	Onion	1400	2823
26-05-2025	Tamilnadu	Tiruvarur(Uzhavar Sandhai )	Potato	3400	472
09-03-2024	West Bengal	Bankura Sadar	Onion	2200	2887
13-01-2024	Punjab	Rayya	Onion	3400	2403
03-01-2024	Uttar Pradesh	Mehmoodabad	Wheat	2440	4221
16-02-2025	Tamilnadu	Athur(Uzhavar Sandhai )	Onion	5200	749
24-05-2025	Uttar Pradesh	Rampur	Onion	1200	2806
19-07-2024	Kerala	Pala	Onion	7400	4703
19-06-2023	Punjab	Lehra Gaga	Tomato	1200	270
05-09-2023	Uttar Pradesh	Kosikalan	Potato	1010	4339
01-01-2024	Haryana	Dhand	Potato	600	1648
21-05-2024	Madhya Pradesh	Mandsaur	Onion	400	758
18-04-2025	West Bengal	Purulia	Potato	1100	2790
18-01-2025	Orissa	Khariar	Potato	3000	703
20-12-2024	Haryana	Ambala Cantt.	Potato	1100	2593
28-07-2024	Tamilnadu	Panruti(Uzhavar Sandhai )	Potato	5500	1124
24-10-2024	Tamilnadu	Chinnalapatti(Uzhavar Sandhai )	Onion	6000	288
14-12-2023	Bihar	Jehanabad	Onion	4600	2057
04-03-2025	Uttar Pradesh	Nautnava	Onion	1900	1225
10-10-2023	Rajasthan	Madanganj Kishangarh	Potato	1300	970
06-09-2024	Uttar Pradesh	Payagpur	Onion	3800	1853
08-11-2024	Rajasthan	Ajmer(F&V)	Onion	4600	3439
18-05-2025	Tamilnadu	Krishnagiri(Uzhavar Sandhai )	Potato	3000	4395
20-03-2024	Haryana	Panipat	Onion	1400	2699
10-08-2023	Uttar Pradesh	Bharthna	Wheat	2270	4140
17-09-2023	Haryana	Dhand	Potato	1170	166
18-03-2025	Uttar Pradesh	Noida	Onion	2600	3836
16-09-2024	Punjab	Khanna	Onion	3000	4680
29-04-2024	West Bengal	Kalipur	Onion	2000	1915
19-03-2024	Kerala	Kottakkal	Potato	3250	3771
03-06-2024	Haryana	Rania	Onion	1900	2304
23-09-2024	Rajasthan	Alwar (F&V)	Potato	2300	1497
28-07-2023	Uttar Pradesh	Bahraich	Tomato	7980	3352
18-09-2023	Haryana	Thanesar	Potato	2000	1514
21-12-2023	Madhya Pradesh	Sirali	Wheat	2500	1190
12-01-2024	Uttar Pradesh	Lucknow	Onion	1960	1280
16-08-2023	Uttar Pradesh	Hasanpur	Potato	950	1935
13-12-2023	Kerala	Kondotty	Potato	3200	784
01-12-2023	West Bengal	Bankura Sadar	Onion	4800	266
14-09-2024	Haryana	Madlauda	Onion	4500	4880
15-03-2024	Gujarat	Surat	Potato	1225	2374
12-09-2023	Orissa	Khariar	Potato	2000	2348
05-10-2024	Haryana	Dhand	Potato	1980	469
13-03-2025	Punjab	Dasuya	Potato	1400	4325
05-09-2023	Haryana	Jakhal	Onion	2700	286
28-06-2023	Punjab	Dhariwal	Potato	800	4353
25-07-2024	Uttar Pradesh	Lalitpur	Onion	2750	3314
11-09-2023	Haryana	Ambala City(Subji Mandi)	Onion	1675	2039
31-01-2024	Uttar Pradesh	Lalitpur	Wheat	2430	1096
02-02-2024	Orissa	Gopa	Potato	1400	3305
18-05-2024	Uttar Pradesh	Ujhani	Potato	1645	3493
22-08-2024	Punjab	Phillaur(Apra Mandi)	Potato	2500	1665
21-02-2024	Kerala	Thrippunithura	Potato	3800	2342
05-08-2024	West Bengal	Bara Bazar (Posta Bazar)	Onion	3650	4305
18-05-2024	Haryana	Jind	Potato	1650	327
26-05-2025	Uttar Pradesh	Chaandpur	Onion	1100	593
20-03-2024	Punjab	Dudhansadhan	Potato	1200	1375
17-07-2023	Maharashtra	Rahata	Wheat	2320	1275
07-10-2024	Uttar Pradesh	Sardhana	Onion	3100	2863
19-03-2024	Punjab	Dinanagar	Onion	2200	3294
25-08-2023	Haryana	Cheeka	Onion	2000	1237
09-01-2024	Madhya Pradesh	Khirakiya	Wheat	2681	4189
07-06-2025	Uttar Pradesh	Pratapgarh	Potato	1250	4716
04-01-2025	Punjab	Ludhiana	Potato	800	3369
09-05-2025	Maharashtra	Satana	Onion	1155	3053
19-07-2023	Rajasthan	Sumerganj	Wheat	2200	928
23-10-2023	Maharashtra	Gevrai	Wheat	2600	2512
22-04-2024	Gujarat	Vadhvan	Potato	2250	4784
15-06-2023	Punjab	Dinanagar	Tomato	1000	1284
15-04-2024	Kerala	Kannur	Onion	2300	3833
07-03-2024	Uttar Pradesh	Chutmalpur	Potato	900	4106
08-06-2024	Uttar Pradesh	Fatehpur Sikri	Potato	1680	932
28-09-2024	Haryana	Gohana	Onion	3500	3742
27-11-2023	Uttar Pradesh	Dudhi	Onion	2400	2764
21-09-2023	Madhya Pradesh	Petlawad	Potato	1278	640
12-04-2025	Punjab	Dinanagar	Potato	1200	2051
16-04-2024	Haryana	New Grain Market , Panchkula	Potato	1500	4902
20-04-2024	Haryana	Barwala	Onion	1900	3607
08-06-2025	Tamilnadu	Rasipuram(Uzhavar Sandhai )	Potato	3500	2246
01-06-2025	Kerala	Thalasserry	Potato	2600	718
12-07-2023	Karnataka	Bagepalli	Tomato	4200	857
26-10-2023	West Bengal	Karimpur	Wheat	2400	4369
04-11-2024	Uttar Pradesh	Khurja	Potato	2165	4047
30-12-2024	Tamilnadu	Gobichettipalayam(Uzhavar Sandhai )	Potato	4800	911
20-01-2025	Kerala	Aluva	Potato	4000	4334
27-04-2025	Kerala	Perumbavoor	Onion	2200	505
28-07-2023	Punjab	Nabha	Potato	1000	669
05-06-2024	Kerala	Thalayolaparambu	Onion	3400	4012
13-06-2023	Maharashtra	Pune(Manjri)	Onion	700	2358
09-08-2023	Uttar Pradesh	Ajuha	Onion	1580	899
16-04-2024	Kerala	Kayamkulam	Onion	2000	4082
21-11-2023	Maharashtra	Nagpur	Wheat	3375	3415
17-10-2023	Uttar Pradesh	Firozabad	Potato	900	4084
21-10-2024	Gujarat	Ankleshwar	Potato	2500	738
26-04-2025	Uttar Pradesh	Sandila	Rice	3160	4590
27-11-2023	Punjab	Noor Mehal	Potato	1050	1979
31-07-2024	Tamilnadu	Chinnamanur(Uzhavar Sandhai )	Onion	4400	1841
18-02-2024	Haryana	Rania	Onion	1850	1549
20-07-2024	Tamilnadu	Kundrathur(Uzhavar Sandhai )	Onion	4000	305
30-11-2023	Uttar Pradesh	Atarra	Onion	3600	1352
24-05-2024	Bihar	Nokha	Potato	2350	2935
12-11-2024	Punjab	Malerkotla	Onion	3800	1471
19-10-2023	Uttar Pradesh	Viswan	Potato	1160	817
19-08-2024	Himachal Pradesh	Mandi(Mandi)	Potato	2800	1713
11-10-2024	Uttar Pradesh	Barabanki	Potato	2150	1609
03-05-2025	West Bengal	Ramkrishanpur(Howrah)	Rice	3500	2809
10-03-2024	Maharashtra	Pune(Moshi)	Onion	950	2119
02-10-2024	Kerala	Vandiperiyar	Onion	6000	2391
27-10-2024	Haryana	Rewari	Onion	3500	2812
23-04-2024	Rajasthan	Nohar	Onion	1500	4423
04-09-2024	Punjab	Giddarbaha	Onion	3800	1140
19-04-2024	Uttar Pradesh	Bareilly	Onion	1550	2078
15-01-2024	Uttar Pradesh	Bharthna	Wheat	2460	2989
15-03-2025	Kerala	Pampady	Onion	3000	4021
04-11-2023	Himachal Pradesh	Kangra(Jassour)	Potato	1650	4725
16-05-2025	Tamilnadu	Attayampatti(Uzhavar Sandhai )	Onion	3000	2262
13-06-2023	Uttar Pradesh	Fatehabad	Potato	650	1173
24-11-2023	Maharashtra	Vai	Onion	3500	399
10-08-2023	Karnataka	Bangalore	Potato	1700	4290
26-08-2023	Kerala	Mannar	Onion	6500	4760
30-09-2023	Kerala	Kottarakkara	Onion	4000	2286
17-04-2024	Uttar Pradesh	Mahoba	Onion	1600	4006
27-05-2025	Uttar Pradesh	Bindki	Rice	3050	2108
13-05-2024	Uttar Pradesh	Sambhal	Onion	1400	1771
22-11-2023	Madhya Pradesh	Kalapipal	Wheat	2575	2813
14-10-2023	Uttar Pradesh	Tilhar	Potato	500	227
15-06-2023	Rajasthan	Madanganj Kishangarh	Wheat	2040	4115
22-04-2024	Maharashtra	Vashi New Mumbai	Onion	1350	1560
19-10-2024	Punjab	Jalandhar City(Jalandhar)	Potato	750	2786
28-06-2023	Chhattisgarh	Bilaspur	Wheat	2352	2499
27-01-2024	Nagaland	Mangkolemba	Onion	6000	1578
03-08-2024	Haryana	Sampla	Onion	3000	4389
26-04-2024	Haryana	Radaur	Onion	1600	2010
27-10-2024	Chhattisgarh	Bilaspur	Potato	3400	2392
25-08-2023	Uttar Pradesh	Firozabad	Potato	1015	4363
07-08-2024	Gujarat	Ahmedabad(Chimanbhai Patal Market Vasana)	Onion	2750	3772
15-12-2023	West Bengal	Bethuadahari	Potato	1740	2543
02-02-2024	Rajasthan	Udaipur (F&V)	Potato	650	4883
08-08-2024	Bihar	Sheohar	Onion	3900	3627
14-02-2025	Tamilnadu	Palanganatham(Uzhavar Sandhai )	Onion	4800	1034
08-06-2023	Kerala	Thodupuzha	Potato	3000	2707
06-07-2023	Uttar Pradesh	Hardoi	Onion	1330	4490
22-09-2023	Assam	Lakhimpur	Onion	2025	1866
29-08-2024	Himachal Pradesh	Hamirpur(Nadaun)	Onion	4600	1485
27-06-2024	Tamilnadu	Hosur	Potato	40	1715
21-08-2024	Tamilnadu	Udumalpet	Potato	6500	1210
27-08-2024	Haryana	Loharu	Potato	2300	569
25-09-2024	Uttar Pradesh	Nagina	Potato	2800	205
24-06-2024	West Bengal	Birbhum	Potato	2600	738
04-04-2025	Punjab	Kotkapura	Potato	450	1875
05-11-2023	Madhya Pradesh	Alirajpur	Wheat	2600	3414
10-01-2024	Uttar Pradesh	Jafarganj	Potato	700	3006
08-02-2025	Uttar Pradesh	Ghaziabad	Potato	830	3015
12-11-2024	Tamilnadu	Vadavalli(Uzhavar Sandhai )	Onion	7000	2883
29-08-2024	Punjab	GarhShankar (Kotfatuhi)	Onion	3300	2908
23-05-2025	Uttar Pradesh	Robertsganj	Onion	1230	3606
08-12-2024	Uttar Pradesh	Baraut	Potato	2200	3939
08-02-2024	Uttar Pradesh	Ghaziabad	Potato	800	2994
03-09-2023	Uttar Pradesh	Gorakhpur	Potato	1225	2205
03-06-2024	West Bengal	Sheoraphuly	Onion	2300	4010
13-06-2024	West Bengal	Karimpur	Potato	2460	3048
12-10-2024	Orissa	Jharsuguda	Potato	3500	3683
12-07-2024	Madhya Pradesh	Sailana	Onion	2650	531
16-05-2024	Maharashtra	Mankamneshwar Farmar Producer CoLtd Sanchalit Mank	Onion	1529.48	1748
30-07-2023	Uttar Pradesh	Dudhi	Tomato	4600	4734
22-11-2023	Uttar Pradesh	Bangarmau	Potato	1070	589
24-09-2023	Madhya Pradesh	Gandhwani	Wheat	2600	723
15-04-2025	Uttar Pradesh	Achalda	Onion	1640	275
03-09-2024	Haryana	Ganaur	Potato	2200	3743
14-09-2023	Uttar Pradesh	Gulavati	Potato	800	4070
27-03-2024	Haryana	Dharsul	Onion	1800	698
04-04-2024	Uttar Pradesh	Lucknow	Potato	1440	1218
16-09-2023	Kerala	Aralamoodu	Onion	3500	105
13-06-2023	West Bengal	Nadia	Onion	2000	4569
27-07-2023	Haryana	Sohna	Potato	1200	1664
13-06-2023	Gujarat	Anand(Veg,Yard,Anand)	Onion	1100	942
10-02-2024	Gujarat	Anand(Veg,Yard,Anand)	Onion	1700	1115
14-05-2025	West Bengal	Bethuadahari	Onion	1950	1423
27-09-2024	Maharashtra	Hingna	Onion	3466	823
15-01-2024	Madhya Pradesh	Porsa	Potato	600	3693
03-02-2025	Gujarat	Dahod(Veg. Market)	Potato	1200	4453
04-10-2024	Tamilnadu	Virudhunagar(Uzhavar Sandhai )	Potato	5600	1216
25-02-2025	West Bengal	Belacoba	Potato	1150	4708
24-12-2023	Uttar Pradesh	Tilhar	Potato	500	2180
09-06-2023	Karnataka	Hubli (Amaragol)	Onion	880	1525
29-05-2024	Maharashtra	Bhusaval	Potato	2000	4118
27-11-2024	Uttar Pradesh	Agra	Onion	3600	3228
25-09-2023	Uttar Pradesh	Fatehabad	Onion	1220	3095
25-07-2023	Madhya Pradesh	Khandwa	Wheat	2359	2498
29-11-2024	Uttar Pradesh	Sultanpur	Potato	2160	2796
06-08-2024	Tamilnadu	Attayampatti(Uzhavar Sandhai )	Onion	5000	2232
19-02-2024	Uttar Pradesh	Baraut	Potato	750	2104
21-02-2025	Maharashtra	Pune(Khadiki)	Potato	1000	1794
19-10-2024	Himachal Pradesh	Mandi(Mandi)	Potato	2800	609
13-12-2024	Tamilnadu	Bodinayakanur(Uzhavar Sandhai )	Potato	5600	309
02-08-2024	Punjab	Phagwara	Potato	1917	3906
27-01-2025	Gujarat	Khambhat(Veg Yard Khambhat)	Potato	1400	2902
07-05-2024	Andhra Pradesh	Erragadda(Rythu Bazar)	Potato	3200	4844
01-09-2024	Maharashtra	Karad	Onion	4000	222
19-10-2024	Tamilnadu	Ammapet(Uzhavar Sandhai )	Potato	5600	4260
09-01-2025	Haryana	Punhana	Potato	1200	4679
13-02-2024	Gujarat	Dahod(Veg. Market)	Potato	1200	3104
04-07-2023	Uttar Pradesh	Tundla	Potato	900	354
22-07-2023	Punjab	Nakodar	Potato	1050	1166
23-02-2025	Uttar Pradesh	Dhanaura	Potato	800	101
31-05-2024	Maharashtra	Kamthi	Potato	2500	4948
26-06-2023	Kerala	Kattappana	Potato	2200	4079
08-08-2024	Uttar Pradesh	Bahraich	Onion	2925	2995
14-01-2024	West Bengal	Karimpur	Wheat	2275	3961
18-01-2025	Kerala	Perinthalmanna	Potato	3800	755
20-07-2023	Gujarat	Gondal	Wheat	2350	2210
03-11-2023	Madhya Pradesh	Neemuch	Onion	2050	4806
14-06-2024	Uttar Pradesh	Bharthna	Potato	1640	4888
09-10-2024	Uttar Pradesh	Unnao	Onion	4100	1031
30-01-2024	Uttar Pradesh	Achalda	Onion	1800	4738
26-05-2025	Kerala	Perumbavoor	Onion	2000	2835
24-08-2024	Uttar Pradesh	Barabanki	Onion	3100	4198
21-05-2025	Tamilnadu	Panruti(Uzhavar Sandhai )	Potato	4000	2408
08-05-2025	Uttar Pradesh	Achalda	Onion	1360	1386
05-06-2024	Orissa	Khariar Road	Potato	2500	1593
09-02-2024	Rajasthan	Sangriya	Onion	1500	3304
20-06-2024	Maharashtra	Rahata	Potato	2700	1561
20-02-2024	Uttar Pradesh	Samsabad	Onion	1500	3256
19-04-2025	Jammu & Kashmir	Kathua	Onion	1750	2647
30-08-2024	Tamilnadu	Gudalur(Uzhavar Sandhai )	Onion	5000	1267
09-09-2024	Rajasthan	Sikar	Onion	3050	1798
05-04-2025	Uttar Pradesh	Gorakhpur	Potato	1265	4879
24-05-2024	Uttar Pradesh	Anoop Shahar	Potato	1000	3330
10-07-2024	Haryana	Tohana	Potato	1600	2574
23-04-2025	Tamilnadu	Gingee(Uzhavar Sandhai )	Onion	3000	4039
23-04-2025	Gujarat	Jamnagar	Onion	675	302
06-01-2024	Haryana	Fatehabad	Onion	3500	3996
09-10-2023	Uttar Pradesh	Khaga	Wheat	2335	4276
04-08-2023	Uttar Pradesh	Gazipur	Onion	1480	3616
24-01-2024	Uttar Pradesh	Akbarpur	Onion	2050	1852
20-05-2024	Himachal Pradesh	Palampur	Onion	2600	4476
13-09-2023	Madhya Pradesh	Ghansour	Wheat	2125	1168
07-02-2024	Haryana	Yamuna Nagar	Potato	350	3968
13-12-2023	Kerala	Mannar	Potato	3100	4908
15-02-2025	Kerala	Thodupuzha	Onion	6500	4050
08-10-2023	Bihar	Nokha	Potato	1450	2032
05-12-2023	Orissa	Saharpada	Potato	2000	3529
18-07-2023	Gujarat	Porbandar	Onion	1750	4067
29-12-2024	Tamilnadu	Sathur(Uzhavar Sandhai )	Potato	6000	2324
06-02-2025	Uttar Pradesh	Mirzapur	Onion	1850	4643
29-05-2025	Haryana	Jagadhri	Potato	1000	1775
06-09-2024	West Bengal	Bethuadahari	Onion	4300	2383
25-02-2025	West Bengal	Asansol	Potato	900	4694
04-01-2024	Himachal Pradesh	Maudaha	Onion	1950	4955
04-08-2023	Uttar Pradesh	Awagarh	Onion	1200	1130
11-03-2025	Haryana	Fatehabad	Potato	2000	4598
30-04-2025	Tamilnadu	Pennagaram(Uzhavar Sandhai )	Onion	3000	3566
10-07-2023	Madhya Pradesh	Silvani	Wheat	2185	1088
26-02-2024	Uttar Pradesh	Agra	Onion	1400	3412
07-10-2023	Uttar Pradesh	Bhehjoi	Potato	805	539
19-07-2024	Kerala	Angamaly	Potato	5000	4408
24-01-2024	Madhya Pradesh	Bhind	Wheat	2526	4294
13-09-2024	Madhya Pradesh	Khandwa	Onion	1000	483
30-07-2024	Maharashtra	Vashi New Mumbai	Onion	2650	2256
10-05-2024	Uttar Pradesh	Hapur	Potato	1700	3432
13-02-2025	Kerala	Thrippunithura	Potato	4500	2681
16-01-2024	Orissa	Kamakhyanagar	Onion	2500	3582
21-06-2024	Orissa	Jatni	Potato	3300	2062
13-07-2023	Haryana	Meham	Potato	900	4410
28-05-2024	Punjab	Baghapurana	Potato	1800	501
05-07-2023	Punjab	Kot ise Khan	Tomato	700	3542
16-03-2024	Uttar Pradesh	Moth	Potato	1400	4626
15-04-2025	Tamilnadu	Perundurai(Uzhavar Sandhai )	Potato	3500	4973
02-09-2024	Uttar Pradesh	Allahabad	Potato	2370	2464
30-05-2025	Maharashtra	Parner	Onion	1300	2178
18-10-2023	Madhya Pradesh	Deori	Potato	1190	1911
19-02-2025	Chhattisgarh	Tiphra	Potato	3100	1236
01-07-2023	Uttar Pradesh	Gadaura	Tomato	1200	2334
17-05-2025	Uttar Pradesh	Hasanpur	Potato	750	883
05-03-2025	Punjab	Phillaur(Apra Mandi)	Onion	3000	879
21-11-2024	Uttar Pradesh	Firozabad	Potato	1960	3937
29-08-2024	Himachal Pradesh	Hamirpur	Potato	3000	2682
08-06-2025	Tamilnadu	Andipatti(Uzhavar Sandhai )	Potato	3000	2335
17-03-2024	Uttar Pradesh	Puwaha	Onion	1900	1987
24-12-2023	Kerala	Kayamkulam	Onion	5200	2294
14-07-2023	Uttar Pradesh	Mainpuri	Onion	1260	2571
03-04-2025	Tamilnadu	Attayampatti(Uzhavar Sandhai )	Potato	3400	718
20-01-2025	West Bengal	Indus(Bankura Sadar)	Potato	1100	1942
05-05-2025	Andhra Pradesh	Kurnool	Onion	867	2129
30-06-2023	Madhya Pradesh	Satna	Wheat	2170	2170
29-06-2023	Kerala	Pala	Onion	2200	3877
19-01-2024	Uttar Pradesh	Khaga	Onion	1700	1092
05-05-2024	Haryana	Pundri	Onion	1250	2546
21-10-2024	Tamilnadu	Mettur(Uzhavar Sandhai )	Onion	7000	1975
09-06-2025	Tamilnadu	Kancheepuram(Uzhavar Sandhai )	Onion	2500	4399
11-02-2025	Uttar Pradesh	Akbarpur	Potato	1120	2368
15-01-2024	Uttar Pradesh	Khekda	Potato	700	4089
27-12-2023	Bihar	Nokha	Potato	1225	3212
15-02-2025	Uttar Pradesh	Mugrabaadshahpur	Onion	1920	4312
28-07-2023	Kerala	Thirurrangadi	Onion	2100	2130
18-11-2024	Rajasthan	Bikaner (F&V)	Potato	1900	191
14-06-2023	Haryana	Siwan	Tomato	1500	3755
13-01-2024	Chattisgarh	Durg	Onion	3000	2076
07-08-2023	Rajasthan	Alwar	Wheat	2276	4451
13-10-2023	Himachal Pradesh	Hamirpur	Onion	3250	1416
02-07-2023	Orissa	Bargarh	Onion	2500	1368
24-03-2024	Punjab	Bilga	Onion	1900	4817
20-04-2025	Uttar Pradesh	Bagpat	Potato	1000	4505
28-07-2024	West Bengal	Kalipur	Potato	2560	298
09-04-2024	Uttar Pradesh	Madhoganj	Potato	1450	3936
24-07-2023	Uttar Pradesh	Siyana	Potato	1182	2501
22-11-2024	Tamilnadu	Periyakulam(Uzhavar Sandhai )	Potato	4000	3072
04-07-2023	Haryana	Kaithal	Onion	1550	3884
09-06-2025	Rajasthan	Kota (F&V)	Onion	650	573
16-09-2024	Uttar Pradesh	Sirsa	Onion	2900	4787
28-02-2024	Haryana	Bhiwani	Potato	750	4003
15-10-2024	Tamilnadu	Thanjavur(Uzhavar Sandhai )	Onion	6000	3200
06-03-2025	Rajasthan	Ajmer(F&V)	Potato	1100	4653
08-07-2024	Punjab	Jalandhar City(Jalandhar)	Potato	680	600
03-06-2025	Tamilnadu	Ammapet(Uzhavar Sandhai )	Onion	3400	4480
14-06-2023	Uttar Pradesh	Varanasi(F&V)	Tomato	1370	4940
06-12-2024	Assam	Golagokarnath	Potato	2190	3167
05-06-2024	Maharashtra	Pune(Manjri)	Onion	1500	2875
27-03-2024	Kerala	Thalayolaparambu	Potato	3700	2138
02-05-2024	Jammu & Kashmir	Udhampur	Onion	2100	3551
21-11-2023	Haryana	Ch. Dadri	Potato	950	678
22-04-2025	Punjab	Rayya	Potato	800	932
02-05-2025	Uttar Pradesh	Ajuha	Onion	1300	3227
14-04-2025	Uttar Pradesh	Safdarganj	Potato	1180	159
05-10-2023	Punjab	Malout	Potato	700	2129
05-09-2024	Orissa	Jharsuguda	Potato	3500	547
14-11-2024	Kerala	Taliparamba	Potato	4200	348
05-12-2023	Maharashtra	Kalvan	Onion	3100	4486
16-05-2024	Uttar Pradesh	Hapur	Onion	1650	4497
27-10-2023	Haryana	Ratia	Onion	3500	188
18-09-2023	Uttar Pradesh	Gazipur	Tomato	1380	2551
21-02-2025	Rajasthan	Udaipur (F&V)	Potato	1000	1495
02-08-2023	Punjab	Barnala	Onion	1200	4199
15-03-2025	Orissa	Khariar Road	Potato	3000	4234
06-10-2023	Maharashtra	Nasik	Potato	1350	4428
24-02-2024	Rajasthan	Sikar	Potato	700	2986
24-01-2025	Kerala	Perumbavoor	Potato	3700	3741
26-03-2025	Tamilnadu	Dindigul(Uzhavar Sandhai )	Onion	3000	547
11-03-2024	Orissa	Jharsuguda	Onion	3000	2338
01-11-2023	Uttar Pradesh	Bahraich	Wheat	2375	3905
06-08-2024	Maharashtra	Om Chaitanya Multistate Agro Purpose CoOp Society	Onion	2700	1845
26-12-2023	Maharashtra	Navapur	Wheat	2100	1144
14-04-2025	Tamilnadu	Tiruchengode	Potato	3500	4507
26-12-2023	Uttar Pradesh	Hargaon (Laharpur)	Onion	2100	2409
19-07-2023	Madhya Pradesh	Kareli	Wheat	2026	4528
06-09-2024	Tamilnadu	Sathiyamagalam(Uzhavar Sandhai )	Onion	5800	2230
13-04-2024	Punjab	Rayya	Onion	1600	4587
03-07-2023	Rajasthan	Bikaner (F&V)	Tomato	2900	2118
13-07-2023	Haryana	Panipat	Potato	800	2483
22-02-2025	Tamilnadu	Padappai(Uzhavar Sandhai )	Onion	4500	222
05-03-2025	Tamilnadu	Sirkali(Uzhavar Sandhai )	Onion	5000	719
07-02-2025	Tamilnadu	Mohanur(Uzhavar Sandhai )	Potato	4500	2468
07-10-2023	Uttar Pradesh	Hapur	Onion	2250	4622
11-07-2024	Gujarat	Palitana	Potato	2750	1674
23-12-2023	Uttar Pradesh	Banda	Onion	2000	1249
14-04-2025	Maharashtra	Karad	Onion	1400	4545
20-08-2024	Madhya Pradesh	Gautampura	Onion	1375	485
15-08-2023	Rajasthan	Goluwala	Potato	800	3902
20-04-2024	Karnataka	Davangere	Onion	1200	2579
20-07-2024	Nagaland	Mokokchung Town	Potato	4000	3343
09-09-2024	Punjab	Phillaur(Apra Mandi)	Onion	4500	1952
20-04-2025	West Bengal	Lalbagh	Rice	3800	1265
03-08-2024	Uttar Pradesh	Shahabad(New Mandi)	Onion	2680	1332
15-02-2024	Orissa	Godabhaga	Onion	1800	2149
02-09-2024	Tamilnadu	Dharmapuri(Uzhavar Sandhai )	Potato	4800	140
08-03-2024	Uttar Pradesh	Auraiya	Onion	2010	1080
26-05-2024	Uttar Pradesh	Gonda	Onion	1650	3722
21-09-2023	Gujarat	Ankleshwar	Tomato	800	270
07-04-2025	Haryana	Naraingarh	Onion	1470	2249
24-11-2023	Bihar	Jehanabad	Potato	1150	897
29-01-2024	Maharashtra	Yawal	Onion	580	1369
12-11-2024	Tamilnadu	Kundrathur(Uzhavar Sandhai )	Onion	7000	3207
14-11-2023	Uttar Pradesh	Safdarganj	Potato	1140	3897
08-04-2024	Delhi	Keshopur	Onion	1850	4165
14-10-2024	Madhya Pradesh	Mandsaur	Onion	4201	1352
28-09-2024	Haryana	Gharaunda	Potato	2000	397
05-09-2023	Uttar Pradesh	Jafarganj	Onion	2120	2405
03-06-2025	Uttar Pradesh	Shahganj	Potato	1160	1436
10-09-2023	Bihar	Nokha	Potato	1350	4384
23-12-2024	Himachal Pradesh	Una	Potato	1800	1307
04-10-2024	Maharashtra	Amrawati(Frui & Veg. Market)	Potato	2100	3232
10-06-2025	Kerala	Thodupuzha	Onion	2500	3035
05-03-2025	Uttar Pradesh	Charra	Potato	1100	523
18-01-2025	Madhya Pradesh	Timarni(F&V)	Potato	2000	3686
21-02-2025	Orissa	Jharsuguda	Potato	2000	3081
27-08-2023	Andhra Pradesh	Venkateswarnagar	Potato	2500	523
31-07-2023	Maharashtra	Pimpalgaon	Onion	1350	4734
23-01-2025	Tamilnadu	Chinnalapatti(Uzhavar Sandhai )	Potato	5000	944
20-06-2023	Punjab	Lohian Khas	Potato	500	1460
29-08-2024	Gujarat	Ahmedabad(Chimanbhai Patal Market Vasana)	Onion	3550	310
17-07-2024	Uttar Pradesh	Dudhi	Potato	1800	3062
27-07-2023	Gujarat	Rajkot(Veg.Sub Yard)	Potato	1400	3194
29-03-2025	Maharashtra	Akluj	Potato	1800	312
10-04-2025	Uttar Pradesh	Gorakhpur	Onion	1625	668
26-12-2023	Gujarat	Ankleshwar	Onion	1500	2908
24-04-2025	Uttar Pradesh	Lucknow	Rice	3350	1665
20-12-2024	Maharashtra	Pune(Moshi)	Potato	1050	3090
01-02-2024	Rajasthan	Khanpur	Wheat	2550	2988
14-03-2024	Uttar Pradesh	Chitwadagaon	Potato	1190	4563
08-02-2025	Madhya Pradesh	Indore	Onion	1999	1879
25-09-2024	Haryana	Barwala	Onion	4000	569
03-01-2024	Uttar Pradesh	Tamkuhi road	Onion	2325	2135
01-03-2024	Kerala	Kollam	Potato	4700	1661
27-06-2023	Uttar Pradesh	Agra	Potato	825	1979
06-03-2024	Kerala	Vandiperiyar	Potato	3600	3068
06-08-2024	Maharashtra	Rahuri	Onion	1650	582
04-10-2023	Rajasthan	Rawatsar	Onion	1600	4787
27-09-2024	Uttar Pradesh	Karnailganj	Onion	4300	4718
13-09-2023	Orissa	Chatta Krushak Bazar	Potato	1600	382
24-09-2023	Madhya Pradesh	Ramnagar	Wheat	2375	2765
29-04-2024	Himachal Pradesh	Maudaha	Potato	2150	2825
07-11-2023	Rajasthan	Palsana	Wheat	2400	4443
27-02-2025	Haryana	Punhana	Onion	2500	1464
10-08-2023	Maharashtra	Pune(Khadiki)	Potato	1500	1040
06-04-2024	Uttar Pradesh	Chutmalpur	Potato	1000	2491
20-12-2024	Punjab	Bilga	Potato	1900	4535
30-09-2023	Maharashtra	Pune(Khadiki)	Onion	1850	1448
20-07-2023	Haryana	Punhana	Onion	2000	2616
03-11-2023	Haryana	Narwana	Potato	600	2334
04-09-2023	Uttar Pradesh	Fatehpur Sikri	Potato	1010	1089
20-10-2023	Uttar Pradesh	Shahabad(New Mandi)	Wheat	2320	3831
16-08-2023	Kerala	Ettumanoor	Potato	3100	873
08-12-2024	Maharashtra	Satara	Potato	2700	4847
10-01-2024	Haryana	Ratia	Onion	2150	3869
11-10-2023	Madhya Pradesh	Lakhnadon	Wheat	2020	1095
18-03-2024	Uttar Pradesh	Khurja	Onion	1975	3920
14-07-2023	Uttar Pradesh	Azamgarh	Tomato	6800	4810
18-12-2023	Madhya Pradesh	Badnawar(F&V)	Onion	1415	4765
29-11-2024	Rajasthan	Sujangarh	Potato	2100	2449
03-10-2024	Haryana	New Grain Market(main), Karnal	Potato	2200	4201
02-12-2023	Madhya Pradesh	Chhindwara(F&V)	Potato	800	3943
02-03-2025	Tamilnadu	Kariyapatti(Uzhavar Sandhai )	Potato	4000	1270
09-06-2023	Gujarat	Savarkundla	Wheat	2590	3501
14-11-2023	Orissa	Hindol	Potato	1800	665
28-07-2023	Uttar Pradesh	Akbarpur	Onion	1580	3091
17-01-2024	Uttar Pradesh	Tulsipur	Wheat	2440	4321
25-08-2023	Madhya Pradesh	Maksudangarh	Wheat	2387	4073
22-05-2024	Kerala	Kayamkulam	Onion	5300	343
30-10-2024	Rajasthan	Alwar (F&V)	Potato	2400	2996
13-03-2025	Uttar Pradesh	Milak	Onion	2525	3893
23-05-2025	Rajasthan	Madanganj Kishangarh	Potato	1200	576
20-06-2023	Kerala	Kondotty	Potato	2500	4396
08-12-2023	Madhya Pradesh	Khurai	Wheat	2462	4569
08-06-2025	Uttar Pradesh	Sandila	Potato	1240	3151
14-10-2023	Maharashtra	Ahmednagar	Tomato	500	3205
25-01-2024	Bihar	Danapur	Potato	1400	3105
28-09-2023	Uttar Pradesh	Buland Shahr	Potato	1100	1551
04-07-2023	Kerala	Thrippunithura	Tomato	12200	1117
06-03-2025	Kerala	Pothencode	Potato	27040	1807
11-06-2023	Madhya Pradesh	Harda(F&V)	Tomato	2100	3238
01-03-2024	Haryana	Dharsul	Potato	550	1554
04-05-2024	Bihar	Sasaram	Onion	2500	1887
28-07-2024	West Bengal	Durgapur	Potato	2600	3394
11-11-2023	Uttar Pradesh	Bijnaur	Potato	900	371
03-12-2024	Tamilnadu	Perundurai(Uzhavar Sandhai )	Potato	4800	2001
24-02-2025	Kerala	Aralamoodu	Potato	4000	1170
29-12-2024	Tamilnadu	Pattukottai(Uzhavar Sandhai )	Potato	4600	2312
24-08-2023	Uttar Pradesh	Charra	Potato	1050	3345
06-11-2023	Maharashtra	Pachora	Wheat	2511	3399
08-12-2024	Rajasthan	Hanumangarh(Urlivas)	Potato	1950	4157
05-03-2025	Maharashtra	Umrane	Onion	1800	4035
18-12-2023	Madhya Pradesh	Bhander	Wheat	2390	115
15-02-2025	Haryana	Panipat	Potato	600	4097
17-10-2023	West Bengal	Sainthia	Wheat	2400	2705
07-02-2024	Himachal Pradesh	Hamirpur	Potato	1300	3394
04-09-2024	Punjab	Tanda Urmur	Onion	5000	3297
16-06-2023	West Bengal	Bara Bazar (Posta Bazar)	Onion	1880	151
01-03-2025	Tamilnadu	Palayamkottai(Uzhavar Sandhai )	Onion	3800	4469
18-08-2023	Punjab	Phillaur(Apra Mandi)	Potato	1000	1364
15-02-2025	Kerala	Aluva	Onion	3800	2489
26-11-2024	West Bengal	Balarampur	Potato	2550	1109
10-11-2024	Tamilnadu	Sulur(Uzhavar Sandhai )	Onion	7200	4126
03-12-2024	Uttar Pradesh	Madhoganj	Onion	3700	221
28-11-2023	Himachal Pradesh	Mandi(Takoli)	Onion	4500	4236
19-10-2024	Uttar Pradesh	Jahangirabad	Onion	4060	1273
08-10-2024	West Bengal	Champadanga	Onion	4400	3113
09-12-2023	Madhya Pradesh	Gotegaon	Wheat	2500	4525
28-08-2024	West Bengal	Jalpaiguri Sadar	Potato	2200	4875
16-03-2025	Uttar Pradesh	Shahaswan	Potato	1000	1192
21-08-2023	Punjab	Phagwara	Onion	2200	3676
27-10-2023	Uttar Pradesh	Bharthna	Tomato	1500	458
06-03-2025	Haryana	Bhiwani	Onion	2360	4247
14-03-2025	Chhattisgarh	Bilaspur	Potato	1200	1905
05-12-2024	Tamilnadu	Kundrathur(Uzhavar Sandhai )	Onion	6000	1821
29-05-2024	Orissa	Khariar	Potato	3000	3965
26-03-2025	Uttar Pradesh	Khurja	Onion	2150	4515
26-09-2024	Uttar Pradesh	Anoop Shahar	Onion	4400	2839
04-04-2024	Uttar Pradesh	Purwa	Potato	1400	4391
24-10-2023	Punjab	Sahnewal	Potato	1200	3455
01-10-2024	Assam	Lakhimpur	Potato	2180	2966
10-02-2025	Himachal Pradesh	Solan	Potato	800	929
06-03-2025	Tamilnadu	Chokkikulam(Uzhavar Sandhai )	Onion	4000	3794
21-07-2023	Rajasthan	Sujangarh	Onion	1100	3640
16-07-2024	Jammu & Kashmir	Rajouri (F&V)	Onion	4300	449
09-02-2024	Bihar	Jamui	Potato	900	3340
05-07-2023	Uttar Pradesh	Muradabad	Onion	1390	1952
21-07-2023	Maharashtra	Pachora	Wheat	2231	4628
15-07-2023	Uttar Pradesh	Partaval	Onion	1575	754
22-07-2024	West Bengal	Asansol	Onion	3400	1630
23-05-2025	Uttar Pradesh	Muzzafarnagar	Onion	1000	4331
19-08-2023	Andhra Pradesh	Bowenpally	Potato	1200	1094
02-11-2023	Uttar Pradesh	Noida	Potato	1150	1023
16-12-2024	Haryana	Jind	Potato	2000	337
06-09-2024	Tamilnadu	Thalavadi(Uzhavar Sandhai )	Potato	4500	4965
08-01-2025	Tamilnadu	Tindivanam	Potato	3800	3242
17-03-2025	Maharashtra	Satara	Onion	1000	1529
18-04-2024	Punjab	Dinanagar	Onion	2200	3138
22-02-2025	Orissa	Hindol	Onion	3200	1112
05-01-2024	Madhya Pradesh	Chaurai	Wheat	2401	4601
09-07-2024	Tamilnadu	Sangarapuram	Onion	5000	2513
23-11-2024	Uttar Pradesh	Chandoli	Onion	3900	764
22-03-2024	Maharashtra	Kalyan	Onion	1600	3980
18-01-2025	Tamilnadu	Singampunari(Uzhavar Sandhai )	Potato	5500	2494
30-07-2023	Madhya Pradesh	Mehgaon	Wheat	2130	888
09-08-2023	Haryana	Jind	Potato	1150	1064
21-11-2024	Rajasthan	Jaipur (F&V)	Potato	2100	2798
09-02-2025	Madhya Pradesh	Khandwa	Onion	1000	2028
15-12-2023	Uttar Pradesh	Kishunpur	Wheat	2450	403
25-07-2024	Tamilnadu	Muthupettai(Uzhavar Sandhai )	Onion	5000	3660
12-06-2023	West Bengal	Rampurhat	Potato	1200	3697
02-11-2023	Uttar Pradesh	Shahabad	Wheat	2450	3548
04-01-2024	Uttar Pradesh	Aligarh	Onion	2250	1696
20-02-2025	Tamilnadu	Perambalur(Uzhavar Sandhai )	Onion	5000	3750
04-10-2023	Orissa	Gopa	Potato	1600	2746
24-10-2023	Uttar Pradesh	Rampurmaniharan	Potato	1350	3345
01-05-2025	Tamilnadu	Kancheepuram(Uzhavar Sandhai )	Potato	3500	2231
24-11-2023	Maharashtra	Umrane	Onion	3800	807
22-01-2025	Tamilnadu	Andipatti(Uzhavar Sandhai )	Potato	5000	3974
09-04-2025	Punjab	Raikot	Potato	300	2071
18-07-2023	Delhi	Najafgarh	Wheat	2285	4241
12-06-2024	West Bengal	Uluberia	Potato	2460	4569
23-09-2024	Tamilnadu	Thalavaipuram(Uzhavar Sandhai )	Onion	6000	4607
07-01-2024	Kerala	Parappanangadi	Onion	2600	1672
17-01-2025	Tamilnadu	Sirkali(Uzhavar Sandhai )	Potato	4000	2187
07-09-2023	West Bengal	Jangipur	Onion	2800	4333
25-07-2024	Tamilnadu	Melapalayam(Uzhavar Sandhai )	Potato	4400	1690
07-08-2024	Punjab	Rajpura	Onion	2750	131
14-04-2025	Haryana	Naraingarh	Onion	1300	2772
25-02-2025	West Bengal	Moynaguri	Onion	2200	1108
05-02-2025	Uttar Pradesh	Jafarganj	Potato	920	4015
16-05-2025	Tamilnadu	Perambalur(Uzhavar Sandhai )	Potato	3600	4395
10-09-2024	Uttar Pradesh	Lalitpur	Onion	3680	3292
29-01-2024	Punjab	Moga	Potato	550	1256
23-04-2025	Orissa	Kamakhyanagar	Potato	2000	1281
13-10-2024	Uttar Pradesh	Hardoi	Potato	2160	2264
17-09-2023	Maharashtra	Pune(Moshi)	Onion	1300	1384
06-10-2024	Maharashtra	Ramtek	Onion	4500	402
10-05-2025	Uttar Pradesh	Bahedi	Rice	2860	4983
03-03-2024	West Bengal	Durgapur	Onion	2350	1359
20-10-2023	Maharashtra	Amrawati(Frui & Veg. Market)	Potato	1300	2540
07-03-2024	Maharashtra	Pimpalgaon	Onion	1900	1995
09-08-2024	Uttar Pradesh	Mainpuri	Onion	2830	3541
12-03-2025	Gujarat	Ahmedabad(Chimanbhai Patal Market Vasana)	Potato	1550	3385
27-12-2023	Maharashtra	Umrane	Onion	1300	1410
24-07-2023	Maharashtra	Pune(Moshi)	Potato	1250	209
10-03-2025	Uttar Pradesh	Bareilly	Potato	975	3096
15-03-2024	Kerala	Kothamangalam	Onion	2400	3380
07-08-2024	Tamilnadu	Melur(Uzhavar Sandhai )	Onion	4800	2853
01-01-2025	Haryana	Naraingarh	Potato	1000	2551
29-08-2023	Rajasthan	Pratapgarh	Potato	1135	1929
09-09-2024	Tamilnadu	Paramakudi(Uzhavar Sandhai )	Potato	7000	3581
10-04-2025	Chattisgarh	Rajnandgaon	Onion	1300	2440
27-09-2024	Maharashtra	Amrawati(Frui & Veg. Market)	Onion	3500	1345
13-12-2023	Rajasthan	Nimbahera	Wheat	2670	1688
10-04-2024	Orissa	Bargarh(Barapalli)	Potato	2200	4194
15-04-2024	Uttar Pradesh	Anoop Shahar	Onion	1700	2311
09-08-2024	Uttar Pradesh	Jaunpur	Potato	2330	3313
12-03-2025	Kerala	Manjeri	Onion	2700	867
09-02-2025	Bihar	Jaitipir Mandi, Lalganj block	Potato	2600	115
03-11-2024	Haryana	Farukh Nagar	Potato	1700	1035
23-03-2024	Assam	Lakhimpur	Onion	1840	597
02-06-2025	Madhya Pradesh	Hoshangabad(F&V)	Onion	1340	4427
30-06-2023	Punjab	Khanna	Potato	400	3439
17-12-2024	Rajasthan	Pratapgarh	Potato	1985	463
04-03-2025	Haryana	Ganaur	Potato	800	4382
27-03-2025	Haryana	Ratia	Potato	600	1307
22-11-2024	Punjab	Nabha	Onion	3800	3808
13-06-2023	Haryana	Barwala	Tomato	600	3925
12-06-2023	Maharashtra	Rahuri	Tomato	1900	1261
01-05-2025	Himachal Pradesh	Hamirpur	Potato	1200	4591
12-07-2024	West Bengal	Durgapur	Potato	2680	1730
20-12-2023	Uttar Pradesh	Jasvantnagar	Onion	2670	948
17-07-2023	Gujarat	Gondal	Wheat	2370	4144
20-05-2024	Haryana	Chhachrauli	Onion	1500	748
20-04-2024	Uttar Pradesh	Baraut	Onion	1150	3122
30-12-2023	Uttar Pradesh	Muradabad	Potato	680	545
13-12-2024	Uttar Pradesh	Gangoh	Potato	2300	582
21-03-2025	Tamilnadu	Sulur(Uzhavar Sandhai )	Onion	2800	934
03-06-2025	Uttar Pradesh	Shahaswan	Potato	1100	2281
17-05-2024	Kerala	Pothencode	Potato	23140	4737
10-11-2023	Gujarat	Himatnagar	Wheat	2685	1179
28-02-2025	Kerala	Aralamoodu	Onion	5000	1608
08-06-2025	Tamilnadu	Dharmapuri(Uzhavar Sandhai )	Potato	3400	1201
01-05-2025	Uttar Pradesh	Bharthna	Rice	3100	4624
07-11-2024	Uttar Pradesh	Etawah	Onion	4000	3720
12-12-2023	Uttar Pradesh	Jaunpur	Wheat	2500	1904
28-09-2023	Uttar Pradesh	Jagnair	Wheat	2275	3212
30-07-2024	Maharashtra	Kolhapur	Onion	2300	1998
21-07-2023	Madhya Pradesh	Narsinghgarh	Potato	600	552
22-02-2025	Himachal Pradesh	Muskara	Potato	950	2630
13-04-2024	Uttar Pradesh	Gorakhpur	Potato	1625	494
13-09-2023	Madhya Pradesh	Porsa(F&V)	Potato	500	1841
27-11-2024	Kerala	Athirampuzha	Onion	5900	2575
22-09-2023	Madhya Pradesh	Kalapipal	Onion	1270	3173
10-08-2023	Uttar Pradesh	Noida	Potato	1320	3239
21-08-2024	Maharashtra	Shree Sairaj Krushi Market	Onion	2850	4617
25-09-2024	Punjab	Mukerian(Talwara)	Potato	2000	1769
13-10-2024	Rajasthan	Ajmer(F&V)	Onion	4200	3751
20-01-2025	Orissa	Bargarh	Potato	2900	526
21-11-2024	West Bengal	Bishnupur(Bankura)	Onion	5000	658
01-07-2024	Uttar Pradesh	Shahaswan	Potato	1600	1226
23-12-2023	Maharashtra	Solapur	Potato	1450	553
29-07-2023	Maharashtra	Pune(Manjri)	Onion	1500	1685
20-11-2024	Kerala	Kanjirappally	Potato	5800	1409
07-05-2025	Karnataka	Sira	Rice	2800	4042
26-03-2024	Uttar Pradesh	Ajuha	Onion	1900	3571
05-07-2024	Tamilnadu	Thammampati	Potato	50	896
30-01-2024	West Bengal	Bara Bazar (Posta Bazar)	Onion	1900	3983
13-03-2024	Karnataka	Channarayapatna	Onion	2000	2351
17-07-2023	Haryana	Pehowa	Onion	1700	1161
05-05-2025	Madhya Pradesh	A lot	Onion	100	2658
16-10-2024	Uttar Pradesh	Gangoh	Onion	4500	2730
11-11-2024	Uttar Pradesh	Bagpat	Onion	4000	1201
13-06-2023	Uttar Pradesh	Mauranipur	Onion	970	2088
18-10-2023	Maharashtra	Mumbai	Wheat	4400	2684
11-02-2024	Chattisgarh	Durg	Onion	2000	1230
06-07-2023	Karnataka	Mandya	Tomato	5000	4683
14-07-2023	Karnataka	Davangere	Tomato	7500	1936
17-09-2024	Uttar Pradesh	Muradabad	Onion	3760	2457
21-10-2023	Punjab	Nabha	Onion	2200	899
16-07-2024	Tamilnadu	Needamangalam(Uzhavar Sandhai )	Onion	4000	2220
11-02-2025	Tamilnadu	Jalagandapuram(Uzhavar Sandhai )	Onion	5000	2203
28-02-2024	Uttar Pradesh	Achnera	Onion	1450	2561
16-02-2025	Uttar Pradesh	Hasanpur	Potato	750	2342
24-09-2023	Orissa	Khariar	Onion	4000	4144
27-03-2025	Andhra Pradesh	Mahboob Manison	Onion	1400	4572
04-08-2023	Haryana	Meham	Potato	1500	1702
10-06-2023	Madhya Pradesh	Dindori	Wheat	2125	4897
31-08-2024	Tamilnadu	Kambam(Uzhavar Sandhai )	Potato	4200	4179
10-08-2024	Tamilnadu	Mettupalayam(Uzhavar Sandhai )	Potato	7000	2327
30-08-2023	West Bengal	Durgapur	Wheat	2650	3945
10-05-2024	Maharashtra	Pune	Onion	1200	1602
31-07-2024	West Bengal	Alipurduar	Potato	2300	714
17-10-2024	Uttar Pradesh	Varanasi	Potato	2165	4829
23-10-2024	Madhya Pradesh	Badwah(F&V)	Onion	3000	4475
25-12-2023	Maharashtra	Karjat(Raigad)	Onion	1200	4973
21-05-2024	Himachal Pradesh	Kangra(Nagrota Bagwan)	Potato	2000	4141
11-02-2024	Haryana	Raipur Rai	Onion	1800	2373
27-07-2024	Tamilnadu	Avallapalli(Uzhavar Sandhai )	Potato	5000	3997
01-02-2024	Himachal Pradesh	Mandi(Takoli)	Potato	900	3204
15-05-2025	Tamilnadu	Ulundurpettai	Onion	2500	407
17-11-2024	West Bengal	Balarampur	Potato	2700	1445
16-12-2024	Uttar Pradesh	Mauranipur	Potato	1900	507
21-09-2024	Haryana	Jagadhri	Onion	4050	4947
12-01-2024	Maharashtra	Yeola	Wheat	2555	3592
26-10-2024	Punjab	Jalandhar City(Jalandhar)	Potato	260	955
07-07-2023	Meghalaya	Rongram	Potato	2400	2922
25-09-2024	West Bengal	Nadia	Potato	2700	375
18-07-2024	Tamilnadu	Attayampatti(Uzhavar Sandhai )	Onion	5000	4280
25-06-2023	Uttar Pradesh	Balrampur	Wheat	2340	3095
08-02-2025	Punjab	Ludhiana	Onion	1900	4819
15-05-2024	Uttar Pradesh	Hasanpur	Potato	950	4206
05-04-2025	Tamilnadu	Singampunari(Uzhavar Sandhai )	Onion	3500	1644
13-07-2023	Uttar Pradesh	Muzzafarnagar	Onion	1550	3464
09-09-2024	Punjab	Mukerian	Potato	2900	979
17-10-2024	Punjab	Malerkotla	Onion	3800	4191
18-05-2025	Chattisgarh	Durg	Potato	1600	4020
13-01-2024	Uttar Pradesh	Achalda	Wheat	2500	2173
07-01-2025	Punjab	Bilga	Potato	1900	3009
20-06-2023	Uttar Pradesh	Ahirora	Potato	980	3001
11-05-2025	Tamilnadu	Dharmapuri(Uzhavar Sandhai )	Potato	3400	4725
06-01-2025	Uttar Pradesh	Balrampur	Potato	1450	4576
05-11-2024	Tamilnadu	Ramanathapuram(Uzhavar Sandhai )	Onion	6500	517
04-10-2023	Haryana	Sadhaura	Onion	2200	3549
10-04-2024	West Bengal	Ranaghat	Onion	1400	739
01-08-2024	Orissa	Damana Hat	Potato	4200	2349
11-09-2023	Haryana	Iamailabad	Potato	1010	1527
11-01-2024	Haryana	Barara	Potato	500	4843
11-02-2025	Karnataka	Davangere	Potato	1800	2337
16-05-2024	Andhra Pradesh	Bowenpally	Onion	1400	3874
05-08-2023	Haryana	Dhand	Tomato	7000	2339
25-09-2023	Punjab	Mukerian	Onion	2100	2577
09-04-2025	Tamilnadu	Sooramangalam(Uzhavar Sandhai )	Onion	3400	1182
04-10-2023	Maharashtra	Shahada	Wheat	2601	3605
20-06-2023	Maharashtra	Chandrapur(Ganjwad)	Onion	2000	4666
18-05-2024	Uttar Pradesh	Ujhani	Onion	1500	2538
21-09-2023	Punjab	F.G.Churian	Potato	1300	248
18-09-2024	Tamilnadu	Udhagamandalam(Uzhavar Sandhai )	Onion	6200	2070
06-04-2025	Andhra Pradesh	Bowenpally	Potato	2000	1645
06-07-2023	Haryana	Siwan	Tomato	4500	680
06-02-2025	Uttar Pradesh	Amroha	Onion	2000	3391
24-06-2024	Tamilnadu	Tiruchengode	Potato	45	2991
07-07-2024	Tamilnadu	Namakkal	Potato	44	4204
07-10-2024	West Bengal	Bara Bazar (Posta Bazar)	Onion	4400	2911
06-01-2024	Madhya Pradesh	Neemuch	Onion	100	1441
10-09-2024	Haryana	Rewari	Onion	3000	3776
07-11-2023	Karnataka	Chikkamagalore	Potato	1802	4204
02-05-2025	Andhra Pradesh	Tiruvuru	Rice	4700	2551
26-02-2024	Kerala	Perinthalmanna	Potato	4000	4694
26-04-2025	Tamilnadu	RSPuram(Uzhavar Sandhai )	Onion	2200	2899
01-09-2023	Uttar Pradesh	Jasra	Potato	1075	186
18-10-2024	Kerala	Thalasserry	Potato	3800	4397
16-09-2023	Uttar Pradesh	Chaandpur	Onion	1700	1568
27-01-2025	Tamilnadu	Kundrathur(Uzhavar Sandhai )	Potato	5000	3501
19-08-2023	Uttar Pradesh	Muzzafarnagar	Potato	1250	3029
06-03-2024	Maharashtra	Akluj	Onion	1300	4790
11-10-2024	Maharashtra	Lasalgaon	Onion	3000	4326
23-11-2023	Karnataka	Chikkamagalore	Potato	1852	2502
13-04-2024	Haryana	Sonepat(Kharkhoda)	Onion	1000	4551
09-02-2025	Uttar Pradesh	Bareilly	Onion	2100	987
11-10-2024	Tamilnadu	Dharmapuri(Uzhavar Sandhai )	Potato	5200	4644
05-08-2024	Haryana	Pundri	Potato	2050	276
14-06-2023	Uttar Pradesh	Bewar	Wheat	2235	2791
23-06-2023	Uttar Pradesh	Jaunpur	Tomato	1750	407
20-05-2025	Uttar Pradesh	Anwala	Onion	1100	1779
31-10-2023	Madhya Pradesh	Manawar	Wheat	2840	2092
18-10-2023	Andhra Pradesh	Venkateswarnagar	Potato	2000	703
02-11-2023	Rajasthan	Ajmer(F&V)	Tomato	2100	198
27-11-2023	West Bengal	Bethuadahari	Onion	5200	2245
24-10-2023	Kerala	Kottayam	Onion	8000	539
13-05-2025	Uttar Pradesh	Lucknow	Onion	1225	2618
15-12-2023	Maharashtra	Lasalgaon	Onion	1950	3590
20-02-2024	Haryana	Dhand	Potato	780	2159
13-07-2024	West Bengal	Asansol	Onion	3300	2448
31-05-2025	West Bengal	Ramkrishanpur(Howrah)	Potato	1560	925
09-02-2024	West Bengal	Durgapur	Onion	2100	3755
14-12-2023	Rajasthan	Bhadara	Potato	729	2496
04-07-2023	Punjab	Doraha	Potato	1200	161
22-10-2024	Tamilnadu	Vedasanthur(Uzhavar Sandhai )	Potato	5000	1125
05-08-2024	Tamilnadu	Pattukottai(Uzhavar Sandhai )	Potato	4800	1038
16-02-2024	Uttar Pradesh	Gorakhpur	Onion	1525	4554
28-09-2023	Uttar Pradesh	Hasanpur	Tomato	1850	3824
10-07-2024	Punjab	Giddarbaha	Onion	4000	4953
19-07-2023	Haryana	Madlauda	Potato	1200	776
20-11-2023	Bihar	Sasaram	Onion	5000	3367
22-03-2025	Tamilnadu	Tiruvarur(Uzhavar Sandhai )	Potato	3400	799
15-02-2024	Uttar Pradesh	Sikanderabad	Onion	1300	2664
21-07-2024	Tamilnadu	Karaikudi(Uzhavar Sandhai )	Potato	5200	4946
14-02-2025	Uttar Pradesh	Tulsipur	Potato	1050	2374
11-12-2023	Rajasthan	Sikar	Onion	2200	2233
13-08-2024	Kerala	Chengannur	Onion	6000	4625
03-05-2025	Haryana	Indri	Onion	1500	1856
14-05-2024	Uttar Pradesh	Anwala	Potato	1400	1668
23-11-2023	Uttar Pradesh	Hargaon (Laharpur)	Onion	2700	4839
26-05-2024	Uttar Pradesh	Badayoun	Onion	1400	3477
04-05-2024	West Bengal	Sheoraphuly	Potato	2300	432
06-03-2025	Uttar Pradesh	Ahirora	Potato	1100	1525
14-08-2024	Maharashtra	Parner	Onion	2775	1017
17-11-2023	Uttar Pradesh	Tulsipur	Onion	3830	1113
05-04-2024	Kerala	Vandiperiyar	Potato	3400	936
25-07-2024	Orissa	Kamakhyanagar	Potato	4000	4651
01-11-2024	Tamilnadu	Bodinayakanur(Uzhavar Sandhai )	Onion	6000	3070
14-03-2024	Maharashtra	Manchar	Onion	1500	2771
14-02-2025	Gujarat	Anand(Veg,Yard,Anand)	Onion	2000	4948
28-08-2023	Uttar Pradesh	Amroha	Wheat	2350	613
07-08-2024	Uttar Pradesh	Jasvantnagar	Onion	2915	1442
04-03-2024	Uttar Pradesh	Gonda	Onion	2000	421
07-03-2025	Rajasthan	Madanganj Kishangarh	Potato	2200	2099
20-12-2023	Maharashtra	Vashi New Mumbai	Onion	2000	3361
13-09-2024	Uttar Pradesh	Shahabad(New Mandi)	Potato	2340	2859
01-10-2023	Haryana	Panipat	Potato	900	1398
18-09-2023	Uttar Pradesh	Meerut	Potato	1060	4800
09-07-2024	Maharashtra	Shree Rameshwar Krushi Market	Onion	2812	659
31-07-2024	Uttar Pradesh	Mahoba	Potato	2250	2142
08-07-2023	Uttar Pradesh	Banda	Wheat	2150	3071
14-11-2024	Haryana	Rohtak	Onion	2500	4693
09-02-2025	Uttar Pradesh	Bareilly	Potato	950	2078
07-10-2023	Punjab	Samrala	Onion	2800	1657
09-05-2024	Orissa	Kuchinda	Onion	2800	2976
08-09-2023	Orissa	Saharpada	Onion	2500	4935
09-09-2024	Maharashtra	Nasik	Potato	2350	2958
16-03-2024	Haryana	New Grain Market , Faridabad	Onion	1500	1033
01-11-2023	Uttar Pradesh	Akbarpur	Tomato	1500	114
11-12-2023	West Bengal	Rampurhat	Wheat	2400	2367
12-06-2023	Maharashtra	Pune(Manjri)	Tomato	2000	1264
08-05-2024	Gujarat	Bilimora	Potato	2500	462
24-06-2023	Rajasthan	Lalsot	Wheat	2173	3464
12-05-2024	Uttar Pradesh	Firozabad	Potato	1690	3876
21-05-2025	Uttar Pradesh	Badayoun	Rice	3345	3746
09-04-2024	Punjab	Patran	Onion	1420	4018
09-04-2025	Punjab	Jalandhar City(Jalandhar)	Potato	280	4006
30-06-2023	Kerala	Attingal	Tomato	10000	3841
12-04-2025	West Bengal	Dhupguri	Potato	1300	1821
21-07-2023	Assam	Lakhimpur	Wheat	2240	1748
19-12-2023	Himachal Pradesh	Kangra(Baijnath)	Onion	3500	1919
06-03-2025	Uttar Pradesh	Chutmalpur	Onion	1600	4570
24-06-2024	West Bengal	Jangipur	Potato	2715	3306
24-03-2025	Orissa	Hindol	Onion	2800	3102
14-02-2025	Uttar Pradesh	Muradabad	Onion	2100	540
12-11-2024	West Bengal	Asansol	Onion	4800	870
20-03-2024	Himachal Pradesh	Chamba	Potato	1750	3447
18-02-2025	Uttar Pradesh	Milak	Potato	975	3354
28-06-2024	Punjab	Lehra Gaga	Potato	1700	3376
28-02-2025	Uttar Pradesh	Tundla	Onion	2475	3566
12-12-2023	Uttar Pradesh	Ballia	Potato	920	4116
20-08-2023	Uttar Pradesh	Ujhani	Potato	1265	224
13-10-2024	Uttar Pradesh	Chaandpur	Potato	2300	4847
05-01-2024	Madhya Pradesh	Khandwa	Onion	1000	4659
23-08-2023	Maharashtra	Lasalgaon(Vinchur)	Onion	2100	2087
16-09-2023	Maharashtra	Chandvad	Onion	1950	2378
11-11-2024	Uttar Pradesh	Tulsipur	Onion	4440	4379
15-08-2023	Chattisgarh	Durg	Onion	2200	592
24-04-2024	Rajasthan	Suratgarh	Onion	1300	3575
05-11-2024	Madhya Pradesh	Neemuch	Onion	3700	3006
28-11-2023	Assam	Lakhimpur	Onion	3300	2905
03-03-2024	West Bengal	Uluberia	Onion	2200	4465
01-04-2025	West Bengal	Purulia	Onion	2500	3946
06-09-2023	Maharashtra	Lasalgaon(Niphad)	Onion	1950	4332
27-07-2023	Madhya Pradesh	Garoth	Wheat	2135	4307
22-03-2024	Uttar Pradesh	Tilhar	Potato	720	2859
14-08-2024	Tamilnadu	Usilampatty	Onion	5400	2521
18-12-2023	Uttar Pradesh	Gurusarai	Potato	825	1541
09-09-2023	Haryana	Sirsa	Potato	825	3137
07-04-2025	Tamilnadu	Rajapalayam(Uzhavar Sandhai )	Potato	3500	534
21-02-2025	Madhya Pradesh	Porsa	Potato	800	4047
10-12-2023	Uttar Pradesh	Aliganj	Wheat	2510	3908
14-11-2023	Meghalaya	Tura	Potato	1900	2442
25-01-2025	Tamilnadu	Sivakasi(Uzhavar Sandhai )	Potato	5000	3158
06-05-2024	Madhya Pradesh	Sitmau	Onion	1620	3819
29-01-2025	Tamilnadu	Periyakulam(Uzhavar Sandhai )	Potato	4000	123
15-05-2025	 Punjab	Abohar	Potato	850	4489
06-06-2024	Uttar Pradesh	Chandoli	Potato	1740	128
13-08-2023	Maharashtra	Chandrapur(Ganjwad)	Onion	2500	4366
04-01-2025	Gujarat	Kapadvanj	Potato	1700	3220
03-01-2024	Uttar Pradesh	Mirzapur	Potato	770	4559
06-01-2024	Kerala	Thrippunithura	Onion	3000	3503
08-11-2024	Himachal Pradesh	Dharamshala	Potato	3000	2825
01-02-2024	West Bengal	Birbhum	Onion	2500	103
13-02-2024	Uttar Pradesh	Banda	Potato	730	1842
18-02-2025	Uttar Pradesh	Shahaswan	Potato	1000	4247
10-01-2024	Uttar Pradesh	Moth	Onion	1700	2536
24-11-2024	Haryana	Pipli	Potato	2199	4209
01-05-2025	Uttar Pradesh	Ujhani	Potato	1020	1814
16-10-2023	Himachal Pradesh	Kurara	Wheat	2200	852
04-01-2024	Haryana	Pehowa	Onion	800	3816
25-09-2023	Uttar Pradesh	Sambhal	Potato	850	2346
09-05-2024	Maharashtra	Vai	Onion	1800	4077
30-11-2023	Madhya Pradesh	Kasrawad	Wheat	2675	888
25-08-2023	Uttar Pradesh	Bilsi	Onion	1750	4598
28-05-2025	Uttar Pradesh	Nawabganj	Potato	1275	1061
06-03-2024	Delhi	Azadpur	Potato	785	4422
01-11-2023	Himachal Pradesh	Palampur	Onion	5900	2658
02-08-2023	Maharashtra	Dindori	Onion	1150	297
05-10-2023	Madhya Pradesh	Thandla	Potato	1400	2442
25-06-2023	Haryana	Kosli	Tomato	2500	557
24-02-2025	Gujarat	Nadiyad(Piplag)	Onion	950	1233
25-03-2025	Uttar Pradesh	Akbarpur	Onion	1950	304
23-01-2025	Kerala	Anchal	Potato	5600	4742
05-10-2023	Uttar Pradesh	Ghaziabad	Potato	1200	864
16-04-2025	Gujarat	Bilimora	Onion	1500	4976
11-01-2024	West Bengal	Ranaghat	Onion	2700	1163
30-05-2025	Orissa	Keonjhar	Onion	2500	3625
18-09-2023	Haryana	Barwala	Potato	1000	583
05-06-2025	Kerala	Vandiperiyar	Potato	3600	2889
21-11-2023	Madhya Pradesh	Nalkehda	Wheat	2500	365
16-02-2024	Uttar Pradesh	Anoop Shahar	Potato	600	4784
28-11-2023	Madhya Pradesh	Shamgarh	Wheat	2250	1476
29-11-2023	Haryana	Shahabad	Potato	900	1289
14-04-2025	Punjab	Patran	Onion	880	1510
11-07-2023	Uttar Pradesh	Wazirganj	Onion	1415	1562
22-11-2024	Uttar Pradesh	Chutmalpur	Potato	1600	736
08-09-2024	Rajasthan	Alwar (F&V)	Potato	2200	271
09-10-2024	Punjab	Phagwara	Onion	4650	2187
07-11-2024	Orissa	Rayagada	Potato	3300	2169
27-02-2025	Uttar Pradesh	Baraut	Potato	800	2957
05-12-2024	West Bengal	Champadanga	Onion	3900	1717
16-01-2024	Bihar	Sasaram	Onion	3000	4827
01-02-2024	Maharashtra	Jalgaon	Potato	1200	2660
18-08-2023	Uttar Pradesh	Madhoganj	Wheat	2300	2999
14-01-2024	West Bengal	Champadanga	Potato	1240	4517
03-08-2023	Kerala	Vamanapuram	Tomato	9000	3044
06-07-2024	Uttar Pradesh	Sirsaganj	Potato	800	3326
18-01-2025	Bihar	Jaitipir Mandi, Lalganj block	Potato	2800	2580
06-07-2023	Rajasthan	Goluwala	Potato	900	198
01-04-2025	Tamilnadu	RSPuram(Uzhavar Sandhai )	Potato	3600	3515
16-08-2023	Meghalaya	Tura	Potato	2000	950
21-03-2025	Punjab	Mukerian	Onion	2200	3884
16-04-2024	Punjab	Patran	Onion	1460	3561
01-12-2023	Madhya Pradesh	Burhanpur	Wheat	2020	547
29-04-2024	Orissa	Khariar Road	Onion	3000	1705
03-07-2023	Chhattisgarh	Bilaspur	Tomato	4500	4959
29-07-2023	Madhya Pradesh	Kukshi	Onion	700	3702
16-09-2023	Gujarat	Rajula	Wheat	2603	1090
29-04-2024	Haryana	Meham	Potato	1800	2156
27-07-2023	Himachal Pradesh	Maudaha	Potato	1260	1391
22-02-2025	Gujarat	Dhoraji	Onion	1830	274
05-01-2024	Bihar	Buxur	Potato	1100	769
19-05-2024	Uttar Pradesh	Muzzafarnagar	Onion	1650	4822
15-05-2024	Uttar Pradesh	Chitwadagaon	Potato	1730	2946
27-11-2023	Kerala	Kondotty	Potato	3100	3341
21-03-2025	Gujarat	Bhavnagar	Onion	1050	1454
07-02-2025	Uttar Pradesh	Manjhanpur	Potato	970	1332
26-12-2023	Gujarat	Dhoraji	Onion	1155	1677
09-12-2024	Punjab	Malout	Potato	1200	4078
05-10-2023	Punjab	Rajpura	Onion	2100	257
09-10-2023	Uttar Pradesh	Sandila	Wheat	2320	1328
04-03-2025	Maharashtra	Kalyan	Onion	2750	864
13-06-2023	Haryana	Ambala Cantt.	Onion	900	3893
10-07-2023	Madhya Pradesh	Hoshangabad	Potato	1410	3242
13-07-2023	Punjab	Mukerian	Potato	1500	3248
18-12-2024	Kerala	Anchal	Potato	5300	1289
25-06-2023	Uttar Pradesh	Sambhal	Tomato	750	572
25-01-2024	Haryana	Barwala	Onion	2000	2045
08-06-2024	Orissa	Bargarh(Barapalli)	Potato	2700	4819
24-07-2023	Gujarat	Himatnagar	Wheat	2390	2471
25-07-2024	Kerala	Kottayam	Potato	4200	3398
29-06-2024	Tamilnadu	Vellore	Potato	40	4476
14-07-2023	Rajasthan	Sikar	Tomato	8000	4310
06-08-2024	Gujarat	Nadiad	Potato	3300	1160
07-05-2025	Uttar Pradesh	Fatehpur	Onion	1220	2222
26-01-2024	Haryana	Rania	Potato	950	4267
22-11-2024	Uttar Pradesh	Madhoganj	Onion	2890	1906
30-03-2024	West Bengal	Bankura Sadar	Onion	2100	3468
12-05-2025	Uttar Pradesh	Allahabad	Rice	3135	397
30-01-2025	Tamilnadu	Virudhunagar(Uzhavar Sandhai )	Potato	4500	1074
08-10-2024	Tamilnadu	Elampillai(Uzhavar Sandhai )	Potato	5000	388
12-08-2023	Uttar Pradesh	Mehmoodabad	Onion	1610	1106
02-07-2024	Haryana	Narwana	Potato	2000	3399
25-01-2024	Himachal Pradesh	Maudaha	Potato	750	4395
24-04-2024	Punjab	Kot ise Khan	Potato	900	4571
23-07-2023	Uttar Pradesh	Rampurmaniharan	Potato	1523	126
11-08-2023	Uttar Pradesh	Ghaziabad	Onion	1600	2539
05-10-2024	Kerala	Thrippunithura	Potato	4700	2050
18-04-2025	Uttar Pradesh	Awagarh	Onion	1600	3131
14-05-2025	Assam	Golagokarnath	Potato	1200	2403
24-01-2024	Punjab	Sunam	Potato	500	3655
07-07-2023	Gujarat	Savarkundla	Wheat	2478	3229
25-05-2025	Punjab	Ahmedgarh	Potato	1200	3568
07-03-2025	Kerala	Chengannur	Onion	4800	4748
23-07-2023	Chattisgarh	Gandai	Wheat	2125	435
02-02-2025	West Bengal	Kalipur	Potato	1640	1078
18-02-2024	Delhi	Shahdara	Onion	1500	2585
16-12-2023	Kerala	Munnar	Onion	8000	3095
29-11-2023	Maharashtra	Amalner	Wheat	2875	3826
21-08-2023	Uttar Pradesh	Chirgaon	Potato	1355	2445
25-07-2024	West Bengal	Jalpaiguri Sadar	Onion	3600	2856
22-01-2024	Uttar Pradesh	Muzzafarnagar	Potato	760	396
21-10-2023	Uttar Pradesh	Ballia	Potato	1040	379
31-07-2023	Kerala	Kanjirappally	Potato	3800	1720
28-04-2024	Punjab	Dharamkot	Potato	2000	3604
14-06-2023	Haryana	Ch. Dadri	Onion	850	1605
08-10-2023	West Bengal	Dhupguri	Potato	1200	2989
12-10-2023	Madhya Pradesh	Mehar	Wheat	2359	2350
09-08-2024	Karnataka	Hubli (Amaragol)	Onion	1680	4114
02-11-2023	Rajasthan	Goluwala	Wheat	2575	3938
17-03-2025	Kerala	Perumbavoor	Potato	2800	4255
13-11-2023	Kerala	Kayamkulam	Onion	2300	465
14-12-2023	Haryana	Nuh	Potato	700	1844
06-02-2024	Gujarat	Kalol	Wheat	2600	631
12-01-2024	Uttar Pradesh	Mirzapur	Potato	640	3624
02-03-2025	Tamilnadu	Thirupathur	Onion	4000	1782
04-02-2024	Haryana	Pundri	Potato	425	774
30-01-2025	Tamilnadu	Edapadi (Uzhavar Sandhai )	Potato	4500	2171
16-09-2023	Uttar Pradesh	Sambhal	Potato	1000	2882
28-04-2025	Uttar Pradesh	Robertsganj	Potato	1190	4883
14-09-2023	Uttar Pradesh	Bareilly	Potato	1200	3093
13-07-2023	Chattisgarh	Durg	Potato	1800	217
14-06-2024	Rajasthan	Bhadara	Potato	1886	1626
15-02-2024	Punjab	Malerkotla	Potato	300	3644
22-06-2023	Madhya Pradesh	Mandsaur(F&V)	Tomato	710	4412
03-07-2024	Kerala	Pala	Potato	4600	1185
07-02-2025	Himachal Pradesh	Muskara	Potato	1000	3094
02-11-2023	Kerala	Aralamoodu	Onion	6500	2925
15-12-2023	West Bengal	Bankura Sadar	Onion	3800	3358
22-10-2023	Uttar Pradesh	Sikanderabad	Potato	1000	3907
07-06-2023	Madhya Pradesh	Badamalhera	Wheat	2130	1561
26-09-2024	Karnataka	Hubli (Amaragol)	Onion	1700	316
15-05-2025	Uttar Pradesh	Jahangirabad	Rice	3230	165
10-02-2024	Kerala	Ettumanoor	Potato	3200	3058
10-08-2024	Kerala	Kondotty	Onion	2900	3627
17-11-2024	Tamilnadu	Palani(Uzhavar Sandhai )	Onion	6500	3398
22-04-2025	Tamilnadu	Sivakasi(Uzhavar Sandhai )	Onion	2000	2637
27-09-2023	Madhya Pradesh	Porsa(F&V)	Potato	500	4807
15-06-2023	Maharashtra	Nanded	Wheat	2250	515
05-10-2023	Maharashtra	Junnar	Potato	1500	2150
07-06-2024	Punjab	Rajpura	Potato	1600	2021
22-08-2024	Madhya Pradesh	Indore	Onion	2814	640
19-03-2024	Maharashtra	Kamthi	Potato	1500	3798
10-01-2024	Rajasthan	Jhalarapatan	Wheat	2575	1328
10-01-2024	Rajasthan	Itawa	Wheat	2520	4067
01-09-2023	Uttar Pradesh	Fatehpur Sikri	Onion	1755	3682
02-10-2023	Madhya Pradesh	Khaniadhana	Wheat	2363	905
29-02-2024	Chattisgarh	Durg	Potato	1200	4553
28-05-2025	West Bengal	Chakdah	Potato	1470	4955
20-04-2024	Karnataka	Belgaum	Potato	2400	3459
14-03-2024	West Bengal	Jangipur	Potato	1310	3331
01-09-2023	Himachal Pradesh	Shimla	Onion	2500	4207
07-03-2025	Chandigarh	Chandigarh(Grain/Fruit)	Onion	2200	2942
19-01-2024	Kerala	Anyara(EEC)	Onion	3800	1093
02-10-2024	Tamilnadu	Attayampatti(Uzhavar Sandhai )	Potato	4500	1060
06-07-2024	Haryana	Rania(Jiwan nagar)	Onion	1800	916
25-10-2024	Haryana	Nuh	Potato	1000	1411
22-06-2023	Punjab	Amritsar(Amritsar Mewa Mandi)	Onion	600	3589
24-12-2024	Tamilnadu	Tiruvarur(Uzhavar Sandhai )	Potato	4800	1429
15-06-2023	West Bengal	Birbhum	Potato	1450	2121
18-01-2024	Rajasthan	Khanpur	Wheat	2600	463
12-07-2023	Maharashtra	Jalgaon	Tomato	5000	2949
12-01-2024	Rajasthan	Tonk	Wheat	2450	4825
28-03-2024	Himachal Pradesh	Dhanotu (Mandi)	Onion	2300	2378
09-05-2025	Tamilnadu	Kundrathur(Uzhavar Sandhai )	Onion	2500	2382
11-09-2024	Rajasthan	Churu	Onion	3100	1529
30-10-2023	Jammu & Kashmir	Akhnoor	Potato	1400	3385
11-05-2024	Rajasthan	Madanganj Kishangarh	Onion	1600	4126
04-05-2024	Madhya Pradesh	Narsinghgarh	Onion	1620	1159
20-04-2024	Madhya Pradesh	Neemuch	Onion	1800	1591
06-10-2023	Uttar Pradesh	Allahabad	Potato	950	1348
24-09-2024	Uttar Pradesh	Chitwadagaon	Potato	2210	1490
11-04-2025	Punjab	Rayya	Onion	2500	3713
18-05-2025	Rajasthan	Bhilwara	Potato	1100	4227
30-11-2023	Maharashtra	Nagpur	Wheat	3375	144
21-09-2024	Kerala	Kuruppanthura	Potato	5500	3367
17-01-2024	Gujarat	Gondal	Wheat	2810	2367
11-12-2024	West Bengal	Durgapur	Potato	2680	3050
25-08-2024	Maharashtra	Junnar(Alephata)	Onion	3500	4922
06-09-2023	Haryana	Fatehabad	Onion	2400	1725
08-06-2023	Haryana	Sonepat(Kharkhoda)	Tomato	1200	4455
15-07-2023	Orissa	Bargarh	Tomato	9600	2630
26-12-2024	Tamilnadu	Karaikudi(Uzhavar Sandhai )	Potato	5000	2063
18-12-2023	Madhya Pradesh	Mandsaur	Onion	1350	3176
22-09-2024	Rajasthan	Hanumangarh(Urlivas)	Onion	3405	4076
08-04-2025	West Bengal	Dhupguri	Potato	1300	1827
22-03-2025	Bihar	Jainagar	Onion	3900	3559
31-10-2024	Uttar Pradesh	Najibabad	Onion	3700	4632
01-02-2024	West Bengal	Balarampur	Onion	2000	3867
23-02-2025	Rajasthan	Rawatsar	Potato	800	3995
22-07-2023	Uttar Pradesh	Ballia	Potato	1200	3329
21-04-2024	Haryana	Ratia	Onion	1500	4011
27-05-2024	Gujarat	Bilimora	Potato	2500	789
25-10-2023	Uttar Pradesh	Chaandpur	Tomato	1300	3493
10-12-2024	Kerala	Thrippunithura	Potato	7000	4620
13-12-2023	Rajasthan	Bhadara	Onion	4250	4677
09-11-2024	Chhattisgarh	Bilaspur	Potato	3900	3331
22-04-2024	Punjab	Nihal Singh Wala	Potato	1600	461
08-12-2023	Haryana	Thanesar	Potato	1200	3272
20-03-2024	Jammu & Kashmir	Kathua	Onion	2200	4735
27-03-2024	Kerala	Chengannur	Onion	2400	3118
25-05-2024	Maharashtra	Nagpur	Onion	1475	1900
10-08-2023	Punjab	Bhawanigarh	Potato	800	1703
25-09-2024	Himachal Pradesh	Kangra(Baijnath)	Potato	2700	3978
26-07-2023	West Bengal	Asansol	Onion	1800	4993
30-06-2023	Rajasthan	Bikaner (F&V)	Tomato	2900	1820
13-10-2023	Madhya Pradesh	Kolaras	Wheat	2200	4135
06-07-2024	Kerala	Thirurrangadi	Onion	3700	208
21-04-2025	Tamilnadu	Gingee(Uzhavar Sandhai )	Potato	3000	879
05-11-2024	Karnataka	Arasikere	Potato	3000	4079
18-08-2023	Himachal Pradesh	Bharuasumerpur	Wheat	2280	4446
03-09-2023	Maharashtra	Katol	Wheat	2418	3588
15-07-2023	Chhattisgarh	Tiphra	Potato	1900	3845
22-01-2025	Haryana	Ballabhgarh	Potato	800	2692
09-10-2023	Gujarat	Vadhvan	Onion	2250	1346
12-02-2024	Uttar Pradesh	Nautnava	Potato	720	896
05-12-2024	Bihar	Piro	Onion	5020	1868
07-03-2024	Uttar Pradesh	Sikanderabad	Potato	700	251
26-01-2025	Haryana	Narwana	Potato	800	2332
18-05-2025	Uttar Pradesh	Muradnagar	Onion	1150	1340
07-01-2025	Haryana	Rewari	Potato	1500	2728
17-09-2024	Himachal Pradesh	Kangra(Baijnath)	Onion	5100	1172
30-05-2025	Madhya Pradesh	Ujjain	Onion	300	1698
08-07-2023	Gujarat	Anand(Veg,Yard,Anand)	Potato	1250	2296
20-11-2023	Punjab	GarhShankar (Kotfatuhi)	Potato	1000	843
24-01-2024	Himachal Pradesh	Kangra(Jaisinghpur)	Potato	1050	4980
07-10-2024	Tamilnadu	Mannargudi II(Uzhavar Sandhai )	Onion	6800	2539
26-01-2024	Madhya Pradesh	Bhind	Wheat	2490	2236
06-09-2023	Punjab	Machhiwara	Onion	2400	4855
04-11-2023	West Bengal	Bishnupur(Bankura)	Wheat	2800	952
12-06-2023	Haryana	Chhachrauli	Onion	1200	3412
17-12-2023	Uttar Pradesh	Madhoganj	Onion	2870	426
23-04-2025	Tamilnadu	Mayiladuthurai(Uzhavar Sandhai )	Potato	4000	2819
09-02-2024	Gujarat	Bilimora	Onion	1300	3042
24-08-2023	Uttar Pradesh	Sehjanwa	Potato	1600	4532
21-08-2024	Tamilnadu	Tiruchengode	Potato	4500	4359
11-03-2024	Haryana	Sadhaura	Potato	700	3101
12-04-2025	Orissa	Bargarh	Onion	1900	391
29-07-2023	Kerala	Kuruppanthura	Tomato	5000	1872
20-05-2025	Madhya Pradesh	Badnawar(F&V)	Onion	500	787
25-11-2024	Bihar	Danapur	Potato	4800	3275
13-03-2024	Kerala	Kanjirappally	Onion	6300	1242
10-02-2024	Jammu & Kashmir	Kathua	Potato	750	3851
26-05-2025	Punjab	Malerkotla	Onion	1300	1416
04-10-2024	Uttar Pradesh	Sultanpur	Potato	2185	3972
03-04-2025	Uttar Pradesh	Gurusarai	Potato	1210	4203
14-04-2024	Madhya Pradesh	Deori	Onion	8	1172
04-10-2023	Uttar Pradesh	Baraut	Potato	1150	3838
04-08-2024	West Bengal	Asansol	Onion	3250	3928
09-01-2024	Madhya Pradesh	Mandsaur	Wheat	2801	3565
21-09-2023	West Bengal	Falakata	Potato	1250	2572
17-11-2024	Tamilnadu	Sundarapuram(Uzhavar Sandhai )	Potato	6400	2344
25-04-2025	Haryana	Narwana	Onion	800	4713
01-02-2024	Rajasthan	Ajmer(F&V)	Onion	1400	3782
03-11-2024	Uttar Pradesh	Bewar	Potato	1800	2654
25-08-2023	Kerala	Kayamkulam	Potato	2200	426
01-03-2025	Rajasthan	Bhadara	Onion	2100	797
30-11-2024	Uttar Pradesh	Hardoi	Onion	3850	935
20-03-2024	West Bengal	Champadanga	Potato	1540	1502
10-08-2024	Orissa	Chandabali	Onion	3200	4295
31-05-2024	Uttar Pradesh	Ghiraur	Onion	1525	4708
25-10-2023	Uttar Pradesh	Devariya	Wheat	2345	3119
31-07-2023	Uttar Pradesh	Jahangirabad	Onion	1550	3419
12-08-2024	Nagaland	Kohima	Potato	5100	3612
06-12-2023	Madhya Pradesh	Dhamnod	Onion	2000	3117
30-06-2023	Uttar Pradesh	Chutmalpur	Tomato	2250	1021
12-12-2024	Gujarat	Navsari	Potato	2800	3771
19-09-2024	Madhya Pradesh	Indore	Onion	4003	2824
08-03-2025	Haryana	Gurgaon	Potato	1100	1337
05-05-2024	Uttar Pradesh	Gulavati	Onion	2100	276
09-01-2024	Haryana	Safidon	Potato	500	2937
04-12-2024	West Bengal	Falakata	Potato	2450	2832
26-05-2025	Tamilnadu	Devakottai (Uzhavar Sandhai )	Potato	5200	1518
21-08-2023	Himachal Pradesh	Shimla	Onion	3100	4537
19-10-2024	West Bengal	Sainthia	Potato	2280	219
15-09-2023	Madhya Pradesh	Sagar	Wheat	2175	2309
18-05-2025	Haryana	Sonepat	Potato	900	3551
16-06-2023	Himachal Pradesh	Muskara	Wheat	2125	4528
01-08-2023	Uttar Pradesh	Viswan	Potato	1175	2761
09-02-2025	Tamilnadu	Sulur(Uzhavar Sandhai )	Onion	4000	3948
11-10-2024	Tamilnadu	Vedasanthur(Uzhavar Sandhai )	Potato	6000	4612
08-09-2023	Himachal Pradesh	Kangra	Onion	3100	3256
02-07-2024	Tamilnadu	Thanjavur	Potato	44	4408
17-08-2024	Tamilnadu	Melapalayam(Uzhavar Sandhai )	Potato	4000	161
15-04-2024	Andhra Pradesh	Bowenpally	Potato	2000	3637
22-02-2025	Uttar Pradesh	Mugrabaadshahpur	Onion	2285	2758
15-05-2024	Karnataka	Bangalore	Onion	2000	873
06-03-2024	Gujarat	Palitana	Potato	1500	351
20-10-2023	Madhya Pradesh	Rajgarh	Potato	1000	2841
25-09-2023	Kerala	Kottarakkara	Onion	4000	2759
23-08-2024	Karnataka	Udupi	Potato	3600	2968
19-04-2024	Haryana	Siwan	Potato	1400	4201
25-11-2023	Uttar Pradesh	Rasda	Onion	3830	1157
28-09-2023	Madhya Pradesh	Jaora	Onion	1610	2505
28-04-2025	Uttar Pradesh	Fatehabad	Onion	1050	4748
28-11-2023	Uttar Pradesh	Pratapgarh	Wheat	2617	3465
14-04-2024	Madhya Pradesh	Rajgarh	Onion	400	3811
12-05-2024	Andhra Pradesh	Hanmarkonda(Rythu Bazar)	Potato	3400	2117
30-08-2024	Punjab	Malout	Onion	1800	903
10-08-2024	Bihar	Buxur	Potato	2700	2699
15-03-2025	Jammu & Kashmir	Narwal Jammu (F&V)	Potato	1100	2766
30-01-2024	Maharashtra	Pune(Khadiki)	Onion	1400	1753
06-06-2025	Punjab	Phagwara	Potato	1006	3152
01-03-2024	Uttar Pradesh	Bahedi	Potato	660	3762
24-01-2024	Uttar Pradesh	Fatehpur	Wheat	2300	4725
16-09-2023	Madhya Pradesh	Multai	Onion	1500	3528
16-07-2023	West Bengal	Ranaghat	Potato	1680	550
29-01-2024	Uttar Pradesh	Shahabad(New Mandi)	Wheat	2500	1607
20-08-2023	Karnataka	Kolar	Potato	1700	3272
24-02-2025	Tamilnadu	Katpadi (Uzhavar Sandhai )	Potato	2600	3159
18-05-2025	Tamilnadu	Tirupatthur(Uzhavar Sandhai )	Potato	5000	1881
28-08-2023	Karnataka	Bangalore	Potato	2100	4199
07-06-2023	Rajasthan	Rajsamand	Onion	1100	826
22-12-2023	Madhya Pradesh	Alirajpur	Wheat	2400	1462
08-12-2023	Haryana	Shahzadpur	Onion	2000	3655
08-07-2024	Uttar Pradesh	Chaandpur	Potato	1400	1207
18-08-2023	Chhattisgarh	Bilaspur	Wheat	2415	4478
23-10-2023	Kerala	Kanjirappally	Onion	4600	2444
02-09-2024	Tamilnadu	Sooramangalam(Uzhavar Sandhai )	Onion	6000	1888
21-10-2024	Jammu & Kashmir	Narwal Jammu (F&V)	Potato	2100	1940
15-09-2023	Uttar Pradesh	Lalitpur	Potato	1320	3182
06-06-2025	Karnataka	Shimoga	Potato	2800	4726
29-02-2024	Himachal Pradesh	Kangra(Jaisinghpur)	Potato	1450	2629
27-07-2024	Orissa	Aiginia Mandi	Potato	3700	4781
03-08-2024	Uttar Pradesh	Bangarmau	Onion	2640	3438
16-12-2023	Kerala	Kattappana	Onion	8500	4629
16-06-2023	Uttar Pradesh	Dudhi	Onion	1100	3141
13-07-2024	Tamilnadu	Palani	Onion	4800	3049
01-07-2024	Kerala	Kanjirappally	Potato	5200	4155
20-03-2025	Uttar Pradesh	Viswan	Potato	1080	1440
17-01-2025	Uttar Pradesh	Sandi	Potato	1325	864
15-09-2023	Uttar Pradesh	Basti	Potato	1100	3965
19-02-2024	Rajasthan	Rajsamand	Potato	900	1785
09-01-2024	Uttar Pradesh	Amroha	Onion	1950	4153
03-07-2024	Uttar Pradesh	Meerut	Potato	2240	2627
05-02-2025	Tamilnadu	Elampillai(Uzhavar Sandhai )	Potato	4500	378
23-03-2024	Gujarat	Surat	Onion	1337.5	1262
13-06-2023	West Bengal	Kandi	Potato	1200	4178
24-05-2025	Uttar Pradesh	Jahangirabad	Potato	1145	3502
01-08-2023	 Punjab	Fazilka	Onion	1800	4245
19-04-2025	Maharashtra	Rahuri	Potato	1400	1689
22-05-2024	Punjab	Mukerian	Potato	2000	1087
08-07-2023	Gujarat	Anand(Veg,Yard,Anand)	Tomato	8800	1009
16-09-2023	Madhya Pradesh	Paatan	Wheat	2420	1079
13-02-2025	West Bengal	Pandua	Onion	2800	4039
13-06-2023	Punjab	Khanauri	Potato	800	1874
02-09-2023	Uttar Pradesh	Buland Shahr	Potato	1245	1235
16-04-2024	Gujarat	Anand(Veg,Yard,Anand)	Potato	2100	753
18-02-2025	Uttar Pradesh	Robertsganj	Onion	2050	1845
14-02-2025	Karnataka	Shimoga	Potato	3500	4426
31-07-2023	Madhya Pradesh	Katni(F&V)	Potato	750	2369
10-01-2024	Punjab	Amritsar(Amritsar Mewa Mandi)	Onion	1100	2830
31-08-2024	Karnataka	Chikkamagalore	Potato	2899	2384
08-07-2024	Himachal Pradesh	Rohroo	Potato	3500	3801
31-03-2025	Uttar Pradesh	Hapur	Potato	1140	1976
06-12-2023	Haryana	Shahabad	Potato	780	1990
28-05-2025	Tamilnadu	Paramathivelur(Uzhavar Sandhai )	Onion	3000	3833
27-04-2024	Uttar Pradesh	Meerut	Onion	1685	2171
29-04-2025	Tamilnadu	Vedasanthur(Uzhavar Sandhai )	Onion	3000	3735
04-09-2024	Uttar Pradesh	Jalalabad	Potato	1750	1772
03-09-2024	Maharashtra	Pimpalgaon	Onion	3900	3215
13-10-2023	Uttar Pradesh	Agra	Tomato	1120	1002
14-08-2023	West Bengal	Bankura Sadar	Onion	3100	4381
08-03-2025	Gujarat	Nadiyad(Piplag)	Onion	1650	4690
18-11-2024	Uttar Pradesh	Sandi	Potato	2140	2127
14-08-2024	Gujarat	Ahmedabad(Chimanbhai Patal Market Vasana)	Potato	2050	3862
03-12-2024	Punjab	Garh Shankar(Mahalpur)	Potato	1500	3080
20-10-2023	Uttar Pradesh	Tundla	Potato	875	4623
03-08-2023	Haryana	Mustafabad	Tomato	5500	3402
29-04-2025	Nagaland	Kohima	Potato	4100	2100
22-04-2025	Tamilnadu	Gudiyatham(Uzhavar Sandhai )	Potato	3000	149
20-10-2024	Maharashtra	Shirur	Onion	4200	3804
18-11-2023	Delhi	Shahdara	Onion	3200	4745
03-08-2023	Uttar Pradesh	Ghaziabad	Onion	1800	1179
28-05-2025	Maharashtra	Nagpur	Potato	1600	2657
08-07-2024	Madhya Pradesh	Indore	Potato	2467	2312
24-01-2024	Maharashtra	Sangamner	Onion	1000	3620
07-09-2024	Tamilnadu	Padappai(Uzhavar Sandhai )	Onion	5000	179
09-06-2025	Maharashtra	Vai	Potato	2250	1766
03-07-2023	Madhya Pradesh	Karhi	Wheat	2250	3478
20-02-2024	Andhra Pradesh	Warangal	Potato	2250	3955
21-04-2025	Orissa	Balugaon	Onion	3100	1474
12-03-2025	Haryana	Gohana	Onion	2000	1353
27-10-2023	Uttar Pradesh	Bilsi	Potato	950	4192
31-08-2023	Haryana	Bhuna	Onion	2700	4283
03-04-2025	Bihar	Sasaram	Onion	2300	2812
09-06-2025	Tamilnadu	Dharmapuri(Uzhavar Sandhai )	Onion	2800	4652
21-04-2025	Rajasthan	Bhadara	Onion	1245	992
14-10-2023	Madhya Pradesh	Petlawad	Potato	1500	1581
19-03-2025	Maharashtra	Lasalgaon(Vinchur)	Onion	1550	3957
18-02-2025	Himachal Pradesh	Hamirpur(Nadaun)	Potato	1200	2017
10-03-2025	West Bengal	Asansol	Onion	3050	1104
05-05-2025	Himachal Pradesh	Bharuasumerpur	Potato	1210	1561
07-12-2023	West Bengal	Champadanga	Onion	4600	2292
24-06-2023	Uttar Pradesh	Hargaon (Laharpur)	Onion	650	748
15-12-2023	Madhya Pradesh	Khujner	Wheat	2440	3106
30-10-2024	Tamilnadu	Paramakudi(Uzhavar Sandhai )	Potato	7000	317
22-09-2024	Tamilnadu	Kahithapattarai(Uzhavar Sandhai )	Onion	6000	4530
02-04-2025	Tamilnadu	Panruti(Uzhavar Sandhai )	Onion	4000	3843
08-09-2024	Uttar Pradesh	Banda	Onion	3700	4363
01-05-2024	Uttar Pradesh	Azamgarh	Onion	1735	2180
20-06-2023	Uttar Pradesh	Muradabad	Onion	1150	3083
20-07-2023	Kerala	Kottakkal	Tomato	9350	4103
15-03-2025	Maharashtra	Jamkhed	Onion	1075	3923
25-04-2024	West Bengal	Ranaghat	Onion	1700	1674
06-08-2024	Madhya Pradesh	Ujjain	Potato	2538	3881
08-03-2025	Gujarat	Palitana	Onion	1600	3773
15-09-2023	Uttar Pradesh	Hapur	Onion	1800	2603
07-09-2024	Haryana	Indri	Potato	2000	2792
26-07-2023	Madhya Pradesh	Ajaygarh	Wheat	2160	3325
02-05-2025	Uttar Pradesh	Ghiraur	Onion	1135	3426
14-04-2025	Tamilnadu	Mettur(Uzhavar Sandhai )	Onion	3000	4484
20-11-2024	Bihar	Jamui	Onion	5300	3723
23-02-2024	Kerala	Piravam	Onion	2500	739
09-10-2023	West Bengal	Jiaganj	Potato	1550	1134
21-04-2025	Uttar Pradesh	Jasvantnagar	Onion	1460	4608
29-04-2025	Jammu & Kashmir	Narwal Jammu (F&V)	Onion	1600	3192
03-09-2023	Uttar Pradesh	Milak	Potato	1250	1091
15-10-2023	Haryana	Sampla	Potato	1200	3897
01-11-2023	Punjab	Dhuri	Onion	4200	2589
08-02-2025	Chhattisgarh	Bilaspur	Potato	900	4796
21-04-2025	Kerala	Pampady	Potato	3500	4285
22-04-2025	Uttar Pradesh	Chitwadagaon	Potato	1190	2790
28-12-2023	Uttar Pradesh	Viswan	Onion	2030	1598
25-07-2024	Tamilnadu	Sivagangai (Uzhavar Sandhai )	Potato	6200	2337
16-04-2025	West Bengal	Birbhum	Onion	2100	3558
04-08-2023	Rajasthan	Alwar (F&V)	Onion	2000	2001
24-11-2024	Uttar Pradesh	Atarra	Onion	3820	2790
29-10-2024	Punjab	Lehra Gaga	Potato	1800	4108
14-06-2023	Madhya Pradesh	Chaakghat	Wheat	2145	4836
22-02-2024	Uttar Pradesh	Achalda	Potato	920	2777
19-11-2023	Rajasthan	Madanganj Kishangarh	Potato	1200	3553
12-12-2023	Kerala	Kottarakkara	Potato	4000	4523
25-09-2023	Madhya Pradesh	Dewas(F&V)	Onion	600	2015
16-03-2024	Uttar Pradesh	Shahganj	Onion	1910	4455
12-03-2024	Kerala	Ettumanoor	Potato	3400	3353
14-06-2023	Kerala	Kondotty	Potato	2300	4324
26-09-2024	Tamilnadu	Thanjavur(Uzhavar Sandhai )	Onion	6000	1853
26-02-2025	Rajasthan	Kota (F&V)	Onion	2000	2817
15-04-2025	Maharashtra	Kamthi	Potato	2000	1708
05-07-2023	Uttar Pradesh	Sehjanwa	Potato	1150	2402
05-10-2023	Madhya Pradesh	Bhopal(F&V)	Potato	700	1358
02-12-2023	Uttar Pradesh	Rampur	Wheat	2480	3744
24-02-2025	Himachal Pradesh	Kangra	Potato	1500	1000
16-01-2025	Uttar Pradesh	Azamgarh	Potato	1300	4950
09-06-2023	Maharashtra	Lasalgaon	Onion	975	4535
14-04-2024	Assam	Lakhimpur	Onion	1700	413
09-11-2024	Tamilnadu	Paramathivelur(Uzhavar Sandhai )	Onion	7400	2487
28-09-2023	Kerala	Kayamkulam	Potato	2200	1195
19-08-2023	Uttar Pradesh	Chaandpur	Onion	1550	1337
07-11-2023	Madhya Pradesh	Mandsaur	Wheat	2870	650
08-08-2023	Madhya Pradesh	Neemuch	Onion	1280	1985
13-04-2025	Uttar Pradesh	Khair	Onion	1400	2086
20-08-2024	Tamilnadu	Ramanathapuram(Uzhavar Sandhai )	Onion	6000	3677
13-02-2025	Jammu & Kashmir	Kathua	Onion	2900	1797
30-09-2023	Madhya Pradesh	Lashkar	Wheat	2400	824
07-03-2024	Uttar Pradesh	Baraut	Onion	1350	3056
07-01-2025	Kerala	Balarampuram	Potato	4000	1357
12-08-2023	Rajasthan	Gulabpura	Wheat	2350	1025
21-09-2023	Maharashtra	Nagpur	Wheat	2517	1150
03-07-2023	Madhya Pradesh	Ujjain(F&V)	Potato	1179	2633
09-07-2024	Punjab	Phillaur(Apra Mandi)	Potato	2500	2704
06-03-2024	Uttar Pradesh	Saharanpur	Onion	1900	3149
03-07-2024	Uttar Pradesh	Tilhar	Potato	1560	4865
09-06-2025	Uttar Pradesh	Muzzafarnagar	Potato	1000	3433
29-11-2023	Uttar Pradesh	Samsabad	Potato	700	3188
29-02-2024	Gujarat	Gondal	Onion	1205	486
20-03-2024	Uttar Pradesh	Jhansi	Potato	1320	1464
24-12-2023	Uttar Pradesh	Firozabad	Potato	680	3060
06-04-2024	Uttar Pradesh	Fatehpur	Potato	1405	694
01-09-2024	Tamilnadu	Chidambaram(Uzhavar Sandhai )	Onion	5000	607
17-04-2025	Tamilnadu	Vellore	Onion	2500	3424
08-06-2023	Kerala	Kothamangalam	Tomato	3000	2879
30-06-2024	Orissa	Jharsuguda	Potato	3500	4514
06-09-2023	Maharashtra	Akola	Potato	1300	4869
31-01-2024	Kerala	Kottarakkara	Onion	4000	565
17-02-2025	Tamilnadu	Kambam(Uzhavar Sandhai )	Onion	4200	2635
31-12-2023	Uttar Pradesh	Shahabad(New Mandi)	Onion	2050	2116
03-02-2024	Madhya Pradesh	Mandsaur	Wheat	2660	1302
25-01-2025	Punjab	Bhawanigarh	Potato	750	3659
27-12-2023	Uttar Pradesh	Sikanderabad	Potato	700	2098
02-09-2024	Punjab	Dudhansadhan	Onion	4100	808
30-04-2025	Manipur	Bishenpur	Onion	2750	3528
01-03-2025	Himachal Pradesh	Palampur	Onion	3300	3083
30-03-2024	Kerala	Kanjirappally	Potato	3800	2985
11-03-2024	Uttar Pradesh	Chirgaon	Potato	1230	265
20-07-2024	Bihar	Danapur	Potato	3600	239
26-11-2024	Tamilnadu	Rajapalayam(Uzhavar Sandhai )	Onion	7000	3648
25-07-2024	Himachal Pradesh	Maudaha	Potato	2350	3819
10-08-2024	Tamilnadu	Viruthachalam(Uzhavar Sandhai )	Potato	5000	1064
08-10-2024	Tamilnadu	RSPuram(Uzhavar Sandhai )	Onion	5200	2403
28-01-2024	West Bengal	Durgapur	Potato	1350	189
11-01-2025	Uttar Pradesh	Milak	Potato	1365	3658
23-05-2025	Haryana	Ratia	Onion	1050	737
12-03-2024	Haryana	Raipur Rai	Potato	400	3234
17-12-2023	Haryana	Gurgaon	Onion	1500	108
19-06-2024	West Bengal	Kalipur	Potato	2520	2290
19-06-2023	Madhya Pradesh	Malthone	Wheat	2100	251
15-09-2024	Haryana	Farukh Nagar	Potato	1600	4636
11-10-2023	Uttar Pradesh	Etawah	Onion	2075	1388
08-04-2025	Karnataka	Chikkamagalore	Potato	1852	100
09-05-2024	Uttar Pradesh	Atarra	Potato	1810	932
14-08-2023	Uttar Pradesh	Robertsganj	Potato	1150	4973
08-06-2025	Uttar Pradesh	Chandoli	Potato	1160	593
24-02-2025	Tamilnadu	Chokkikulam(Uzhavar Sandhai )	Potato	4000	3228
18-02-2025	Maharashtra	Pune	Onion	2250	4245
15-05-2024	Maharashtra	Hingna	Onion	2000	712
19-10-2023	Madhya Pradesh	Syopurkalan(F&V)	Potato	1200	4079
19-08-2024	Tamilnadu	Rajapalayam(Uzhavar Sandhai )	Onion	5500	352
01-08-2024	Punjab	Moga	Onion	3200	4778
26-10-2023	Uttar Pradesh	Milak	Onion	2140	4151
29-07-2023	Haryana	Tarori	Potato	900	2301
23-04-2025	Punjab	Bhawanigarh	Onion	1200	309
14-05-2025	Punjab	Bhawanigarh	Potato	900	1115
20-04-2025	Tamilnadu	Sirkali(Uzhavar Sandhai )	Potato	4000	3036
30-08-2024	Uttar Pradesh	Sehjanwa	Potato	2900	2089
11-04-2025	Uttar Pradesh	Sultanpur	Onion	1700	342
16-02-2024	West Bengal	Kalyani	Onion	2300	3665
16-08-2023	Rajasthan	Kota (F&V)	Onion	1350	1252
24-10-2024	Uttar Pradesh	Gorakhpur	Potato	2200	3847
04-04-2025	Uttar Pradesh	Khair	Potato	1000	4910
16-12-2023	Kerala	Vamanapuram	Onion	5200	2561
30-08-2024	Kerala	Kuruppanthura	Onion	5400	2462
06-10-2023	Rajasthan	Tonk	Wheat	2366	415
06-12-2024	Uttar Pradesh	Jagnair	Onion	2450	4225
13-11-2023	West Bengal	Uluberia	Onion	4800	4919
07-12-2024	Haryana	Narwana	Potato	2000	2668
20-06-2023	Rajasthan	Bikaner (F&V)	Potato	800	1698
14-07-2023	Karnataka	Basava Kalayana	Wheat	2661	1674
16-11-2024	Uttar Pradesh	Rampur	Onion	4250	306
13-01-2025	West Bengal	Kandi	Potato	2150	2031
20-02-2024	Uttar Pradesh	Rampurmaniharan	Onion	1524	2764
29-09-2023	Chandigarh	Chandigarh(Grain/Fruit)	Potato	1000	495
14-01-2025	Kerala	Thrippunithura	Potato	5500	936
04-08-2024	Uttar Pradesh	Mahoba	Onion	3000	771
17-10-2023	Madhya Pradesh	Sitmau	Wheat	2693	1527
24-08-2024	Punjab	Barnala	Potato	1700	3037
30-04-2025	Uttar Pradesh	Safdarganj	Onion	1270	3513
15-02-2025	West Bengal	Nadia	Onion	2700	4623
25-06-2023	Uttar Pradesh	Shikohabad	Onion	800	3023
26-03-2025	Uttar Pradesh	Auraiya	Onion	2050	4980
15-07-2024	Uttar Pradesh	Najibabad	Potato	1600	1506
14-09-2024	Maharashtra	Shevgaon	Onion	4650	2025
17-06-2023	Uttar Pradesh	Chorichora	Wheat	2250	3199
23-08-2023	Haryana	Sonepat	Onion	1900	3593
24-11-2023	Karnataka	Gowribidanoor	Onion	3800	250
03-11-2023	Gujarat	Gondal	Wheat	2730	4731
01-04-2025	Himachal Pradesh	Dharamshala	Potato	1300	2134
17-05-2025	Maharashtra	Nasik	Potato	1700	428
25-09-2023	Bihar	Sheohar	Potato	1800	2783
01-10-2024	West Bengal	Purulia	Onion	4300	4476
05-11-2023	Uttar Pradesh	Pratapgarh	Potato	945	4230
06-02-2024	Uttar Pradesh	Khurja	Potato	720	3506
16-04-2024	Rajasthan	Rawatsar	Potato	900	3213
13-06-2024	West Bengal	Bishnupur(Bankura)	Potato	2140	796
12-09-2023	Haryana	Thanesar	Potato	1500	1160
04-10-2023	Uttar Pradesh	Auraiya	Potato	1000	3340
06-09-2023	Rajasthan	Jodhpur (F&V)	Potato	900	4356
20-01-2024	Karnataka	Hubli (Amaragol)	Potato	1600	3324
11-09-2024	Tamilnadu	Hosur(Uzhavar Sandhai )	Potato	4500	3334
19-08-2023	West Bengal	Nadia	Onion	3000	547
20-03-2025	Orissa	Bargarh	Potato	2200	4590
09-06-2025	Tamilnadu	Hosur(Uzhavar Sandhai )	Onion	3000	542
07-04-2024	West Bengal	Kalipur	Potato	1540	1090
11-03-2024	Delhi	Shahdara	Onion	1500	600
09-09-2024	Uttar Pradesh	Jahangirabad	Potato	2305	2362
12-10-2023	Himachal Pradesh	Chamba	Onion	3400	4083
11-04-2025	Rajasthan	Sikar	Potato	850	3876
24-10-2023	Uttar Pradesh	Basti	Onion	2410	3891
27-08-2024	Rajasthan	Bikaner (F&V)	Potato	1900	2469
13-03-2024	Maharashtra	Manmad	Onion	1500	3828
09-02-2024	Kerala	Broadway market	Onion	3200	3241
18-02-2025	Delhi	Keshopur	Onion	3200	389
15-07-2023	Assam	Lakhimpur	Potato	1185	668
18-08-2023	Madhya Pradesh	Jaithari	Wheat	2200	2135
15-02-2025	Kerala	Kanjirappally	Onion	7800	4098
17-11-2023	Maharashtra	Chopada	Wheat	2715	2292
17-02-2024	Haryana	Babain	Potato	650	3954
11-08-2024	Tamilnadu	Ulundurpettai	Potato	5000	1648
27-07-2024	Andhra Pradesh	Sadasivpet	Onion	3251	1388
12-06-2023	Madhya Pradesh	Pawai	Wheat	2250	4341
07-07-2024	Uttar Pradesh	Akbarpur	Potato	2320	3396
27-07-2023	Uttar Pradesh	Shahabad(New Mandi)	Potato	1170	4829
23-08-2023	Rajasthan	Madanganj Kishangarh	Onion	2550	296
13-10-2024	Uttar Pradesh	Amroha	Potato	2150	4256
23-01-2024	Himachal Pradesh	Dhanotu (Mandi)	Onion	2100	4721
20-06-2023	Haryana	New Grain Market , Faridabad	Potato	1950	2696
09-07-2024	Madhya Pradesh	Mandsaur	Onion	2400	738
14-10-2023	Jammu & Kashmir	Udhampur	Onion	3100	3211
19-06-2023	Uttar Pradesh	Baraut	Tomato	1950	3481
07-06-2025	Uttar Pradesh	Anoop Shahar	Onion	1000	2081
04-01-2024	Rajasthan	Alwar (F&V)	Potato	1100	3701
24-06-2023	Andhra Pradesh	Mahboob Manison	Onion	1500	1667
06-09-2023	Orissa	Hindol	Onion	3000	4004
21-02-2025	Tamilnadu	Athur(Uzhavar Sandhai )	Potato	5000	3126
29-09-2024	Kerala	Manjeri	Onion	5450	2823
13-08-2024	Tamilnadu	Sirkali(Uzhavar Sandhai )	Potato	5500	4295
20-04-2024	Haryana	Narwana	Potato	1250	4574
22-03-2025	West Bengal	Durgapur	Onion	2300	1424
31-07-2023	Madhya Pradesh	Biaora	Potato	1000	3611
12-06-2023	Maharashtra	Sangamner	Onion	850	3728
04-07-2024	Rajasthan	Alwar (F&V)	Potato	2400	3229
15-05-2025	Andhra Pradesh	Kurnool	Onion	895	3087
17-01-2024	Gujarat	Nadiad	Potato	1400	1314
13-09-2024	Uttar Pradesh	Azamgarh	Potato	2260	4962
11-06-2023	Haryana	Chhachrauli	Tomato	500	278
28-02-2025	Tamilnadu	Thanjavur(Uzhavar Sandhai )	Potato	3400	4398
25-10-2023	Uttar Pradesh	Gadaura	Potato	800	4124
31-05-2025	Andhra Pradesh	Gudimalkapur	Onion	1000	2787
22-05-2024	Uttar Pradesh	Pratapgarh	Onion	1580	4761
06-07-2023	Andhra Pradesh	Warangal	Potato	1700	1434
27-05-2025	Maharashtra	Solapur	Potato	1600	4927
15-10-2024	Kerala	Vandiperiyar	Potato	4800	320
22-08-2024	Maharashtra	Pimpalgaon Baswant(Saykheda)	Onion	3625	2409
29-01-2025	Haryana	Pataudi	Potato	850	230
13-12-2023	Maharashtra	Nagpur	Wheat	2671	3163
27-07-2023	Uttar Pradesh	Achnera	Potato	980	1196
03-02-2024	Haryana	Barara	Potato	400	1107
27-06-2024	Punjab	Tanda Urmur	Potato	2000	145
05-05-2024	Uttar Pradesh	Hardoi	Onion	1650	1494
01-07-2023	Uttar Pradesh	Balrampur	Potato	1120	4483
03-10-2024	Kerala	Vandiperiyar	Onion	6000	3138
18-03-2024	Maharashtra	Amrawati(Frui & Veg. Market)	Potato	1200	4155
01-04-2024	Uttar Pradesh	Purwa	Potato	1325	1974
30-07-2024	Uttar Pradesh	Auraiya	Potato	2180	1145
04-07-2024	Punjab	Patran	Potato	1380	2273
23-03-2025	Kerala	Aralamoodu	Onion	3500	4142
25-06-2024	Uttar Pradesh	Gulavati	Potato	1000	3520
20-11-2023	Rajasthan	Sriganganagar (Grain)	Wheat	2452	3968
28-07-2024	Tamilnadu	Anna nagar(Uzhavar Sandhai )	Potato	4800	4788
16-04-2025	Manipur	Bishenpur	Rice	5200	4850
09-01-2024	Bihar	Jamui	Potato	1100	928
02-12-2024	Haryana	Pataudi	Potato	1600	884
20-04-2024	Haryana	Madlauda	Onion	2000	3339
20-03-2025	Orissa	Bargarh(Barapalli)	Potato	2300	2528
25-10-2024	Tamilnadu	Dindigul(Uzhavar Sandhai )	Potato	5000	971
02-01-2025	Punjab	Bhawanigarh	Potato	1200	378
15-01-2024	Rajasthan	Sujangarh	Onion	900	1220
22-05-2025	Uttar Pradesh	Badayoun	Onion	1100	3411
06-06-2024	Maharashtra	Shree Rameshwar Krushi Market	Onion	2200	3817
05-09-2023	Punjab	GarhShankar (Kotfatuhi)	Onion	1800	2751
10-06-2025	Punjab	Batala	Potato	1100	1060
28-09-2023	Kerala	Chengannur	Potato	3500	4699
02-09-2023	Madhya Pradesh	Khargone	Onion	600	240
03-01-2024	Haryana	Bhiwani	Potato	800	4357
12-09-2023	Madhya Pradesh	Mehar	Wheat	2283	3633
25-09-2024	Kerala	Taliparamba	Onion	5800	4116
17-05-2024	Uttar Pradesh	Tulsipur	Potato	1830	2361
06-02-2025	Himachal Pradesh	Santoshgarh	Potato	950	3866
23-10-2024	Haryana	Ratia	Potato	900	4624
03-03-2025	Haryana	Tarori	Potato	800	1404
06-09-2023	Kerala	Kanjirappally	Onion	5800	4552
19-07-2023	Punjab	Bhawanigarh	Onion	1600	3469
13-04-2025	Maharashtra	Pune(Pimpri)	Onion	1200	3207
11-09-2024	Tamilnadu	Krishnagiri(Uzhavar Sandhai )	Onion	5500	1167
03-07-2023	Uttar Pradesh	Sehjanwa	Tomato	5700	1227
03-05-2025	Tamilnadu	Kulithalai(Uzhavar Sandhai )	Onion	2800	202
09-01-2025	Punjab	Bhawanigarh	Potato	1100	1948
16-11-2023	West Bengal	Champadanga	Potato	1360	4655
24-01-2025	Tamilnadu	Tiruvarur(Uzhavar Sandhai )	Potato	4600	2700
05-07-2023	Madhya Pradesh	Mandla	Wheat	2150	2762
12-09-2024	Gujarat	Palitana	Potato	3000	2370
01-12-2023	Madhya Pradesh	Ujjain(F&V)	Potato	951	3625
27-09-2024	Gujarat	Navsari	Potato	2575	4862
17-04-2025	Madhya Pradesh	Shamgarh	Onion	700	709
05-02-2024	Uttar Pradesh	Khair	Potato	740	2634
10-06-2025	West Bengal	Sainthia	Onion	1900	3546
28-08-2024	Uttar Pradesh	Wazirganj	Onion	3000	826
31-08-2023	Himachal Pradesh	Kangra(Jaisinghpur)	Potato	2500	2575
30-12-2023	Punjab	Giddarbaha	Potato	1200	1838
14-08-2023	Madhya Pradesh	Chaurai	Wheat	2438	3389
19-03-2025	Uttar Pradesh	Devariya	Onion	2470	3429
09-07-2023	West Bengal	Jalpaiguri Sadar	Potato	1300	283
24-07-2024	Punjab	Phagwara	Potato	2058	3253
05-06-2025	West Bengal	Kasimbazar	Rice	3700	3040
22-12-2023	West Bengal	Rampurhat	Wheat	2400	1612
04-03-2024	Haryana	Tohana(New Veg Market)	Onion	2000	2500
04-06-2025	Orissa	Bargarh(Barapalli)	Potato	2300	2747
07-10-2023	Uttar Pradesh	Banda	Potato	1100	4636
05-08-2023	Karnataka	Hospet	Onion	1600	2443
20-02-2025	Tamilnadu	Bodinayakanur(Uzhavar Sandhai )	Onion	4700	538
05-10-2023	Uttar Pradesh	Akbarpur	Tomato	1320	4965
26-12-2023	Maharashtra	Rahata	Wheat	2601	4468
05-05-2025	Uttar Pradesh	Auraiya	Onion	1350	4137
05-02-2025	Haryana	Tauru	Potato	1000	629
28-05-2024	Kerala	Pala	Onion	6500	2589
24-10-2023	Uttar Pradesh	Jhansi	Onion	1780	3833
10-02-2024	Maharashtra	Manmad	Onion	1000	2979
02-10-2024	Tamilnadu	Paramathivelur(Uzhavar Sandhai )	Onion	6600	993
10-10-2024	Orissa	Hinjilicut	Potato	3000	1028
31-10-2023	Jammu & Kashmir	Udhampur	Potato	1100	475
08-04-2024	Bihar	Jahajharpur	Potato	2200	1218
07-03-2024	Kerala	Perinthalmanna	Onion	3000	535
14-02-2025	Maharashtra	Solapur	Potato	1700	3387
20-06-2023	Uttar Pradesh	Naanpara	Onion	1180	295
03-02-2024	Maharashtra	Nagpur	Wheat	2820	1628
24-05-2024	Punjab	Nihal Singh Wala	Potato	1300	3794
02-11-2023	Uttar Pradesh	Bareilly	Onion	3900	948
25-08-2024	Maharashtra	Karad	Onion	3400	4257
06-09-2024	Maharashtra	Rahata	Potato	2250	3382
22-07-2023	Uttar Pradesh	Mahoba	Potato	1260	149
24-08-2024	West Bengal	Ranaghat	Onion	4800	4110
08-06-2023	Madhya Pradesh	Kumbhraj	Wheat	2240	1709
07-08-2024	Haryana	Sohna	Potato	2000	4738
08-07-2024	Tamilnadu	Mannargudi	Potato	5000	2628
30-11-2023	Uttar Pradesh	Charra	Onion	3400	3715
15-07-2023	Kerala	Thalayolaparambu	Onion	2300	4745
13-11-2023	Haryana	Naraingarh	Potato	600	792
13-07-2023	Himachal Pradesh	Bharuasumerpur	Potato	1250	4005
14-11-2023	Punjab	Dinanagar	Onion	4500	578
05-08-2024	Maharashtra	Solapur	Potato	2100	1012
20-08-2024	Uttar Pradesh	Samsabad	Potato	1700	2141
01-02-2025	Uttar Pradesh	Sitapur	Potato	1150	3064
03-02-2025	Madhya Pradesh	Katni	Potato	900	1574
04-04-2025	Orissa	Rayagada	Potato	1800	2007
14-11-2023	Kerala	Kondotty	Potato	2400	2160
14-08-2023	Kerala	Thodupuzha	Onion	5500	4954
07-06-2023	Madhya Pradesh	Pandhana(F&V)	Tomato	750	4006
09-12-2024	Uttar Pradesh	Milak	Potato	2205	2092
28-02-2025	Kerala	Chengannur	Onion	4000	2824
03-08-2023	Karnataka	Belgaum	Potato	2000	2442
06-06-2025	Tamilnadu	Edapadi (Uzhavar Sandhai )	Potato	3800	3783
27-03-2024	 Punjab	Fazilka	Potato	1000	3093
17-02-2025	Tamilnadu	Hosur(Uzhavar Sandhai )	Onion	5000	3915
07-05-2025	West Bengal	Pandua	Rice	4600	2575
22-03-2024	Uttar Pradesh	Sikarpur	Onion	1500	3215
20-06-2023	Uttar Pradesh	Sandila	Tomato	1310	4137
27-05-2025	Uttar Pradesh	Tamkuhi road	Potato	1675	4248
05-03-2025	West Bengal	Balarampur	Potato	1000	4246
10-09-2024	Uttar Pradesh	Dhanaura	Onion	1200	4055
26-09-2023	Bihar	Sasaram	Onion	3200	492
01-05-2025	Haryana	Rania	Onion	1400	1806
07-11-2024	Gujarat	Bhavnagar	Onion	2925	1914
15-07-2023	Himachal Pradesh	Kangra(Jassour)	Tomato	10500	2958
02-10-2023	Uttar Pradesh	Jasvantnagar	Potato	1000	2894
11-10-2023	Rajasthan	Udaipur (F&V)	Onion	1750	4839
11-01-2024	Uttar Pradesh	Mirzapur	Potato	635	3088
06-05-2024	West Bengal	Moynaguri	Potato	1900	814
06-09-2024	Gujarat	Bharuch	Onion	2500	630
05-05-2025	Himachal Pradesh	Kangra	Potato	1300	1826
24-10-2024	Maharashtra	Satana	Onion	4515	2131
22-06-2023	Orissa	Jharsuguda	Onion	2000	2669
05-08-2024	Jammu and Kashmir	Ashahipora (Anantnagh)	Onion	3300	2668
24-05-2025	Haryana	Palwal	Onion	1900	905
19-11-2024	Haryana	Shahzadpur	Onion	3000	3592
05-03-2025	West Bengal	Birbhum	Potato	850	501
03-08-2023	Himachal Pradesh	Mandi(Mandi)	Potato	1800	3092
10-06-2023	Haryana	Shahzadpur	Potato	900	3903
11-03-2025	Uttar Pradesh	Gazipur	Onion	2750	2230
30-04-2024	Jammu & Kashmir	Akhnoor	Potato	1300	4063
24-12-2023	Madhya Pradesh	Dindori	Wheat	2400	346
03-12-2024	Punjab	Malout	Potato	800	2930
31-05-2025	Haryana	Raipur Rai	Potato	800	2412
17-09-2023	Uttar Pradesh	Ghaziabad	Onion	2100	4640
04-11-2024	Uttar Pradesh	Chirgaon	Potato	2150	1480
14-06-2024	Uttar Pradesh	Jagnair	Potato	1225	134
19-03-2024	Uttar Pradesh	Hardoi	Onion	1995	510
06-06-2023	Kerala	Ettumanoor	Potato	2900	2996
27-08-2024	Uttar Pradesh	Muzzafarnagar	Potato	2350	4429
06-06-2023	Bihar	Barbigha	Wheat	2250	3947
24-07-2024	Uttar Pradesh	Jaunpur	Onion	3000	4926
12-02-2025	Punjab	Kot ise Khan	Potato	900	1655
27-05-2025	Manipur	Thoubal	Potato	1750	3726
30-09-2023	Uttar Pradesh	Lucknow	Onion	2070	1418
07-03-2024	Uttar Pradesh	Gurusarai	Potato	1060	3453
28-08-2024	Tamilnadu	Virudhunagar(Uzhavar Sandhai )	Potato	5600	2114
07-05-2024	Kerala	Piravam	Onion	2500	2804
27-02-2024	Punjab	Samrala	Potato	550	662
27-12-2023	Uttar Pradesh	Chutmalpur	Onion	1900	2812
17-05-2025	Tamilnadu	Kumbakonam (Uzhavar Sandhai )	Potato	3600	2392
28-01-2024	Rajasthan	Bhinmal	Onion	1950	453
24-09-2023	Uttar Pradesh	Atarra	Potato	1125	1958
08-01-2025	Meghalaya	Shillong	Potato	2200	4564
19-12-2023	Maharashtra	Akola	Potato	1300	4714
24-03-2024	Uttar Pradesh	Varanasi(F&V)	Potato	1400	3162
13-12-2023	Haryana	Safidon	Onion	2000	1312
20-04-2025	Rajasthan	Bhilwara	Onion	1500	4728
22-04-2024	Uttar Pradesh	Jagnair	Potato	1225	1820
06-11-2024	Tamilnadu	Hosur(Uzhavar Sandhai )	Potato	5000	4174
18-11-2024	West Bengal	Kalyani	Onion	4900	4596
06-03-2025	Uttar Pradesh	Purwa	Potato	985	2651
07-08-2023	Madhya Pradesh	Mahidpur	Wheat	2490	1191
26-03-2025	Uttar Pradesh	Puwaha	Potato	1240	2537
16-08-2024	Uttar Pradesh	Gurusarai	Onion	3000	453
24-07-2024	Uttar Pradesh	Bareilly	Potato	2195	2101
18-08-2023	Maharashtra	Kopargaon	Onion	2000	2038
14-07-2024	Haryana	Sonepat(Kharkhoda)	Onion	3500	4493
12-06-2023	Uttar Pradesh	Purwa	Wheat	2200	2825
09-09-2023	Punjab	Ludhiana	Onion	1750	2454
14-10-2023	Nagaland	Mokokchung Town	Onion	3000	797
20-06-2023	Punjab	GarhShankar (Kotfatuhi)	Onion	1000	2051
03-07-2023	Delhi	Azadpur	Onion	1563	2366
22-12-2023	Uttar Pradesh	Atarra	Onion	1900	171
07-11-2023	Bihar	Jamui	Potato	1250	2507
24-02-2024	Uttar Pradesh	Bareilly	Onion	1310	1064
09-12-2024	Uttar Pradesh	Firozabad	Potato	1970	286
26-08-2023	Bihar	Aarah	Potato	1700	2713
21-11-2024	Tamilnadu	Velayuthampalayam(Uzhavar Sandhai )	Potato	7000	2713
26-03-2025	Uttar Pradesh	Muradnagar	Potato	800	4270
01-03-2025	Chattisgarh	Rajnandgaon	Onion	2100	248
23-06-2023	Himachal Pradesh	Muskara	Tomato	1850	3387
02-07-2023	Andhra Pradesh	Venkateswarnagar	Potato	2000	1035
10-09-2024	Maharashtra	Rahata	Onion	3700	2584
21-06-2023	Nagaland	Kipheri	Tomato	2330	3366
18-11-2024	Uttar Pradesh	Auraiya	Potato	1950	2159
23-04-2024	Rajasthan	Baran	Potato	1000	2018
18-01-2025	Uttar Pradesh	Allahabad	Potato	1250	1230
25-03-2025	Uttar Pradesh	Meerut	Potato	1070	2291
20-11-2023	Himachal Pradesh	Kangra(Baijnath)	Potato	1900	2668
12-06-2024	Uttar Pradesh	Bangarmau	Potato	1785	2498
24-03-2025	Haryana	Radaur	Potato	700	3944
24-08-2024	Maharashtra	Kalvan	Onion	3750	4329
18-10-2024	Maharashtra	Devala	Onion	4200	957
18-10-2023	Gujarat	Rajula	Wheat	2535	4927
30-07-2024	Rajasthan	Madanganj Kishangarh	Potato	2400	1100
27-05-2025	Maharashtra	Lasalgaon(Niphad)	Onion	1300	3069
02-09-2023	Karnataka	Bangalore	Onion	1800	4870
13-11-2023	Haryana	New Grain Market(main), Karnal	Onion	3500	4342
09-11-2023	West Bengal	Kalyani	Potato	1540	1733
25-06-2023	Madhya Pradesh	Khategaon	Wheat	2250	2187
16-08-2024	Orissa	Hindol	Potato	3800	4620
19-06-2023	Uttar Pradesh	Jasra	Onion	1150	2963
09-10-2023	Uttar Pradesh	Mahoba	Onion	2070	1400
28-09-2023	Himachal Pradesh	Hamirpur(Nadaun)	Potato	1400	790
12-01-2024	Uttar Pradesh	Banthara	Wheat	2532	4970
30-06-2023	Haryana	Ch. Dadri	Potato	1200	2204
15-05-2024	Uttar Pradesh	Khairagarh	Onion	1250	3446
07-08-2023	Kerala	Kanjirappally	Potato	3800	276
16-12-2023	Orissa	Keonjhar	Potato	2000	1866
11-06-2025	Tamilnadu	Chokkikulam(Uzhavar Sandhai )	Potato	5500	3028
07-09-2023	Uttar Pradesh	Chirgaon	Onion	1750	4685
02-02-2025	West Bengal	Indus(Bankura Sadar)	Potato	1240	1580
02-12-2023	Uttar Pradesh	Milak	Potato	1010	371
07-10-2024	Andhra Pradesh	Hanmarkonda(Rythu Bazar)	Onion	6000	4572
25-11-2024	Meghalaya	Shillong	Potato	3000	1889
09-11-2024	Uttar Pradesh	Hasanpur	Onion	1850	2469
08-07-2023	Punjab	Dasuya	Onion	1900	4405
05-06-2025	West Bengal	Chakdah	Onion	1350	2578
06-06-2025	Karnataka	Davangere	Potato	2200	1646
13-04-2024	Punjab	Garh Shankar	Onion	1400	2204
06-02-2024	Gujarat	Porbandar	Potato	1500	197
30-12-2023	Himachal Pradesh	Mandi(Mandi)	Potato	700	1742
09-08-2023	Maharashtra	Amarawati	Wheat	2500	2923
22-05-2024	Madhya Pradesh	Sarangpur	Onion	305	3231
09-09-2023	Haryana	Ballabhgarh	Onion	1800	2347
26-03-2024	Uttar Pradesh	Naanpara	Onion	1950	3871
28-04-2025	Maharashtra	Kamthi	Potato	2000	4239
09-05-2024	Uttar Pradesh	Shahabad(New Mandi)	Potato	1770	4650
20-05-2025	West Bengal	Purulia	Potato	1300	2442
26-05-2025	Tamilnadu	Ammapet(Uzhavar Sandhai )	Potato	4000	1254
19-03-2024	Orissa	Kendrapara(Marshaghai)	Potato	1400	2160
04-01-2024	Haryana	Ch. Dadri	Onion	1900	1933
27-10-2023	Gujarat	Dahod	Wheat	2820	3962
12-10-2024	Tamilnadu	Pattukottai(Uzhavar Sandhai )	Potato	5400	4524
25-04-2025	Gujarat	Surat	Potato	1000	3898
05-10-2024	Tamilnadu	Dharmapuri(Uzhavar Sandhai )	Onion	5600	585
06-02-2024	Maharashtra	Khed(Chakan)	Onion	1200	1397
28-11-2024	Tamilnadu	Sulur(Uzhavar Sandhai )	Onion	7000	3526
23-12-2023	Punjab	Sultanpur	Potato	500	959
21-06-2023	Maharashtra	Barshi	Wheat	2400	4040
06-03-2025	Kerala	Nedumkandam	Potato	3000	2066
05-07-2023	Uttar Pradesh	Sitapur	Wheat	2270	2022
08-12-2023	Madhya Pradesh	Rajnagar	Wheat	2400	2854
07-04-2025	Haryana	Ch. Dadri	Potato	850	1199
14-09-2024	Haryana	Hodal	Potato	1900	4498
07-02-2025	Uttar Pradesh	Fatehpur	Onion	1770	2498
17-05-2024	Uttar Pradesh	Moth	Potato	1800	4307
20-11-2023	Uttar Pradesh	Nawabganj	Potato	1150	2124
27-11-2024	Tamilnadu	Muthupettai(Uzhavar Sandhai )	Onion	5000	3508
08-03-2024	Haryana	Sadhaura	Potato	600	734
19-10-2023	Orissa	Chandabali	Onion	2450	2254
17-10-2023	Gujarat	Kalol	Wheat	2550	4557
14-07-2024	Uttar Pradesh	Chaandpur	Onion	1900	2258
23-10-2023	West Bengal	Asansol	Onion	3100	1203
26-04-2024	Orissa	Kamakhyanagar	Onion	3000	439
31-05-2025	Uttar Pradesh	Amroha	Rice	3270	954
16-10-2024	Maharashtra	Lasalgaon	Onion	3581	4171
15-06-2023	Uttar Pradesh	Dhanaura	Onion	900	392
21-06-2023	Orissa	Saharpada	Onion	2500	3479
04-12-2023	Meghalaya	Nongstoin	Onion	3600	4963
02-09-2023	Gujarat	Bagasara	Wheat	2475	1743
05-07-2023	Uttar Pradesh	Chirgaon	Wheat	2150	3406
16-03-2025	Rajasthan	Sikar	Onion	1200	4205
17-10-2023	Kerala	Thalayolaparambu	Onion	3300	4366
21-08-2024	Rajasthan	Udaipur (F&V)	Onion	2750	2432
03-03-2025	Uttar Pradesh	Khurja	Onion	2650	2835
16-11-2023	Uttar Pradesh	Muradabad	Wheat	2420	4564
26-03-2024	Madhya Pradesh	Indore	Onion	1491	2610
11-08-2024	Kerala	Munnar	Onion	5000	3239
06-05-2024	Uttar Pradesh	Nagina	Potato	1500	1061
04-07-2023	Haryana	kalanwali	Onion	1000	577
14-09-2023	Rajasthan	Rajsamand	Potato	1400	4295
20-09-2024	Uttar Pradesh	Bahraich	Potato	2275	3679
07-06-2025	Rajasthan	Madanganj Kishangarh	Potato	1500	3262
31-07-2023	Haryana	Jakhal	Potato	1000	961
26-09-2024	Andhra Pradesh	Warangal	Potato	3100	2362
23-09-2023	Uttar Pradesh	Firozabad	Wheat	2370	3097
09-02-2025	Haryana	Ballabhgarh	Potato	1000	1201
29-02-2024	Haryana	Jakhal	Onion	1600	3521
23-10-2023	Haryana	Ballabhgarh	Tomato	1400	270
31-08-2023	Madhya Pradesh	Mahidpur	Onion	365	870
15-01-2024	Haryana	Pipli	Potato	310	3551
15-05-2025	Kerala	Kottarakkara	Potato	3700	4082
26-11-2024	Uttar Pradesh	Aligarh	Potato	2060	4169
17-02-2025	Punjab	Faridkot	Potato	800	4136
13-11-2023	Madhya Pradesh	Bijawar	Wheat	2350	1393
26-10-2023	Punjab	Phagwara	Onion	4190	1583
20-05-2024	Madhya Pradesh	Shajapur	Onion	974	1882
15-03-2025	Gujarat	Navsari	Potato	1550	2518
26-09-2024	Punjab	Nabha	Onion	4350	2240
18-03-2024	Kerala	Vamanapuram	Potato	3200	1867
18-09-2023	West Bengal	Balarampur	Potato	1240	2421
01-12-2023	Uttar Pradesh	Anwala	Onion	3500	3380
28-04-2025	Uttar Pradesh	Milak	Potato	1105	3683
28-08-2024	Uttar Pradesh	Banda	Potato	2375	1072
04-10-2023	Maharashtra	Bhokar	Wheat	2141	1710
22-03-2025	Orissa	Jharsuguda	Potato	2000	4684
22-06-2024	Bihar	Bahadurganj	Potato	2100	3114
10-06-2023	Orissa	Rayagada	Onion	1250	4591
23-02-2025	Uttar Pradesh	Bareilly	Potato	750	3992
16-05-2025	Tamilnadu	Sirkali(Uzhavar Sandhai )	Potato	4000	463
04-12-2024	Uttar Pradesh	Najibabad	Potato	2000	1313
10-04-2024	Uttar Pradesh	Mainpuri	Potato	1490	1072
08-03-2025	Assam	Golagokarnath	Potato	860	366
16-12-2023	West Bengal	Alipurduar	Potato	1100	2654
10-03-2025	West Bengal	Birbhum	Onion	2400	2840
18-09-2024	Uttar Pradesh	Noida	Potato	2260	4676
28-07-2023	Maharashtra	Shree Salasar Krushi Bazar	Wheat	2000	979
07-03-2024	Uttar Pradesh	Shikohabad	Potato	850	1275
04-08-2024	Uttar Pradesh	Bhehjoi	Potato	2005	2050
02-05-2025	Uttar Pradesh	Aligarh	Rice	3430	530
23-07-2024	Tamilnadu	Mohanur(Uzhavar Sandhai )	Onion	5000	389
24-02-2024	West Bengal	Champadanga	Onion	2200	3844
07-12-2023	Madhya Pradesh	Malthone	Wheat	2390	400
27-01-2025	Uttar Pradesh	Jhansi	Potato	980	4303
15-07-2024	Rajasthan	Baran	Potato	1250	2916
08-08-2023	Uttar Pradesh	Bareilly	Potato	1262	4946
27-09-2024	Kerala	Thrippunithura	Onion	5600	4938
12-02-2024	Maharashtra	Shevgaon	Onion	900	3530
31-12-2023	West Bengal	Purulia	Potato	940	2230
29-11-2023	Uttar Pradesh	Sultanpur	Potato	1150	255
09-06-2024	Bihar	Murliganj	Potato	2100	2056
28-05-2025	Uttar Pradesh	Bangarmau	Onion	1140	3301
04-08-2023	Uttar Pradesh	Bangarmau	Onion	1560	4454
27-05-2024	Kerala	Thodupuzha	Potato	4000	2134
27-06-2023	West Bengal	Ranaghat	Tomato	8000	4563
13-12-2024	Haryana	Siwan	Potato	1500	155
24-12-2024	Himachal Pradesh	Kangra(Baijnath)	Potato	2200	312
24-04-2024	 Punjab	Fazilka	Onion	2000	886
28-01-2025	Punjab	Kapurthala	Potato	900	3973
10-08-2023	Punjab	Rayya	Onion	1900	1604
10-05-2024	Bihar	Sheohar	Onion	2300	4705
22-04-2025	Orissa	Bargarh	Onion	2700	1771
20-07-2023	Kerala	Kayamkulam	Onion	2000	4442
27-11-2024	Uttar Pradesh	Ghaziabad	Onion	4150	3785
23-07-2023	Uttar Pradesh	Mehrauni	Wheat	2200	4667
17-01-2024	Andhra Pradesh	Gudimalkapur	Potato	1200	511
29-12-2024	Tamilnadu	Virudhunagar(Uzhavar Sandhai )	Potato	5600	2335
26-11-2023	West Bengal	Kalyani	Onion	5100	2741
09-07-2023	West Bengal	Bishnupur(Bankura)	Potato	1380	4960
22-05-2025	West Bengal	Nadia	Onion	1500	1708
21-07-2023	Uttar Pradesh	Bindki	Tomato	7750	358
15-12-2023	Kerala	Thrippunithura	Onion	5000	3570
22-09-2023	Punjab	Malerkotla	Potato	600	3281
20-09-2023	Delhi	Shahdara	Onion	1800	2352
09-12-2024	Tamilnadu	Velayuthampalayam(Uzhavar Sandhai )	Potato	7000	4376
11-12-2024	Tamilnadu	Mannargudi I(Uzhavar Sandhai )	Potato	4800	4139
27-07-2023	Uttar Pradesh	Firozabad	Potato	970	1332
16-02-2025	Uttar Pradesh	Bahraich	Onion	2100	2897
19-12-2023	Madhya Pradesh	Jabalpur(F&V)	Potato	1300	4971
11-04-2024	Uttar Pradesh	Achalda	Potato	1490	592
29-04-2025	Kerala	Pampady	Onion	2000	4571
15-11-2023	Uttar Pradesh	Mugrabaadshahpur	Wheat	2400	4414
30-12-2023	Uttar Pradesh	Siyana	Onion	2200	274
04-11-2024	Tamilnadu	Thalavaipuram(Uzhavar Sandhai )	Onion	6500	2470
17-02-2024	Uttar Pradesh	Chutmalpur	Onion	1850	574
08-02-2024	Orissa	Keonjhar	Potato	1600	2036
17-07-2023	Himachal Pradesh	Mandi(Takoli)	Tomato	5000	1161
15-06-2023	Punjab	Ludhiana	Tomato	400	4213
07-11-2024	West Bengal	Birbhum	Onion	4400	4058
05-03-2024	Uttar Pradesh	Ghaziabad	Potato	1100	2311
16-06-2023	Uttar Pradesh	Madhoganj	Onion	1090	3045
02-04-2024	Andhra Pradesh	Sadasivpet	Onion	1242	2386
31-10-2024	Tamilnadu	Thalavaipuram(Uzhavar Sandhai )	Potato	7000	3659
14-11-2024	Himachal Pradesh	Kangra(Jaisinghpur)	Potato	2600	1164
06-06-2024	Kerala	Vandiperiyar	Onion	5400	2545
04-08-2024	Tamilnadu	Kahithapattarai(Uzhavar Sandhai )	Onion	4200	4693
01-02-2024	Himachal Pradesh	Shimla	Onion	2200	590
03-08-2024	Uttar Pradesh	Gonda	Potato	2200	3032
03-10-2023	Gujarat	Amreli	Wheat	2645	845
29-07-2024	Bihar	Brahmpur	Potato	2800	852
26-02-2024	Gujarat	Porbandar	Potato	1500	4413
06-09-2023	Maharashtra	Pimpalgaon Baswant(Saykheda)	Onion	1800	3787
18-07-2023	Maharashtra	Shree Rameshwar Krushi Market	Onion	1195.98	657
14-05-2025	Uttar Pradesh	Tamkuhi road	Rice	2870	1624
29-08-2023	Punjab	Bhawanigarh	Tomato	3250	856
18-03-2024	West Bengal	Purulia	Potato	1380	855
27-12-2023	Uttar Pradesh	Chaandpur	Potato	900	4845
31-07-2023	Madhya Pradesh	Bagli	Wheat	2119	3611
12-08-2023	Orissa	Kamakhyanagar	Tomato	8000	1029
06-10-2024	Orissa	Jharsuguda	Potato	3500	2417
14-05-2024	West Bengal	Rampurhat	Potato	1800	1932
16-12-2024	Rajasthan	Goluwala	Potato	1800	2503
10-04-2025	Haryana	Punhana	Onion	1900	2949
14-10-2024	Maharashtra	Akola	Onion	2500	1835
19-09-2023	Himachal Pradesh	Kangra(Nagrota Bagwan)	Onion	2900	2253
17-11-2023	Gujarat	Rajkot(Veg.Sub Yard)	Potato	1600	1265
09-03-2024	Gujarat	Jetpur(Dist.Rajkot)	Onion	1250	3484
22-12-2023	Haryana	Panipat	Potato	550	2188
03-11-2023	Gujarat	Kapadvanj	Wheat	2550	2791
03-06-2024	Uttar Pradesh	Bahedi	Onion	1445	1439
26-03-2024	Gujarat	Bilimora	Potato	2200	2687
22-04-2025	Madhya Pradesh	Lashkar(F&V)	Onion	1000	1694
10-06-2025	Gujarat	Kapadvanj	Potato	1200	4784
02-12-2024	Himachal Pradesh	Dharamshala	Potato	3000	2471
19-11-2024	Jammu & Kashmir	Rajouri (F&V)	Onion	5800	1363
27-01-2024	Uttar Pradesh	Lucknow	Onion	2000	191
02-10-2024	Uttar Pradesh	Bangarmau	Onion	3950	3452
26-02-2024	Punjab	Nabha	Onion	1470	3017
23-08-2023	Uttar Pradesh	Kishunpur	Wheat	2250	4218
14-06-2023	Chhattisgarh	Bilaspur	Onion	1500	1656
07-09-2023	Uttar Pradesh	Mathura	Onion	1900	2997
11-12-2023	Rajasthan	Chhabra	Wheat	2538	3187
30-11-2023	West Bengal	Karimpur	Wheat	2300	3786
02-09-2023	Haryana	Rewari	Potato	1000	2742
03-11-2023	Haryana	Panipat	Onion	3100	867
21-09-2024	Bihar	Forbesganj	Potato	2500	2538
02-02-2025	Uttar Pradesh	Badayoun	Potato	990	434
29-09-2024	Uttar Pradesh	Bindki	Onion	4190	2607
19-07-2024	Bihar	Jehanabad	Onion	3600	576
12-06-2023	Uttar Pradesh	Bahraich	Onion	1200	1749
12-09-2023	Uttar Pradesh	Fatehpur	Wheat	2330	1171
09-11-2024	Kerala	Kondotty	Potato	3500	2393
21-06-2023	Madhya Pradesh	Khategaon	Wheat	2240	2082
10-09-2023	Karnataka	Kolar	Potato	3500	1958
02-08-2023	Uttar Pradesh	Divai	Wheat	2200	1750
29-10-2024	Tamilnadu	Devaram(Uzhavar Sandhai )	Potato	4400	3099
30-08-2023	Uttar Pradesh	Fatehpur Sikri	Wheat	2295	859
18-09-2023	Rajasthan	Barodamev	Wheat	2330	3689
06-10-2024	Tamilnadu	Velayuthampalayam(Uzhavar Sandhai )	Potato	7000	2766
15-09-2023	Karnataka	Kadur	Onion	1850	586
30-03-2024	Gujarat	Porbandar	Potato	1750	100
16-07-2024	Madhya Pradesh	Narsinghgarh	Onion	2700	4460
12-11-2024	Tamilnadu	Velayuthampalayam(Uzhavar Sandhai )	Onion	8000	3018
03-04-2024	Maharashtra	Satara	Onion	1250	2974
27-11-2024	Tamilnadu	Aruppukottai(Uzhavar Sandhai )	Potato	7000	2520
08-01-2024	Uttar Pradesh	Banda	Wheat	2450	1644
12-11-2023	Uttar Pradesh	Atarra	Onion	3850	2711
10-11-2024	Uttar Pradesh	Hardoi	Onion	4050	1263
18-04-2024	Uttar Pradesh	Firozabad	Potato	1590	308
22-07-2023	Maharashtra	Pachora	Wheat	2200	3110
02-02-2024	Kerala	Kollam	Potato	2900	4232
19-10-2023	Rajasthan	Bhadara	Onion	2500	4396
01-09-2024	Orissa	Bargarh(Barapalli)	Onion	3500	1877
22-03-2025	Uttar Pradesh	Khatauli	Onion	900	1511
08-06-2023	Uttar Pradesh	Devariya	Potato	980	4151
02-05-2024	Himachal Pradesh	Kullu	Onion	2200	166
12-07-2023	Haryana	Safidon	Potato	1000	2993
07-07-2023	Karnataka	Bangalore	Potato	1500	349
07-02-2025	Madhya Pradesh	Manawar(F&V)	Onion	1900	4641
02-11-2023	Uttar Pradesh	Hasanpur	Onion	1850	409
12-06-2023	Maharashtra	Solapur	Tomato	1500	3193
07-08-2023	Uttar Pradesh	Chorichora	Onion	1600	2704
21-06-2023	Andhra Pradesh	Miryalguda(Rythu Bazar)	Potato	3000	596
07-05-2025	Uttar Pradesh	Ghiraur	Potato	1150	817
09-07-2024	Maharashtra	Ramtek	Onion	4100	2347
24-02-2025	Uttar Pradesh	Partaval	Onion	2780	3078
12-07-2024	Uttar Pradesh	Pratapgarh	Onion	2500	963
27-05-2024	Uttar Pradesh	Firozabad	Potato	1700	3805
06-06-2025	Madhya Pradesh	Katni	Potato	800	1901
07-04-2025	Uttar Pradesh	Allahabad	Onion	1750	2670
24-09-2024	Uttar Pradesh	Mehmoodabad	Potato	2150	3122
15-01-2024	Uttar Pradesh	Ghiraur	Wheat	2495	1212
06-07-2023	Chhattisgarh	Tiphra	Potato	1900	1740
11-09-2023	Uttar Pradesh	Devariya	Potato	1180	1469
09-09-2024	Tamilnadu	Thanjavur(Uzhavar Sandhai )	Potato	4600	2823
21-05-2025	Maharashtra	Hingna	Potato	2100	2491
29-04-2024	Punjab	Kot ise Khan	Potato	900	1713
11-06-2023	Madhya Pradesh	Khargone	Onion	600	1341
22-03-2024	Haryana	Sonepat	Potato	1300	2786
09-09-2023	Uttar Pradesh	Fatehpur	Onion	2240	2990
26-05-2025	Tamilnadu	Avallapalli(Uzhavar Sandhai )	Potato	3000	2405
13-09-2024	Maharashtra	Pune(Khadiki)	Potato	2200	4014
30-10-2024	Gujarat	Dahod(Veg. Market)	Potato	2600	4225
04-12-2024	Tamilnadu	Rajapalayam(Uzhavar Sandhai )	Potato	4600	1500
09-02-2024	Kerala	Vamanapuram	Potato	3200	3313
27-09-2023	Chattisgarh	Durg	Onion	1800	4161
29-10-2023	Madhya Pradesh	Suthalia	Wheat	2500	3145
09-08-2023	Gujarat	Anand(Veg,Yard,Anand)	Onion	1800	1281
07-02-2025	Orissa	Keonjhar	Onion	3500	1908
13-05-2024	Uttar Pradesh	Firozabad	Potato	1680	4765
29-04-2024	Uttar Pradesh	Rampur	Onion	1670	2900
27-08-2024	Uttar Pradesh	Bijnaur	Potato	2240	2535
29-08-2023	Uttar Pradesh	Lalitpur	Wheat	2360	3540
30-08-2023	Rajasthan	Udaipur (F&V)	Onion	1600	4994
31-08-2023	Uttar Pradesh	Gulavati	Potato	800	763
08-04-2025	Rajasthan	Abu Road	Potato	800	403
18-07-2023	Orissa	Jajpur	Onion	2200	4816
25-02-2025	West Bengal	Jalpaiguri Sadar	Potato	1150	918
05-11-2023	Uttar Pradesh	Kiratpur	Potato	950	2125
17-02-2025	Kerala	Chengannur	Onion	7000	3718
09-04-2025	Kerala	Ettumanoor	Onion	5000	2192
08-11-2024	Maharashtra	Mankamneshwar Farmar Producer CoLtd Sanchalit Mank	Onion	5429.5	1896
26-01-2024	Uttar Pradesh	Gonda	Potato	870	3764
11-08-2024	Haryana	Ladwa	Potato	2300	3985
02-08-2024	Orissa	Bargarh(Barapalli)	Onion	3700	1091
25-09-2023	Kerala	Kottakkal	Potato	2850	2861
24-10-2024	Karnataka	Bangalore	Potato	2500	4636
22-11-2024	Tamilnadu	Theni(Uzhavar Sandhai )	Onion	7000	4716
30-04-2024	Gujarat	Surat	Potato	1925	3329
19-03-2024	Uttar Pradesh	Bharthna	Potato	1350	2330
02-09-2023	Kerala	Thodupuzha	Onion	6000	4401
29-10-2023	Uttar Pradesh	Pratapgarh	Onion	3400	3090
13-01-2024	Orissa	Bargarh(Barapalli)	Onion	1700	563
07-12-2023	Uttar Pradesh	Lalitpur	Onion	2700	2373
08-12-2023	Maharashtra	Pune(Pimpri)	Onion	4000	1245
20-03-2024	Orissa	Khariar Road	Potato	2500	2137
30-10-2023	West Bengal	Pandua	Potato	1480	1618
11-12-2023	Rajasthan	Palsana	Wheat	2550	529
21-02-2024	Punjab	Doraha	Potato	600	4891
17-03-2025	Tamilnadu	Thalavadi(Uzhavar Sandhai )	Potato	3500	1862
24-10-2023	West Bengal	Ranaghat	Onion	4000	774
16-08-2023	West Bengal	Barasat	Onion	3200	2208
06-03-2024	Rajasthan	Churu	Potato	1000	3646
07-10-2023	Uttar Pradesh	Atrauli	Potato	950	3467
16-01-2025	Tamilnadu	Srivilliputhur(Uzhavar Sandhai )	Potato	5000	2425
27-10-2023	Chhattisgarh	Bilaspur	Tomato	1800	4015
18-02-2025	Gujarat	Anand(Veg,Yard,Anand)	Potato	1250	2839
11-03-2025	Maharashtra	Dindori(Vani)	Onion	1401	3760
21-12-2024	Uttar Pradesh	Bharthna	Potato	1705	4861
08-04-2024	Rajasthan	Hanumangarh Town	Onion	1400	1623
03-07-2023	Uttar Pradesh	Jasra	Onion	1230	3360
20-10-2023	Uttar Pradesh	Achalda	Wheat	2400	1588
28-11-2024	Kerala	Pothencode	Potato	27040	3643
01-06-2025	Uttar Pradesh	Fatehpur	Onion	1200	3186
25-10-2024	Uttar Pradesh	Hargaon (Laharpur)	Onion	3100	1835
19-02-2024	Karnataka	Channarayapatna	Potato	3000	1378
04-07-2024	West Bengal	Sheoraphuly	Potato	2740	3862
29-08-2024	Orissa	Khariar	Potato	3000	2532
21-07-2023	Gujarat	Radhanpur	Wheat	2200	4605
07-06-2024	Haryana	Barwala	Potato	1100	3113
19-05-2025	Tamilnadu	Palayamkottai(Uzhavar Sandhai )	Potato	3200	1951
11-08-2024	Haryana	Ganaur	Onion	3500	1985
19-05-2024	Uttar Pradesh	Fatehpur	Onion	1520	2384
31-12-2023	Uttar Pradesh	Pratapgarh	Wheat	2490	3271
08-07-2024	Uttar Pradesh	Etawah	Onion	2870	2491
10-06-2024	West Bengal	Karimpur	Potato	2470	3948
24-05-2025	West Bengal	Belacoba	Potato	1265	970
21-05-2025	Karnataka	Gangavathi	Rice	2600	1324
11-07-2024	West Bengal	Sainthia	Onion	3700	4944
24-10-2024	Tamilnadu	Elampillai(Uzhavar Sandhai )	Potato	5000	4416
12-10-2023	Uttar Pradesh	Azamgarh	Wheat	2380	4054
19-04-2025	Tamilnadu	Kundrathur(Uzhavar Sandhai )	Onion	3500	4574
10-09-2023	Orissa	Bargarh	Potato	2200	1147
23-10-2024	Rajasthan	Sujangarh	Onion	2300	717
26-10-2023	Madhya Pradesh	Bhopal(F&V)	Onion	2000	564
03-07-2023	Uttar Pradesh	Shahganj	Onion	1300	4815
08-06-2023	Orissa	Koraput(Semilguda)	Tomato	3000	3572
22-09-2023	Orissa	Kendrapara	Potato	1600	2170
24-07-2024	Maharashtra	Sangamner	Onion	1750	1856
21-05-2025	Gujarat	Kapadvanj	Potato	1175	2065
29-01-2024	Uttar Pradesh	Jaunpur	Potato	690	4695
18-10-2023	Punjab	GarhShankar (Kotfatuhi)	Potato	900	1528
09-02-2025	Himachal Pradesh	Solan	Onion	2800	3903
25-06-2023	Rajasthan	Bhilwara	Tomato	3500	2896
14-08-2023	Meghalaya	Baghmara	Tomato	9500	786
08-04-2025	West Bengal	Purulia	Rice	3550	774
22-12-2023	Madhya Pradesh	Vidisha	Wheat	2200	2318
03-12-2024	Rajasthan	Kota (F&V)	Potato	1825	4152
28-02-2025	Uttar Pradesh	Jafarganj	Potato	930	3775
14-12-2023	Madhya Pradesh	Itarsi	Wheat	2475	2193
25-11-2024	Madhya Pradesh	Soyatkalan	Onion	2805	4215
08-11-2023	Orissa	Chatta Krushak Bazar	Potato	1700	4003
30-04-2025	Kerala	Chengannur	Onion	4000	4605
08-08-2023	Uttar Pradesh	Naanpara	Potato	1230	1310
14-08-2023	West Bengal	Belacoba	Onion	2400	4970
21-04-2025	Madhya Pradesh	Mandsaur	Onion	100	4660
17-09-2024	Uttar Pradesh	Gazipur	Onion	3700	1813
15-05-2025	Haryana	Radaur	Onion	1000	3841
26-11-2024	Uttar Pradesh	Badayoun	Onion	4110	210
08-11-2023	West Bengal	Durgapur	Wheat	2550	3093
05-08-2023	Maharashtra	Pune(Khadiki)	Onion	1100	3648
31-03-2024	Punjab	Barnala	Potato	850	872
27-10-2023	Assam	Lakhimpur	Wheat	2330	2456
30-04-2024	West Bengal	Birbhum	Potato	1900	4816
27-10-2024	Tamilnadu	Kulithalai(Uzhavar Sandhai )	Onion	6000	3083
05-03-2024	Uttar Pradesh	Anoop Shahar	Potato	800	2007
21-05-2025	Uttar Pradesh	Shahabad(New Mandi)	Onion	1180	3604
16-06-2023	Maharashtra	Vai	Tomato	1500	4015
26-03-2024	Madhya Pradesh	Garhakota	Onion	710	3491
04-10-2023	Uttar Pradesh	Tundla	Potato	880	410
19-04-2025	Haryana	New Grain Market(main), Karnal	Potato	950	2370
29-06-2023	Uttar Pradesh	Firozabad	Potato	870	574
18-04-2024	Haryana	kalanwali	Onion	1400	3585
08-04-2025	Tamilnadu	Thalavaipuram(Uzhavar Sandhai )	Onion	3000	3855
13-04-2024	West Bengal	Balarampur	Onion	1800	3830
12-05-2025	West Bengal	Bara Bazar (Posta Bazar)	Potato	1560	4663
14-08-2024	Tamilnadu	Anaiyur(Uzhavar Sandhai )	Potato	6500	4634
21-07-2023	Uttar Pradesh	Mahoba	Onion	1530	4023
24-01-2025	Chattisgarh	Durg	Potato	2000	1952
31-01-2024	Uttar Pradesh	Mehmoodabad	Onion	1770	1281
21-05-2024	Madhya Pradesh	Indore	Onion	1572	4913
05-06-2024	Uttar Pradesh	Partaval	Potato	1800	4395
26-09-2024	Uttar Pradesh	Unnao	Potato	2115	1617
29-11-2023	West Bengal	Barasat	Onion	5000	1002
30-08-2024	Gujarat	Vadhvan	Potato	2750	2949
17-05-2025	Tamilnadu	Paramathivelur(Uzhavar Sandhai )	Onion	3000	1663
25-01-2025	Tamilnadu	Tirupatthur(Uzhavar Sandhai )	Potato	5500	4342
09-03-2025	Uttar Pradesh	Achnera	Onion	2420	1965
26-09-2023	Bihar	Nokha	Potato	1400	1261
03-06-2025	Rajasthan	Udaipur (F&V)	Potato	1250	1476
08-07-2023	Uttar Pradesh	Buland Shahr	Tomato	6200	1292
28-11-2023	Uttar Pradesh	Aligarh	Onion	3370	1243
17-06-2023	Maharashtra	Nagpur	Onion	1725	4938
09-02-2024	West Bengal	Uluberia	Onion	2000	1438
21-02-2025	Maharashtra	Bhusaval	Onion	2200	536
21-02-2025	Uttar Pradesh	Etawah	Potato	1065	4224
26-07-2023	Uttar Pradesh	Bahraich	Tomato	8050	1747
02-02-2025	Uttar Pradesh	Mauranipur	Potato	1000	1284
02-05-2025	Uttar Pradesh	Khair	Onion	2000	3984
01-09-2023	Gujarat	Rajula	Wheat	2565	3119
29-11-2023	Jammu & Kashmir	Kathua	Onion	4100	4542
24-05-2025	Himachal Pradesh	Kangra(Jaisinghpur)	Onion	1750	3052
08-03-2025	Kerala	Pothencode	Potato	29280	1531
23-11-2024	Maharashtra	Jalgaon	Potato	2100	3368
06-09-2024	West Bengal	Asansol	Onion	4200	2631
06-08-2023	Haryana	New Grain Market(main), Karnal	Potato	850	1870
02-08-2024	Madhya Pradesh	Narsinghgarh	Onion	2400	3502
12-04-2025	Punjab	Ghanaur	Onion	1600	4349
17-04-2025	Tamilnadu	Kumbakonam (Uzhavar Sandhai )	Potato	3600	1467
07-08-2023	Rajasthan	Bayana	Wheat	2237	3486
08-08-2024	Tamilnadu	Padappai(Uzhavar Sandhai )	Onion	4000	798
30-10-2023	Madhya Pradesh	Jabalpur(F&V)	Onion	1200	2720
11-04-2024	West Bengal	Indus(Bankura Sadar)	Potato	1550	2361
20-11-2023	Rajasthan	Pratapgarh	Onion	2257	4804
08-11-2024	West Bengal	Nadia	Potato	2760	3957
20-04-2025	Tamilnadu	Palayamkottai(Uzhavar Sandhai )	Potato	2800	236
05-03-2025	Himachal Pradesh	Kangra(Jassour)	Onion	2850	2677
05-06-2024	Rajasthan	Alwar (F&V)	Potato	2000	4087
15-07-2024	 Punjab	Jalalabad	Potato	2000	1832
09-09-2023	Punjab	Doraha	Onion	2415	4774
17-10-2024	Orissa	Kesinga	Potato	4200	1495
05-08-2023	Madhya Pradesh	Kurawar	Wheat	2350	2692
26-12-2023	Bihar	Bahadurganj	Potato	1300	2694
03-11-2023	Delhi	Shahdara	Onion	4000	691
17-06-2023	Uttar Pradesh	Mahoba	Onion	1030	786
30-09-2023	Gujarat	Jetpur(Dist.Rajkot)	Onion	1355	3899
24-01-2024	Haryana	Raipur Rai	Potato	600	185
26-07-2023	Punjab	Machhiwara	Onion	1800	2147
04-11-2023	Uttar Pradesh	Bharwari	Onion	4200	1301
31-05-2025	Himachal Pradesh	Dhanotu (Mandi)	Potato	1300	4271
17-09-2024	Uttar Pradesh	Lucknow	Potato	2290	1782
16-06-2023	Andhra Pradesh	Venkateswarnagar	Potato	1800	4123
01-11-2023	Bihar	Danapur	Potato	1600	2033
07-08-2024	Haryana	Naraingarh	Potato	1400	719
04-06-2025	Karnataka	Gangavathi	Rice	1800	3315
08-10-2024	Uttar Pradesh	Hapur	Potato	2160	893
22-09-2023	Uttar Pradesh	Barabanki	Tomato	1650	1879
30-04-2024	Gujarat	Palitana	Potato	2350	2897
02-06-2025	Uttar Pradesh	Sandi	Onion	1170	578
21-10-2024	Tamilnadu	Katpadi (Uzhavar Sandhai )	Potato	5000	1054
11-07-2023	Rajasthan	Jodhpur (F&V)	Potato	900	4856
19-04-2025	Himachal Pradesh	Kangra(Nagrota Bagwan)	Potato	900	1349
17-06-2023	Orissa	Bargarh(Barapalli)	Onion	2000	2734
15-05-2025	Haryana	Shahabad	Potato	640	3805
16-05-2024	Uttar Pradesh	Gangoh	Potato	1650	2136
13-05-2024	Uttar Pradesh	Payagpur	Potato	1600	1351
25-07-2023	Haryana	Chhachrauli	Potato	1200	4998
15-07-2024	Haryana	Madlauda	Potato	2000	3875
10-07-2024	Punjab	Sunam	Potato	1200	2952
20-11-2023	Madhya Pradesh	Bagli	Wheat	2781	2488
13-04-2025	Tamilnadu	Chinnalapatti(Uzhavar Sandhai )	Onion	3000	4642
19-10-2023	Karnataka	Hubli (Amaragol)	Onion	1650	1449
18-06-2023	Karnataka	Mulabagilu	Tomato	1200	3718
04-03-2025	West Bengal	Khatra	Potato	850	3047
16-04-2025	Rajasthan	Alwar (F&V)	Onion	1600	3010
02-06-2025	Uttar Pradesh	Azamgarh	Rice	3225	1523
03-06-2025	West Bengal	Bethuadahari	Rice	4650	4018
03-10-2024	Tamilnadu	Chinnalapatti(Uzhavar Sandhai )	Potato	6000	2721
26-10-2024	Uttar Pradesh	Mahoba	Potato	2155	2272
27-02-2025	Uttar Pradesh	Noida	Potato	1020	1224
16-02-2025	Uttar Pradesh	Bharthna	Onion	2130	3368
14-07-2024	Uttar Pradesh	Dhanaura	Potato	900	2012
16-06-2023	Uttar Pradesh	Hapur	Potato	1100	4622
27-05-2024	Jammu & Kashmir	Akhnoor	Onion	1850	2373
30-08-2024	Kerala	Kayamkulam	Onion	4500	4390
13-06-2023	Orissa	Pattamundai	Potato	1600	105
11-10-2023	West Bengal	Jalpaiguri Sadar	Potato	1200	3068
23-03-2024	Kerala	Alappuzha	Onion	3200	3429
25-07-2023	Maharashtra	Satara	Tomato	6500	2675
10-05-2024	Uttar Pradesh	Nawabganj	Onion	1770	4737
02-08-2023	Punjab	Doraha	Potato	1000	4281
09-07-2024	Bihar	Danapur	Potato	3000	3242
22-06-2023	Uttar Pradesh	Aligarh	Potato	910	1839
24-11-2023	Madhya Pradesh	Jabalpur	Wheat	2572	843
27-04-2024	Haryana	New Grain Market , Panchkula	Potato	1500	523
25-11-2024	Karnataka	Udupi	Onion	4500	1844
02-02-2024	West Bengal	Dhupguri	Onion	2500	1768
23-03-2024	Punjab	Kot ise Khan	Potato	990	622
14-07-2024	Bihar	Jamui	Onion	3400	4718
04-01-2024	Uttar Pradesh	Bharthna	Potato	735	2756
08-05-2025	Chandigarh	Chandigarh(Grain/Fruit)	Onion	1100	1075
12-09-2023	Haryana	Bhiwani	Potato	1120	1430
09-08-2023	Maharashtra	Shevgaon	Wheat	2511	4814
11-10-2024	Maharashtra	Lasalgaon	Onion	4351	935
25-01-2024	Maharashtra	Nampur	Onion	100	1552
06-10-2023	Andhra Pradesh	Gudimalkapur	Onion	1800	1479
30-08-2023	Andhra Pradesh	Mahboob Manison	Onion	2200	2890
26-09-2023	Uttar Pradesh	Akbarpur	Wheat	2280	732
14-12-2024	Kerala	Pampady	Potato	5500	4956
15-03-2024	Bihar	Sheohar	Potato	1300	4728
08-07-2023	Andhra Pradesh	L B Nagar	Potato	1650	495
15-04-2025	Punjab	Batala	Onion	1600	2790
10-08-2024	Kerala	Vamanapuram	Potato	3200	2681
22-07-2023	Himachal Pradesh	Shimla and Kinnaur(Rampur)	Potato	2200	3182
23-11-2023	West Bengal	Jalpaiguri Sadar	Onion	4700	2606
16-12-2023	Rajasthan	Atru	Wheat	2451	2061
28-03-2025	Uttar Pradesh	Muradabad	Onion	1920	404
03-09-2024	Bihar	Sheohar	Onion	4900	2235
20-08-2024	Nagaland	Mangkolemba	Potato	4000	3516
10-10-2024	Gujarat	Vadhvan	Onion	5250	2635
01-02-2024	Maharashtra	Manmad	Onion	1300	2899
07-04-2024	Haryana	Sonepat	Onion	1800	3290
15-12-2024	Maharashtra	Pune(Moshi)	Potato	1650	1863
16-09-2023	Orissa	Chandabali	Onion	2800	2712
18-04-2025	Tamilnadu	Avallapalli(Uzhavar Sandhai )	Onion	2500	112
15-09-2023	West Bengal	Habra	Onion	2800	2406
10-06-2023	Uttar Pradesh	Sitapur	Potato	995	4882
04-07-2023	Himachal Pradesh	Kullu	Onion	2600	2261
22-07-2024	West Bengal	Kandi	Potato	2500	1221
26-12-2023	Haryana	Fatehabad	Onion	4500	2700
27-07-2024	Tamilnadu	Sundarapuram(Uzhavar Sandhai )	Onion	3900	347
05-06-2024	Uttar Pradesh	Hardoi	Potato	1775	2969
05-04-2025	Tamilnadu	Edapadi (Uzhavar Sandhai )	Potato	3000	4066
12-08-2024	Uttar Pradesh	Muzzafarnagar	Onion	3050	4066
24-10-2023	Maharashtra	Shree Rameshwar Krushi Market	Onion	3176.11	4229
07-10-2024	Punjab	Sahnewal	Potato	1900	2811
10-10-2024	Madhya Pradesh	Morena	Potato	600	2669
10-05-2025	Orissa	Bargarh(Barapalli)	Potato	2500	4928
20-03-2024	Punjab	Bariwala	Onion	2500	774
22-08-2023	West Bengal	Kasipur	Onion	2900	2707
07-03-2025	Tamilnadu	Tiruchengode	Onion	5000	3758
05-05-2025	Uttar Pradesh	Visoli	Potato	750	1510
13-05-2024	West Bengal	Falakata	Onion	2450	3945
08-07-2023	Madhya Pradesh	Ajaygarh	Wheat	2130	1391
27-11-2024	West Bengal	Jalpaiguri Sadar	Potato	2500	2661
26-10-2024	Tamilnadu	Hosur(Uzhavar Sandhai )	Onion	6000	1289
04-08-2023	Madhya Pradesh	Badwaha	Potato	1050	864
05-12-2024	Maharashtra	Manchar	Onion	550	3063
22-07-2024	Maharashtra	Hingna	Onion	2250	3637
18-09-2024	West Bengal	Purulia	Onion	4400	170
14-11-2023	Uttar Pradesh	Ballia	Potato	1080	3830
04-11-2024	Rajasthan	Jaipur (F&V)	Onion	4000	3265
11-04-2025	Tamilnadu	Mannargudi I(Uzhavar Sandhai )	Potato	3600	3146
29-04-2025	Tamilnadu	Elampillai(Uzhavar Sandhai )	Onion	3000	4493
11-10-2024	Tamilnadu	Thammampatti (Uzhavar Sandhai )	Onion	7000	2418
10-08-2023	Madhya Pradesh	Udaipura	Wheat	2340	2422
07-01-2025	Uttar Pradesh	Anandnagar	Potato	1900	3849
09-08-2024	Tamilnadu	Elampillai(Uzhavar Sandhai )	Potato	5000	838
05-08-2024	Maharashtra	Pune(Manjri)	Onion	2200	2100
03-01-2025	Rajasthan	Rawatsar	Potato	1400	301
24-04-2024	 Punjab	Jalalabad	Potato	750	133
04-10-2023	Uttar Pradesh	Saharanpur	Onion	2240	605
22-07-2023	Madhya Pradesh	Sanawad	Tomato	4500	1324
18-01-2025	Tamilnadu	Tirupatthur(Uzhavar Sandhai )	Potato	5500	2575
22-09-2024	Himachal Pradesh	Muskara	Potato	2150	599
15-05-2024	Uttar Pradesh	Devariya	Onion	1655	4649
09-11-2024	Bihar	Murliganj	Potato	2600	2833
06-11-2024	Andhra Pradesh	Bowenpally	Potato	2700	4906
29-10-2024	Tamilnadu	Vadavalli(Uzhavar Sandhai )	Onion	5800	1672
06-09-2024	Rajasthan	Ajmer(F&V)	Onion	3700	4101
28-01-2024	Uttar Pradesh	Sambhal	Onion	1500	3091
07-08-2023	Madhya Pradesh	Chhapiheda	Wheat	2375	1505
30-06-2024	Tamilnadu	Thammampati	Potato	50	4714
13-09-2024	Karnataka	Gowribidanoor	Onion	3500	2841
20-10-2023	West Bengal	Uluberia	Potato	1600	2903
25-06-2024	Haryana	New Grain Market , Panchkula	Potato	2500	3518
03-04-2024	Jammu & Kashmir	Rajouri (F&V)	Onion	2700	4726
30-01-2025	Tamilnadu	Attayampatti(Uzhavar Sandhai )	Potato	4500	3053
17-05-2025	Uttar Pradesh	Tilhar	Potato	1125	4712
09-09-2023	Himachal Pradesh	Muskara	Wheat	2260	2647
06-01-2024	Bihar	Jahajharpur	Potato	1200	2116
15-07-2023	Uttar Pradesh	Ajuha	Onion	1530	376
04-05-2025	Maharashtra	Karad	Onion	1300	3072
18-10-2023	Rajasthan	Chittorgarh	Potato	1100	4092
16-10-2024	Uttar Pradesh	Shahganj	Onion	4210	3035
04-11-2024	Haryana	Chhachrauli	Onion	5000	606
10-12-2023	Orissa	Bargarh	Potato	2400	1940
20-05-2024	Kerala	Kottayam	Potato	3400	3332
30-01-2024	Maharashtra	Majalgaon	Wheat	2451	1308
17-11-2024	West Bengal	Belacoba	Potato	2900	4438
13-10-2023	Madhya Pradesh	Kasrawad	Wheat	2595	1538
22-09-2024	Orissa	Kesinga	Onion	6000	3943
19-06-2023	Andhra Pradesh	L B Nagar	Tomato	2600	443
26-11-2024	Tamilnadu	Padappai(Uzhavar Sandhai )	Onion	6500	2378
22-04-2025	Uttar Pradesh	Aligarh	Onion	1520	1810
30-08-2023	Rajasthan	Hanumangarh Town	Onion	1700	4636
13-07-2023	Punjab	Kotkapura	Potato	1000	3132
02-12-2024	Uttar Pradesh	Unnao	Potato	2125	2012
11-08-2024	Uttar Pradesh	Gulavati	Potato	1900	2209
07-12-2024	Assam	Lakhimpur	Potato	2170	2304
11-08-2023	Uttar Pradesh	Ballia	Onion	1590	2623
10-05-2025	Maharashtra	Karad	Onion	1400	4048
28-06-2023	Madhya Pradesh	Sagar(F&V)	Tomato	5000	1981
19-03-2025	West Bengal	Balarampur	Onion	1800	1354
28-07-2023	Haryana	Sonepat(Kharkhoda)	Onion	1700	4231
05-09-2024	Uttar Pradesh	Gadaura	Onion	2100	2075
25-02-2025	Maharashtra	Lasalgaon(Vinchur)	Onion	2430	3125
15-05-2025	Uttar Pradesh	Atarra	Potato	1230	339
28-10-2024	Tamilnadu	Kariyapatti(Uzhavar Sandhai )	Potato	6000	2479
27-07-2023	Uttar Pradesh	Samsabad	Onion	1200	1872
26-11-2024	Uttar Pradesh	Ghaziabad	Potato	2150	1738
13-02-2024	Uttar Pradesh	Muradabad	Onion	1360	2261
01-05-2025	Uttar Pradesh	Tilhar	Rice	3290	2421
05-10-2024	Uttar Pradesh	Sultanpur	Potato	2200	2506
02-04-2024	Chhattisgarh	Tiphra	Onion	1600	1568
20-07-2023	Uttar Pradesh	Achalda	Potato	1050	1161
11-01-2025	Tamilnadu	Rasipuram(Uzhavar Sandhai )	Potato	5000	4873
25-11-2023	Madhya Pradesh	Badnawar	Wheat	2830	1164
24-04-2024	Punjab	Tanda Urmur	Onion	2200	989
22-08-2024	Maharashtra	Vashi New Mumbai	Onion	3650	4412
19-07-2024	Tamilnadu	Denkanikottai(Uzhavar Sandhai )	Onion	5000	2979
22-05-2025	Rajasthan	Sriganganagar (F&V)	Onion	1100	4393
11-02-2025	Gujarat	Ahmedabad(Chimanbhai Patal Market Vasana)	Potato	2300	1037
03-10-2024	Tamilnadu	Ambasamudram(Uzhavar Sandhai )	Onion	5700	3600
12-06-2023	 Punjab	Abohar	Onion	1025	4203
01-05-2024	Uttar Pradesh	Chandausi	Potato	1665	1356
09-05-2024	Uttar Pradesh	Divai	Onion	1100	4034
20-11-2024	Punjab	Faridkot	Onion	4800	2182
11-10-2023	Jammu & Kashmir	Narwal Jammu (F&V)	Potato	1200	347
22-06-2023	Madhya Pradesh	Seoni	Wheat	2135	1355
05-08-2024	Maharashtra	Newasa(Ghodegaon)	Onion	2500	3879
27-07-2023	Uttar Pradesh	Moth	Onion	1350	968
30-07-2024	Punjab	Gurdaspur	Potato	2100	1594
25-07-2023	Orissa	Keonjhar(Dhekikote)	Tomato	12000	4594
09-11-2023	Madhya Pradesh	Khargone	Onion	2500	3898
04-09-2023	Uttar Pradesh	Pratapgarh	Wheat	2517	2436
02-09-2024	Orissa	Sahidngar	Potato	2800	1586
16-11-2023	Maharashtra	Jamkhed	Onion	3000	1465
10-05-2025	Himachal Pradesh	Dhanotu (Mandi)	Onion	1300	1656
28-12-2024	Haryana	Rania	Potato	1500	1872
20-06-2023	Haryana	Mustafabad	Onion	1400	2723
24-08-2024	Kerala	Pampady	Potato	4500	1036
19-08-2023	Gujarat	Radhanpur	Wheat	2325	3997
26-07-2024	Tamilnadu	Papanasam(Uzhavar Sandhai )	Potato	5000	2816
24-11-2024	Orissa	Jharsuguda	Onion	6000	1153
22-03-2025	Gujarat	Bhavnagar	Onion	770	1594
25-11-2024	Tamilnadu	Kancheepuram(Uzhavar Sandhai )	Potato	5000	2806
10-02-2025	Kerala	Aralamoodu	Potato	4000	264
01-09-2023	Uttar Pradesh	Hargaon (Laharpur)	Onion	1250	2233
27-05-2024	Haryana	Dhand	Potato	1650	325
14-03-2025	Tamilnadu	Karaikudi(Uzhavar Sandhai )	Onion	4500	675
27-04-2025	Delhi	Shahdara	Potato	1200	4246
06-07-2024	Uttar Pradesh	Jafarganj	Onion	2850	2411
31-01-2024	Kerala	Kondotty	Onion	2500	437
16-08-2023	West Bengal	Alipurduar	Potato	1350	1113
27-07-2023	Gujarat	Anand(Veg,Yard,Anand)	Onion	1800	371
17-05-2025	Gujarat	Nadiyad(Chaklasi)	Potato	1250	1416
12-05-2025	Rajasthan	Hanumangarh Town	Onion	1100	1625
05-02-2025	Delhi	Shahdara	Potato	900	2130
23-10-2024	Tamilnadu	Hosur(Uzhavar Sandhai )	Onion	6000	1091
08-12-2023	Madhya Pradesh	Sailana	Onion	2211	3838
10-07-2023	Uttar Pradesh	Ghaziabad	Wheat	2280	1654
29-11-2024	Tamilnadu	AJattihalli(Uzhavar Sandhai )	Onion	7600	4624
07-02-2025	Tamilnadu	Papanasam(Uzhavar Sandhai )	Onion	4000	1475
31-03-2025	Tamilnadu	Thirupathur	Potato	3000	1600
07-03-2024	Uttar Pradesh	Jhansi	Potato	1030	127
01-07-2024	Tamilnadu	Virudhunagar	Potato	96	2196
23-06-2023	Madhya Pradesh	Rajnagar	Wheat	2100	1450
25-03-2025	Uttar Pradesh	Chorichora	Potato	2100	974
18-08-2023	Gujarat	Amreli	Wheat	2575	4477
20-11-2023	Himachal Pradesh	Kangra(Jaisinghpur)	Onion	5300	427
17-03-2025	Tamilnadu	Gudiyatham(Uzhavar Sandhai )	Onion	3400	4406
20-11-2024	Uttar Pradesh	Sambhal	Onion	2250	726
18-10-2024	Chhattisgarh	Tiphra	Potato	2300	989
19-06-2023	Madhya Pradesh	Shivpuri	Wheat	2210	4334
26-04-2025	Kerala	Kottakkal	Potato	2600	4106
18-07-2023	Uttar Pradesh	Anwala	Onion	1100	398
15-08-2024	Uttar Pradesh	Safdarganj	Potato	2350	168
24-08-2024	Punjab	Banga	Onion	3733	2177
16-10-2024	Tamilnadu	Nagapattinam(Uzhavar Sandhai )	Potato	5000	3404
13-11-2023	Jammu and Kashmir	Ashahipora (Anantnagh)	Potato	1550	2520
18-04-2025	Punjab	Dinanagar	Onion	1500	2322
30-12-2023	Madhya Pradesh	Ujjain	Onion	475	1095
13-07-2023	Haryana	Radaur	Onion	1500	2941
03-08-2024	Haryana	Mustafabad	Onion	2800	3587
03-04-2024	Bihar	Sasaram	Onion	3000	2453
29-04-2025	Tamilnadu	Thalavaipuram(Uzhavar Sandhai )	Potato	3600	1286
09-10-2023	Haryana	Ladwa	Potato	1400	2264
09-04-2024	Kerala	Perinthalmanna	Potato	3800	3992
15-04-2024	Punjab	Patran	Potato	1060	491
21-09-2024	Uttar Pradesh	Gazipur	Onion	3960	2629
20-11-2023	Orissa	Jharsuguda	Potato	2000	2399
13-08-2023	Uttar Pradesh	Ghaziabad	Potato	1300	1910
20-05-2024	Haryana	Dabwali	Potato	800	3621
20-01-2025	Haryana	Iamailabad	Potato	850	3418
13-05-2025	Haryana	Hassanpur	Onion	1000	4886
12-09-2023	Haryana	Ballabhgarh	Potato	800	2415
16-06-2023	Uttar Pradesh	Nawabganj	Potato	1085	2454
11-03-2025	Haryana	Sonepat	Potato	800	4916
18-08-2024	West Bengal	Uluberia	Onion	4200	3642
12-02-2024	Gujarat	Bhavnagar	Onion	1155	4026
26-04-2024	West Bengal	Bara Bazar (Posta Bazar)	Potato	2420	2425
19-01-2025	West Bengal	Indus(Bankura Sadar)	Potato	1260	1385
29-07-2023	Punjab	Machhiwara	Onion	1800	2324
25-06-2024	Punjab	Banga	Potato	1548	897
30-04-2024	Rajasthan	Baran	Onion	800	3664
16-01-2024	Maharashtra	Pathardi	Onion	1200	829
17-07-2023	Punjab	Baghapurana	Potato	800	1162
02-11-2024	Haryana	Dhand	Onion	4750	1747
20-01-2024	Gujarat	Porbandar	Wheat	2320	985
25-04-2025	Kerala	Kottarakkara	Potato	4000	2906
27-12-2024	Maharashtra	Khed(Chakan)	Potato	1700	3920
20-08-2024	Uttar Pradesh	Chaandpur	Potato	1900	106
09-10-2024	Orissa	Hindol	Potato	3000	4183
20-03-2024	Uttar Pradesh	Hasanpur	Onion	950	776
18-03-2025	Uttar Pradesh	Ajuha	Onion	2330	3593
21-10-2024	Karnataka	Davangere	Onion	3200	2693
15-06-2023	Madhya Pradesh	Suthalia	Wheat	2100	1437
18-09-2023	Uttar Pradesh	Aliganj	Wheat	2155	1836
22-08-2024	Tamilnadu	Avallapalli(Uzhavar Sandhai )	Potato	4500	3065
01-06-2025	Uttar Pradesh	Dibiapur	Potato	1000	4330
15-07-2023	Uttar Pradesh	Baberu	Wheat	2165	1995
15-04-2024	Manipur	Bishenpur	Onion	3250	2129
08-02-2025	Tamilnadu	Tindivanam	Potato	3800	1403
05-06-2024	Punjab	Lehra Gaga	Potato	1600	4565
14-01-2025	Uttar Pradesh	Ghiraur	Potato	1310	4273
01-04-2025	Tamilnadu	Vedasanthur(Uzhavar Sandhai )	Onion	3000	2837
26-01-2025	Andhra Pradesh	Vantamamidi	Potato	1200	2008
30-05-2025	Haryana	Rania	Onion	1600	4796
13-12-2023	Uttar Pradesh	Rasda	Potato	910	1334
21-06-2023	Maharashtra	Tumsar	Wheat	2161	4590
27-06-2023	Karnataka	Shimoga	Onion	1800	2020
24-01-2024	Maharashtra	Beed	Wheat	2742	239
19-07-2024	Rajasthan	Bhilwara	Onion	2650	2101
04-09-2024	Haryana	Rewari	Potato	2000	3587
02-11-2024	Tamilnadu	Sivagangai (Uzhavar Sandhai )	Potato	6200	2904
13-08-2024	Uttar Pradesh	Tamkuhi road	Potato	2315	743
20-10-2024	Uttar Pradesh	Madhoganj	Potato	2150	3994
14-06-2024	Haryana	Ballabhgarh	Potato	1500	4866
17-02-2025	Uttar Pradesh	Mainpuri	Potato	970	4223
08-07-2023	Karnataka	Arakalgud	Potato	2500	904
05-07-2023	Maharashtra	Kalmeshwar	Tomato	9355	1714
31-01-2024	Himachal Pradesh	Kangra(Jaisinghpur)	Potato	1050	3572
10-10-2023	Himachal Pradesh	Dhanotu (Mandi)	Tomato	1600	4995
07-02-2024	Uttar Pradesh	Bharthna	Potato	680	3714
30-03-2024	Uttar Pradesh	Hasanpur	Onion	950	2125
31-07-2024	Uttar Pradesh	Etawah	Potato	2200	445
22-07-2024	Uttar Pradesh	Khurja	Potato	2400	4967
18-03-2025	Bihar	Barahat	Onion	2800	554
28-05-2024	Madhya Pradesh	Indore	Onion	1560	4903
18-05-2025	Tamilnadu	Tirupatthur(Uzhavar Sandhai )	Onion	3200	3404
05-04-2025	Tamilnadu	Thathakapatti(Uzhavar Sandhai )	Onion	3400	4304
25-03-2025	Uttar Pradesh	Badayoun	Potato	1140	733
17-05-2025	Maharashtra	Akola	Potato	1500	1387
14-11-2023	Uttar Pradesh	Jafarganj	Wheat	2520	4498
07-09-2024	Uttar Pradesh	Puwaha	Potato	2240	136
14-10-2023	Uttar Pradesh	Jasvantnagar	Onion	2070	2952
01-08-2023	Orissa	Rayagada	Potato	1800	2887
08-01-2025	Punjab	Sahnewal	Potato	1500	4261
14-03-2024	Maharashtra	Hingna	Potato	1700	3651
10-03-2025	Punjab	Patran	Onion	1500	2875
13-11-2024	West Bengal	Falakata	Onion	5800	3060
06-06-2023	Haryana	Shahabad	Onion	1400	2809
15-09-2023	Chhattisgarh	Bilaspur	Potato	2000	1102
11-10-2023	Uttar Pradesh	Bharthna	Wheat	2310	976
10-01-2025	Madhya Pradesh	Pipariya(F&V)	Potato	1500	414
08-08-2023	Andhra Pradesh	Gudimalkapur	Potato	1500	1096
25-05-2025	Rajasthan	Sujangarh	Potato	1100	4213
12-10-2024	Uttar Pradesh	Shahjahanpur	Potato	2155	774
25-10-2023	Uttar Pradesh	Rasda	Onion	2240	2194
24-02-2025	Kerala	Kottayam	Onion	4600	2343
19-04-2024	Assam	Golagokarnath	Potato	1670	1110
08-06-2023	Maharashtra	Dound	Wheat	2300	589
30-08-2023	Haryana	Ambala City(Subji Mandi)	Tomato	2500	2099
07-10-2024	Uttar Pradesh	Chitwadagaon	Onion	4190	4938
12-07-2023	Rajasthan	Sadulshahar	Wheat	2150	3305
29-08-2024	Kerala	Kottarakkara	Onion	4500	4237
06-06-2023	Madhya Pradesh	Shamshabad	Wheat	2101	3252
19-01-2025	Karnataka	Kolar	Potato	1800	3545
23-11-2024	Haryana	Mustafabad	Onion	3800	698
24-07-2024	Haryana	Panipat	Potato	1400	266
17-10-2023	Karnataka	Channarayapatna	Potato	3000	3310
28-05-2024	Uttar Pradesh	Naanpara	Onion	1600	1289
13-05-2024	West Bengal	Indus(Bankura Sadar)	Potato	2040	1493
19-02-2025	Haryana	Dabwali	Potato	700	2440
22-08-2023	Uttar Pradesh	Sandi	Onion	2140	1387
11-01-2025	Uttar Pradesh	Auraiya	Potato	1325	2633
02-08-2024	Uttar Pradesh	Chitwadagaon	Onion	2850	4534
17-08-2023	Maharashtra	Bhusaval	Potato	1500	634
03-02-2024	West Bengal	Barasat	Potato	1250	266
03-12-2024	Rajasthan	Ajmer(F&V)	Onion	3500	1665
12-09-2024	Tamilnadu	Sathur(Uzhavar Sandhai )	Potato	5000	2783
30-09-2023	Rajasthan	Baran	Wheat	2550	1572
13-12-2024	Uttar Pradesh	Lucknow	Potato	2140	1711
25-02-2025	Uttar Pradesh	Barabanki	Potato	930	2377
26-11-2024	Karnataka	Hubli (Amaragol)	Onion	2000	2063
10-03-2025	Bihar	Piro	Potato	1620	3423
02-06-2025	West Bengal	Champadanga	Potato	1380	2770
18-03-2024	Uttar Pradesh	Devariya	Onion	2000	3334
01-09-2024	Karnataka	Kolar	Potato	1700	3608
16-08-2023	Madhya Pradesh	Khilchipur	Wheat	2350	4618
07-12-2024	Tamilnadu	Chokkikulam(Uzhavar Sandhai )	Potato	6000	2795
23-01-2024	Haryana	Narwana	Onion	1500	2974
17-12-2023	Uttar Pradesh	Jasra	Potato	825	2098
25-11-2023	Rajasthan	Rawatsar	Onion	2600	3331
15-03-2024	Himachal Pradesh	Shimla	Onion	2500	1590
08-09-2023	Madhya Pradesh	Gorakhpur	Wheat	2300	3894
20-06-2024	West Bengal	Barasat	Potato	2580	2267
04-07-2023	Uttar Pradesh	Jasvantnagar	Onion	1225	1649
19-04-2025	Tamilnadu	Elampillai(Uzhavar Sandhai )	Potato	3000	4366
14-10-2023	Madhya Pradesh	Badwaha	Wheat	2455	3404
19-08-2024	Tamilnadu	Thalavadi(Uzhavar Sandhai )	Onion	4600	3333
13-02-2024	Uttar Pradesh	Panchpedwa	Potato	500	4557
07-10-2024	Bihar	Bahadurpur (Ekmi Ghat)	Onion	5100	1548
30-07-2024	Tamilnadu	Melapalayam(Uzhavar Sandhai )	Potato	4400	229
07-02-2025	Gujarat	Kapadvanj	Onion	2000	1687
19-07-2023	Uttar Pradesh	Pratapgarh	Wheat	2265	3293
30-03-2024	Orissa	Keonjhar	Onion	3500	1493
27-03-2024	Madhya Pradesh	Kalapipal	Onion	1500	353
04-02-2025	Tamilnadu	Tiruchengode	Potato	4500	444
22-09-2024	Maharashtra	Junnar(Narayangaon)	Onion	3500	2975
06-03-2025	Maharashtra	Ahmednagar	Onion	1600	4985
05-09-2023	Madhya Pradesh	Biaora	Potato	1050	1248
11-11-2024	Haryana	Raipur Rai	Potato	1400	2130
13-06-2023	Rajasthan	Deoli	Wheat	2130	2459
05-10-2023	Haryana	Sohna	Potato	1000	4878
13-11-2024	Uttar Pradesh	Ajuha	Potato	2100	1811
14-04-2025	Madhya Pradesh	Ujjain	Potato	908	4797
16-09-2023	Maharashtra	Pune(Khadiki)	Potato	1400	4548
22-06-2023	Kerala	Ettumanoor	Tomato	5700	3515
23-05-2025	Uttar Pradesh	Bilsi	Onion	1230	893
08-10-2024	Uttar Pradesh	Mirzapur	Potato	2175	3975
21-03-2024	Bihar	Bahadurganj	Onion	2400	4579
06-04-2024	Uttar Pradesh	Meerut	Potato	1560	1415
04-10-2023	Chandigarh	Chandigarh(Grain/Fruit)	Onion	2000	304
26-07-2023	Rajasthan	Kesarisinghpur	Wheat	2146	360
03-12-2024	Kerala	Angamaly	Onion	8000	406
10-06-2025	Uttar Pradesh	Purwa	Potato	1265	1464
05-07-2024	Uttar Pradesh	Hasanpur	Potato	950	1396
07-07-2023	West Bengal	Kasipur	Onion	2100	1153
27-05-2025	Tamilnadu	Sundarapuram(Uzhavar Sandhai )	Potato	5800	218
10-04-2025	West Bengal	Rampurhat	Rice	3420	3607
20-10-2023	Haryana	Punhana	Potato	1000	1293
15-03-2025	Maharashtra	Kamthi	Potato	2000	2535
17-09-2024	Tamilnadu	Sundarapuram(Uzhavar Sandhai )	Onion	5600	4415
04-08-2023	West Bengal	Rampurhat	Potato	1400	3362
20-03-2024	Himachal Pradesh	Muskara	Potato	1320	1341
07-06-2023	Rajasthan	Udaipur (F&V)	Potato	1000	1581
29-05-2024	Punjab	Ludhiana	Potato	800	3841
07-12-2023	Uttar Pradesh	Auraiya	Onion	3200	841
16-10-2023	Madhya Pradesh	Bhander	Wheat	2397	3743
26-11-2024	Kerala	Pampady	Onion	8000	1365
21-03-2024	Maharashtra	Akola	Potato	1400	3962
17-01-2025	Haryana	Barara	Potato	1400	1650
30-06-2024	Tamilnadu	Tindivanam	Potato	46	423
20-09-2023	Uttar Pradesh	Buland Shahr	Tomato	1350	3676
06-09-2024	Gujarat	Kapadvanj	Onion	3500	4464
24-05-2024	Kerala	Anchal	Onion	3900	555
05-07-2024	Haryana	Sonepat	Potato	1700	3973
10-10-2023	Madhya Pradesh	Jeerapur	Wheat	2100	3238
27-03-2025	Tamilnadu	Mettupalayam(Uzhavar Sandhai )	Onion	3000	4262
08-05-2025	Tamilnadu	Hosur(Uzhavar Sandhai )	Potato	3000	4632
02-05-2025	Uttar Pradesh	Chitwadagaon	Rice	3310	4822
22-02-2025	West Bengal	Alipurduar	Potato	1100	4937
28-02-2025	Uttar Pradesh	Aligarh	Potato	1040	1415
18-10-2024	Kerala	Kanjirappally	Onion	7800	288
28-01-2025	Gujarat	Vadhvan	Potato	2250	4101
10-03-2025	Gujarat	Gondal(Veg.market Gondal)	Potato	260	1849
15-01-2024	Rajasthan	Kota (F&V)	Potato	950	4104
17-12-2024	Punjab	Lohian Khas	Potato	600	2667
27-01-2024	Delhi	Shahdara	Onion	1400	2181
24-04-2025	Tamilnadu	Vadavalli(Uzhavar Sandhai )	Potato	3600	4770
07-12-2023	Karnataka	Bangalore	Potato	2000	4077
17-11-2023	Maharashtra	Jalgaon	Onion	3000	549
06-11-2024	Karnataka	Bagepalli	Potato	2200	2782
11-08-2024	Uttar Pradesh	Hasanpur	Potato	1850	3743
07-06-2023	West Bengal	Kalyani	Potato	1470	3256
13-07-2023	Kerala	Neyyatinkara	Tomato	12000	264
28-10-2024	Kerala	Chathanoor	Onion	6000	1890
18-11-2024	Haryana	Pundri	Potato	1750	4410
26-07-2024	Tamilnadu	Tindivanam	Potato	4500	1179
26-06-2023	Madhya Pradesh	Ajaygarh	Wheat	2155	741
16-10-2024	Uttar Pradesh	Pratapgarh	Onion	4200	352
22-07-2023	Madhya Pradesh	Loharda	Wheat	2200	3167
08-09-2023	Haryana	Kosli	Onion	2500	1763
15-03-2025	Haryana	New Grain Market(main), Karnal	Potato	690	1514
21-07-2023	Uttar Pradesh	Basti	Tomato	7960	2626
21-02-2025	Karnataka	Bangarpet	Potato	2500	1961
06-02-2025	West Bengal	Alipurduar	Potato	1400	3407
15-08-2023	Madhya Pradesh	Badwaha	Onion	1400	248
30-11-2024	Rajasthan	Churu	Onion	2900	2684
14-11-2024	Manipur	Thoubal	Potato	7750	3968
23-11-2023	Madhya Pradesh	Indore(F&V)	Potato	700	257
18-01-2024	Kerala	Piravam	Potato	4500	2856
06-01-2024	Gujarat	Ankleshwar	Potato	1500	3955
23-06-2023	Karnataka	Belgaum	Potato	2000	3762
21-11-2023	Madhya Pradesh	Shamshabad	Wheat	2480	2327
01-03-2024	Uttar Pradesh	Hasanpur	Potato	950	3509
03-08-2023	Madhya Pradesh	Piplya	Wheat	2400	3063
18-09-2023	Rajasthan	Khanpur	Wheat	2550	4700
25-07-2024	Uttar Pradesh	Anoop Shahar	Onion	3300	3263
14-01-2025	West Bengal	Bolpur	Potato	1700	2802
04-07-2023	Karnataka	Hospet	Potato	1400	2299
17-05-2024	Punjab	Barnala	Onion	1500	2043
30-09-2023	Rajasthan	Sujangarh	Potato	900	3760
30-12-2023	Gujarat	Siddhpur	Wheat	2680	2295
22-05-2024	Uttar Pradesh	Gangoh	Potato	1750	354
30-10-2024	Kerala	Perumbavoor	Onion	5000	2897
21-09-2023	Rajasthan	Hanumangarh(Urlivas)	Wheat	2371	1705
02-10-2023	Haryana	Ladwa	Onion	2200	2904
07-11-2024	Haryana	Ladwa	Potato	2000	3610
09-01-2024	Karnataka	Mysore (Bandipalya)	Onion	1800	4030
17-06-2023	Madhya Pradesh	Seoni	Onion	1250	1391
16-11-2023	Uttar Pradesh	Auraiya	Potato	910	1568
04-09-2023	Maharashtra	Ulhasnagar	Wheat	3400	1675
30-11-2024	Delhi	Azadpur	Potato	2168	568
08-01-2025	Maharashtra	Pune	Potato	1850	132
30-08-2024	Uttar Pradesh	Sandila	Onion	3350	2499
12-10-2024	Rajasthan	Goluwala	Onion	4500	3178
18-09-2023	Rajasthan	Malpura	Wheat	2315	2500
25-02-2025	Maharashtra	Karad	Onion	1600	3827
08-04-2024	Rajasthan	Jaipur (F&V)	Potato	1750	2714
09-03-2024	Uttar Pradesh	Puwaha	Onion	1785	2056
18-07-2023	Haryana	Sohna	Tomato	8000	3314
25-02-2025	Haryana	Radaur	Potato	700	657
21-02-2024	Haryana	Ambala City(Subji Mandi)	Onion	2000	3398
02-10-2023	Gujarat	Nadiyad(Piplag)	Potato	1150	4273
31-07-2023	Uttar Pradesh	Charra	Onion	1410	3665
27-02-2025	Punjab	Tanda Urmur	Onion	3000	4459
02-08-2023	Uttar Pradesh	Jahangirabad	Wheat	2280	906
16-10-2024	West Bengal	Uluberia	Onion	5400	122
12-06-2023	Uttar Pradesh	Chorichora	Wheat	2250	1090
28-03-2024	Himachal Pradesh	Mandi(Takoli)	Onion	2300	1211
29-07-2024	Uttar Pradesh	Khaga	Onion	2880	2750
15-11-2023	Maharashtra	Parner	Onion	3500	2156
06-09-2024	Maharashtra	Shrirampur	Potato	2800	1605
03-04-2025	Gujarat	Nadiad	Potato	1350	1831
21-09-2023	Maharashtra	Shrigonda	Wheat	2300	2040
20-06-2023	Madhya Pradesh	Khirakiya	Wheat	2248	455
18-07-2024	Punjab	Dinanagar	Potato	2800	3431
18-04-2025	Tamilnadu	Ramanathapuram(Uzhavar Sandhai )	Onion	3500	2583
17-03-2025	West Bengal	Kalipur	Potato	1040	932
06-08-2023	Uttar Pradesh	Akbarpur	Tomato	8150	2911
09-02-2025	Orissa	Khariar	Potato	2000	1353
21-02-2024	Orissa	Rayagada	Onion	2400	1301
05-09-2024	Haryana	Rohtak	Onion	2000	1007
12-10-2023	Gujarat	Rajkot(Veg.Sub Yard)	Potato	1125	1696
05-08-2023	Kerala	Pampady	Onion	2400	321
04-06-2024	Uttar Pradesh	Khaga	Potato	1830	3559
29-02-2024	Uttar Pradesh	Unnao	Onion	1765	1582
15-12-2023	Rajasthan	Malpura	Wheat	2360	4549
13-11-2023	Orissa	Saharpada	Onion	5000	2199
09-10-2023	Uttar Pradesh	Muradabad	Onion	2000	2991
01-12-2023	Karnataka	Chikkamagalore	Potato	1815	3661
01-08-2023	Kerala	Thirurrangadi	Onion	2200	1725
03-08-2023	Gujarat	Ahmedabad(Chimanbhai Patal Market Vasana)	Onion	1700	1591
04-12-2023	Kerala	Moovattupuzha	Onion	5000	971
01-05-2025	Madhya Pradesh	Deori	Onion	600	2124
16-05-2025	Haryana	Sohna	Onion	1400	3060
08-12-2023	Madhya Pradesh	Badamalhera	Wheat	2500	1176
23-11-2023	Punjab	Dharamkot	Onion	5000	562
09-09-2024	Orissa	Khariar	Potato	4000	1268
19-03-2024	Punjab	Dasuya	Onion	2400	542
13-09-2023	West Bengal	Chakdah	Potato	1480	2826
14-05-2024	Uttar Pradesh	Purwa	Potato	1780	647
09-10-2023	Madhya Pradesh	Deori	Wheat	2360	2353
10-05-2025	Uttar Pradesh	Dudhi	Onion	1300	4758
20-09-2024	Tamilnadu	Melur(Uzhavar Sandhai )	Onion	6200	1470
05-10-2023	West Bengal	Bethuadahari	Onion	2600	1380
29-03-2025	Himachal Pradesh	Mandi(Mandi)	Potato	900	835
05-11-2023	Gujarat	Dahod(Veg. Market)	Onion	4000	4968
12-07-2024	Uttar Pradesh	Atarra	Potato	2400	1744
09-06-2023	Himachal Pradesh	Mandi(Takoli)	Potato	1100	3369
30-04-2024	Punjab	Nihal Singh Wala	Potato	1300	1919
17-01-2024	Uttar Pradesh	Noida	Onion	2130	1731
09-09-2024	Uttar Pradesh	Najibabad	Onion	2200	4535
05-01-2025	Tamilnadu	Mayiladuthurai(Uzhavar Sandhai )	Potato	4000	1579
28-09-2024	Punjab	Giddarbaha	Potato	1500	2465
24-05-2025	Delhi	Shahdara	Potato	1000	2066
02-01-2024	 Punjab	Fazilka	Onion	3000	1843
27-09-2023	Punjab	Rajpura	Potato	900	4781
04-02-2025	Haryana	Hassanpur	Potato	1500	3053
05-10-2024	Uttar Pradesh	Sandila	Onion	4000	2228
06-03-2025	Uttar Pradesh	Noida	Potato	550	2575
25-05-2024	Punjab	Rajpura	Potato	1650	3312
22-11-2023	Haryana	Farukh Nagar	Onion	3000	915
28-12-2023	Madhya Pradesh	Pipariya	Wheat	2470	3570
12-03-2024	Kerala	Perinthalmanna	Potato	3800	2730
16-07-2023	Haryana	Kaithal	Potato	1500	1431
08-10-2023	West Bengal	Karimpur	Potato	1550	734
07-06-2024	Haryana	Siwan	Potato	2000	1284
26-08-2024	Maharashtra	Pune	Onion	3250	3368
25-04-2024	Haryana	Cheeka	Potato	1500	592
13-05-2025	Maharashtra	Chandvad	Onion	950	1620
11-05-2024	West Bengal	Durgapur	Potato	2040	4528
27-03-2025	Madhya Pradesh	Shujalpur(F&V)	Onion	1200	4422
18-02-2025	Punjab	Patiala	Onion	2600	3055
20-07-2024	Haryana	New Grain Market , Panchkula	Potato	3000	2147
11-11-2024	Haryana	Meham	Onion	4000	1341
17-11-2023	Nagaland	Mokokchung Town	Onion	6000	4708
06-09-2023	Haryana	Ratia	Onion	1500	2558
09-10-2024	Punjab	Rayya	Potato	2100	3125
12-02-2025	West Bengal	Bolpur	Onion	2600	1823
07-05-2024	Nagaland	Mokokchung Town	Onion	3000	3835
05-04-2024	Kerala	Pala	Potato	3800	1483
04-05-2025	Chhattisgarh	Tiphra	Potato	1700	2422
05-06-2024	Uttar Pradesh	Visoli	Potato	1250	968
30-11-2024	Punjab	Patran	Potato	1610	922
07-10-2023	Madhya Pradesh	Susner	Wheat	2330	2628
11-07-2024	Andhra Pradesh	Mahboob Manison	Potato	3100	1608
07-02-2024	Uttar Pradesh	Jahanabad	Potato	610	4135
10-04-2024	Rajasthan	Rajsamand	Potato	1600	2909
26-03-2025	Uttar Pradesh	Chitwadagaon	Potato	1210	4126
18-05-2025	Haryana	Siwan	Onion	1500	708
12-07-2024	Uttar Pradesh	Gazipur	Potato	2340	2315
24-03-2025	Madhya Pradesh	Pipariya(F&V)	Potato	1400	559
28-04-2025	Maharashtra	Kalvan	Onion	1150	2474
07-09-2023	Maharashtra	Pune(Khadiki)	Onion	1500	849
18-09-2023	Kerala	Thodupuzha	Potato	3500	4418
22-07-2023	Rajasthan	Uniyara	Wheat	2170	506
01-01-2025	West Bengal	Chakdah	Potato	2140	3695
01-02-2024	Rajasthan	Madanganj Kishangarh	Wheat	2685	3334
20-06-2023	Kerala	Kottakkal	Onion	1850	3441
09-01-2024	Uttar Pradesh	Bangarmau	Potato	680	1854
25-05-2024	Rajasthan	Udaipur (F&V)	Potato	1750	575
01-02-2024	Kerala	Parappanangadi	Potato	2600	534
07-06-2025	Haryana	Pataudi	Potato	1300	1699
11-10-2023	Uttar Pradesh	Fatehpur	Potato	940	728
06-06-2025	Uttar Pradesh	Badayoun	Potato	1020	3283
14-04-2025	Tamilnadu	AJattihalli(Uzhavar Sandhai )	Potato	3200	2517
27-07-2023	Uttar Pradesh	Mauranipur	Wheat	2260	864
09-06-2025	Orissa	Balugaon	Potato	1850	2513
22-07-2024	Haryana	Ganaur	Potato	2200	426
23-04-2025	Tamilnadu	Chinnamanur(Uzhavar Sandhai )	Onion	2400	2694
03-03-2024	West Bengal	Rampurhat	Onion	2000	3397
24-10-2023	West Bengal	Uluberia	Onion	3700	4554
16-08-2024	Haryana	Loharu	Potato	2400	4985
06-12-2023	Madhya Pradesh	Sonkatch	Wheat	2660	4195
09-02-2024	Haryana	Gharaunda	Potato	800	4974
13-02-2024	Rajasthan	Churu	Onion	1200	4236
19-05-2025	Madhya Pradesh	Kalapipal(F&V)	Onion	540	3218
24-11-2023	Madhya Pradesh	Vidisha	Wheat	3150	703
07-04-2025	Uttar Pradesh	Tulsipur	Onion	1800	1155
06-07-2023	 Punjab	Abohar	Onion	2020	4920
12-06-2023	Punjab	Mehatpur	Tomato	1000	3421
20-06-2023	Uttar Pradesh	Etah	Tomato	1200	3310
08-12-2023	Uttar Pradesh	Wazirganj	Onion	3370	3559
03-09-2023	Madhya Pradesh	Jaithari	Wheat	2200	2256
20-06-2023	Uttar Pradesh	Nawabganj	Onion	1180	3847
18-04-2025	Tamilnadu	Palacode(Uzhavar Sandhai )	Onion	3000	2275
03-12-2024	Tamilnadu	Tirupatthur(Uzhavar Sandhai )	Potato	6500	1383
28-01-2025	Himachal Pradesh	Bharuasumerpur	Potato	1180	4391
19-03-2025	Haryana	New Grain Market(main), Karnal	Onion	2150	4052
20-02-2025	Karnataka	Chikkamagalore	Potato	1978	161
04-05-2025	West Bengal	Habra	Potato	1340	2336
14-02-2024	West Bengal	Chakdah	Potato	1120	4528
28-02-2024	Haryana	Shahabad	Onion	1600	316
02-05-2025	Haryana	Naraingarh	Onion	850	1418
01-10-2023	Maharashtra	Pune	Onion	1600	2271
19-09-2023	Uttar Pradesh	Siyana	Wheat	2300	420
25-09-2024	Uttar Pradesh	Bangarmau	Onion	4000	3850
31-10-2023	Uttar Pradesh	Dudhi	Onion	1800	3674
22-10-2024	Tamilnadu	Thirupathur	Onion	6000	2119
06-08-2024	Tamilnadu	Sivagangai (Uzhavar Sandhai )	Potato	6200	4581
20-11-2023	Uttar Pradesh	Allahabad	Onion	3800	407
17-08-2024	Punjab	Bariwala	Potato	1800	2005
07-10-2024	Rajasthan	Bhilwara	Onion	3500	3403
01-01-2024	Kerala	Aroor	Onion	4900	4015
27-11-2024	Himachal Pradesh	Hamirpur	Onion	4200	2845
09-01-2025	Gujarat	Surat	Potato	1950	4248
11-06-2025	Andhra Pradesh	Warangal	Potato	2600	3871
02-06-2024	Gujarat	Nadiad	Potato	1800	4381
17-06-2023	Maharashtra	Bhusaval	Onion	600	2515
03-07-2023	Maharashtra	Shevgaon	Onion	1200	4670
12-08-2024	Haryana	Yamuna Nagar	Potato	1200	350
23-12-2023	Gujarat	Mahuva(Station Road)	Onion	1450	4799
03-01-2024	Maharashtra	Dondaicha	Wheat	2683	2476
29-04-2025	Uttar Pradesh	Gurusarai	Onion	1060	3961
29-06-2023	Haryana	Shahabad	Tomato	3000	3667
22-04-2025	West Bengal	Ramkrishanpur(Howrah)	Rice	3800	4106
24-11-2023	Madhya Pradesh	Jatara	Wheat	2300	3333
12-09-2024	Orissa	Bargarh	Potato	2900	154
05-12-2023	Uttar Pradesh	Pratapgarh	Wheat	2629	4031
18-12-2023	Maharashtra	Savner	Wheat	2800	4940
24-08-2024	Haryana	Yamuna Nagar	Onion	1500	2539
06-01-2024	Punjab	Dasuya	Onion	2400	751
07-04-2025	Tamilnadu	Mannargudi I(Uzhavar Sandhai )	Onion	3600	2362
29-05-2025	Haryana	Shahzadpur	Onion	1000	1142
06-06-2023	Madhya Pradesh	Semriharchand	Wheat	2230	4568
30-07-2023	Maharashtra	Kamthi	Tomato	12000	710
04-10-2023	Madhya Pradesh	Khaniadhana	Wheat	2272	4738
19-03-2024	Madhya Pradesh	Akodiya	Onion	100	2414
12-09-2023	Karnataka	Bijapur	Wheat	2600	360
02-06-2024	Punjab	Kotkapura	Potato	1000	2713
13-02-2025	West Bengal	Belacoba	Potato	1250	1660
25-03-2025	Rajasthan	Jodhpur (F&V)	Onion	1200	406
04-03-2024	Rajasthan	Jodhpur (F&V)	Potato	600	3856
21-12-2023	Madhya Pradesh	Katni	Wheat	2350	605
26-01-2024	West Bengal	Asansol	Wheat	2500	1977
04-08-2023	Madhya Pradesh	Indore	Wheat	2390	4859
08-11-2023	Uttar Pradesh	Khurja	Onion	3700	4457
12-08-2024	West Bengal	Purulia	Onion	4000	1836
28-11-2023	Haryana	Dharsul	Onion	3500	2289
24-07-2023	Uttar Pradesh	Baberu	Onion	1530	4029
07-07-2024	Tamilnadu	Chinnamanur	Onion	44	3616
16-07-2024	Uttar Pradesh	Anandnagar	Potato	2200	3079
01-08-2023	Maharashtra	Malegaon	Wheat	2500	4709
26-02-2025	Uttar Pradesh	Dudhi	Potato	1500	1385
17-06-2023	Kerala	Vandiperiyar	Onion	1375	1976
26-02-2024	Uttar Pradesh	Badayoun	Onion	1610	3904
21-02-2025	Haryana	Sirsa	Onion	2650	3074
28-07-2023	Gujarat	Vadhvan	Onion	1750	3385
30-03-2025	Kerala	Chathanoor	Potato	4000	3651
04-12-2023	Madhya Pradesh	Badamalhera	Wheat	2400	3741
11-03-2025	Tamilnadu	Cuddalore(Uzhavar Sandhai )	Onion	4500	1013
08-05-2025	Uttar Pradesh	Chandoli	Potato	1150	2212
08-06-2023	Kerala	Manjeri	Tomato	2350	4396
22-09-2023	Uttar Pradesh	Anandnagar	Potato	1085	1956
19-08-2023	Gujarat	Dehgam	Wheat	2432	615
08-02-2024	Uttar Pradesh	Gorakhpur	Potato	850	1055
08-04-2025	Madhya Pradesh	Badnawar	Onion	1200	4736
27-04-2025	Rajasthan	Bhilwara	Onion	1250	3688
07-07-2023	Madhya Pradesh	Biaora	Tomato	4500	4490
18-04-2025	Haryana	Sadhaura	Potato	800	4085
08-05-2024	Maharashtra	Shrigonda	Onion	1200	3240
20-10-2023	Madhya Pradesh	Mandsaur	Wheat	2750	967
06-10-2024	Maharashtra	Rahata	Onion	4200	2869
11-09-2024	West Bengal	Sainthia	Potato	2260	2395
17-05-2025	Haryana	Rohtak	Onion	800	4420
15-08-2024	Punjab	Bhawanigarh	Onion	2500	4088
22-04-2025	Uttar Pradesh	Lalitpur	Potato	1265	4162
23-10-2023	Maharashtra	Sangli(Phale, Bhajipura Market)	Potato	1400	372
21-03-2025	Haryana	Indri	Onion	1500	214
03-03-2025	Punjab	Lehra Gaga	Potato	600	4539
06-12-2024	Uttar Pradesh	Bagpat	Onion	3600	3196
11-09-2024	Tamilnadu	Tiruchengode	Onion	5500	3103
16-08-2023	Madhya Pradesh	Jatara	Wheat	2200	3858
29-03-2025	Gujarat	Khambhat(Veg Yard Khambhat)	Potato	1200	4363
28-04-2025	Haryana	New Grain Market(main), Karnal	Onion	1450	3861
08-05-2025	Kerala	Parappanangadi	Onion	5600	4419
24-06-2024	Haryana	Sirsa	Potato	1500	2399
17-06-2023	Uttar Pradesh	Robertsganj	Onion	1150	4803
27-10-2023	Kerala	Pothencode	Onion	18040	1672
19-08-2023	Karnataka	Chikkamagalore	Potato	1852	2439
26-04-2025	Uttar Pradesh	Bilsi	Onion	1500	2677
24-12-2023	Uttar Pradesh	Varanasi(F&V)	Potato	745	2707
24-03-2025	Tamilnadu	Perundurai(Uzhavar Sandhai )	Potato	3000	382
29-11-2023	Maharashtra	Pimpalgaon Baswant(Saykheda)	Onion	3800	2288
05-07-2023	Uttar Pradesh	Muzzafarnagar	Tomato	5800	3908
09-05-2025	Uttar Pradesh	Khair	Potato	1200	449
17-01-2025	Haryana	kalanwali	Potato	1000	622
22-09-2023	Uttar Pradesh	Bharwari	Onion	2010	268
05-10-2023	Uttar Pradesh	Pratapgarh	Potato	940	4307
31-08-2023	Haryana	Naraingarh	Potato	1000	3726
15-03-2025	Madhya Pradesh	Indore	Onion	1563	965
27-07-2023	Kerala	Chengannur	Onion	2000	258
31-08-2023	Karnataka	Shimoga	Potato	2300	2507
14-05-2025	Madhya Pradesh	Bhopal(F&V)	Onion	600	3786
09-05-2025	Maharashtra	Sangamner	Onion	876	1344
07-01-2024	Orissa	Pattamundai	Potato	1600	4308
05-07-2023	Punjab	Amritsar(Amritsar Mewa Mandi)	Onion	700	4144
02-12-2024	Gujarat	Ankleshwar	Potato	2500	1823
08-11-2023	Haryana	Ballabhgarh	Onion	3200	699
25-02-2025	Maharashtra	Dhule	Onion	2450	2349
06-05-2025	Madhya Pradesh	Sailana	Onion	907	4750
18-01-2024	West Bengal	Karimpur	Onion	2750	1752
25-07-2023	Madhya Pradesh	Tikamgarh	Wheat	2270	4580
04-04-2025	Haryana	Sonepat	Onion	1200	445
04-04-2024	Uttar Pradesh	Bijnaur	Onion	1720	1242
13-10-2023	West Bengal	Asansol	Wheat	2700	2719
08-10-2024	Uttar Pradesh	Anandnagar	Potato	2700	4566
30-10-2023	Rajasthan	Chittorgarh	Potato	1100	2885
13-08-2024	Uttar Pradesh	Bahraich	Onion	2960	2656
02-03-2024	Rajasthan	Sangriya	Potato	700	938
19-12-2024	Uttar Pradesh	Mehmoodabad	Potato	2050	1271
26-05-2024	West Bengal	Karimpur	Onion	2600	1407
10-12-2023	West Bengal	Durgapur	Potato	1400	1802
02-11-2023	Uttar Pradesh	Partaval	Onion	4025	274
14-04-2024	Kerala	Vandiperiyar	Potato	3800	3634
14-12-2024	Tamilnadu	Bodinayakanur(Uzhavar Sandhai )	Potato	6000	491
23-03-2025	West Bengal	Uluberia	Potato	1180	4518
08-02-2025	Punjab	Barnala	Potato	650	4518
03-09-2024	Andhra Pradesh	Sadasivpet	Onion	4460	3541
18-07-2024	Orissa	Bargarh	Potato	3700	2147
14-09-2023	Karnataka	Malur	Onion	2525	3155
03-01-2024	West Bengal	Alipurduar	Onion	2900	883
31-10-2023	Bihar	Bhagwanpur Mandi	Potato	2100	3617
17-01-2024	Haryana	Farukh Nagar	Onion	2000	2378
02-08-2024	Himachal Pradesh	Kangra(Jaisinghpur)	Onion	3950	935
15-09-2023	Himachal Pradesh	Maudaha	Onion	2020	1566
11-07-2024	Rajasthan	Churu	Potato	2200	2566
06-02-2025	Tamilnadu	Chidambaram(Uzhavar Sandhai )	Potato	4500	4649
28-07-2023	Orissa	Keonjhar	Tomato	11000	3345
01-12-2023	Madhya Pradesh	Indore	Wheat	2466	1485
20-06-2023	Haryana	Madlauda	Tomato	1500	997
23-09-2024	Kerala	Chathanoor	Onion	6000	3001
31-08-2023	Uttar Pradesh	Sardhana	Onion	1300	4821
14-09-2023	Rajasthan	Suratgarh	Onion	2200	2457
10-07-2023	Madhya Pradesh	Karhi	Wheat	2275	4404
17-10-2023	Maharashtra	Kopargaon	Onion	3300	2777
06-07-2023	 Punjab	Jalalabad	Tomato	5000	3370
21-10-2024	Haryana	Naraingarh	Potato	1000	793
20-09-2024	Himachal Pradesh	Kangra	Onion	5500	1617
06-08-2024	Nagaland	Kohima	Potato	5100	1249
14-03-2024	Kerala	Perumbavoor	Onion	2500	1564
19-02-2025	Haryana	Rohtak	Potato	700	4622
02-12-2023	Uttar Pradesh	Mirzapur	Wheat	2425	1379
26-01-2024	Punjab	Malout	Potato	800	799
08-04-2025	Tamilnadu	Nagapattinam(Uzhavar Sandhai )	Onion	3000	4552
14-07-2023	Uttar Pradesh	Amroha	Tomato	7800	943
09-09-2024	West Bengal	Pandua	Potato	2360	2388
29-05-2025	Tamilnadu	Rasipuram(Uzhavar Sandhai )	Onion	2800	4306
05-10-2023	Uttar Pradesh	Puwaha	Onion	1825	2155
10-05-2025	Rajasthan	Sriganganagar (F&V)	Potato	800	655
25-02-2025	Punjab	Rayya	Potato	1400	1674
10-04-2024	Uttar Pradesh	Sandi	Potato	1500	319
16-05-2024	Orissa	Khariar Road	Onion	3000	2443
07-07-2023	Maharashtra	Akola	Onion	1600	3714
30-07-2023	Uttar Pradesh	Hapur	Onion	1540	3919
23-08-2023	Uttar Pradesh	Milak	Onion	1695	3793
14-02-2025	Kerala	Kottayam	Onion	4200	4061
10-01-2024	Himachal Pradesh	Bhuntar	Potato	900	2971
24-10-2023	West Bengal	Kalyani	Potato	1590	2523
04-09-2023	Rajasthan	Churu	Potato	1250	1512
19-09-2023	Maharashtra	Bhusaval	Potato	1500	1083
20-01-2024	Punjab	Tanda Urmur	Potato	700	4475
31-08-2024	 Punjab	Fazilka	Potato	2000	3941
22-02-2024	Uttar Pradesh	Jasra	Potato	950	4318
26-03-2024	Uttar Pradesh	Bangarmau	Onion	1875	2475
25-03-2025	Punjab	Mukerian(Talwara)	Potato	800	1681
23-02-2025	Bihar	Jamui	Potato	1000	859
14-07-2023	Rajasthan	Pratapgarh	Wheat	2301	772
29-07-2023	Madhya Pradesh	Sagar	Wheat	2100	2695
21-08-2023	Maharashtra	Ulhasnagar	Wheat	3400	755
20-06-2023	Haryana	Shahabad	Onion	1200	1499
30-03-2025	Haryana	Ratia	Potato	650	3611
23-10-2023	Maharashtra	Solapur	Onion	2100	4111
25-09-2023	Uttar Pradesh	Shahabad	Wheat	2250	3698
17-11-2023	Rajasthan	Pratapgarh	Onion	3950	3892
14-02-2024	Kerala	Kondotty	Potato	2600	4757
07-07-2024	West Bengal	Alipurduar	Onion	4200	2386
05-08-2024	Maharashtra	Kamthi	Onion	4000	949
31-03-2025	Uttar Pradesh	Divai	Potato	900	3893
23-12-2023	Uttar Pradesh	Sandila	Potato	795	4882
14-12-2024	Uttar Pradesh	Achalda	Potato	1900	108
05-03-2025	Uttar Pradesh	Balrampur	Potato	1110	3859
27-01-2025	Tamilnadu	Padappai(Uzhavar Sandhai )	Potato	4000	786
02-02-2024	Uttar Pradesh	Achalda	Wheat	2520	3074
26-06-2023	Rajasthan	Iklera	Wheat	2170	3675
15-05-2024	Uttar Pradesh	Sandi	Onion	1635	2729
10-07-2024	Tamilnadu	Usilampatty	Onion	4800	2271
10-09-2023	Uttar Pradesh	Hargaon (Laharpur)	Potato	900	3514
11-11-2024	Bihar	Forbesganj	Potato	2200	3762
02-12-2024	 Punjab	Jalalabad	Onion	5300	3487
28-08-2024	Madhya Pradesh	Shajapur	Onion	3375	4874
12-02-2025	Uttar Pradesh	Buland Shahr	Potato	1000	792
30-10-2023	Madhya Pradesh	Vidisha	Wheat	2580	1108
30-03-2025	Haryana	Narwana	Potato	1000	4867
14-12-2024	West Bengal	Pandua	Potato	2600	3823
04-01-2025	Maharashtra	Ahmednagar	Potato	1550	2514
21-09-2023	Maharashtra	Vashi New Mumbai	Onion	1700	2548
08-11-2023	Uttar Pradesh	Noida	Potato	1150	1079
12-01-2024	Uttar Pradesh	Ghaziabad	Wheat	2550	3830
04-12-2024	Madhya Pradesh	Indore	Potato	2884	3590
11-01-2024	Uttar Pradesh	Amroha	Potato	680	1776
09-06-2025	Delhi	Keshopur	Potato	1350	3381
06-03-2025	Gujarat	Ahmedabad(Chimanbhai Patal Market Vasana)	Potato	1850	449
14-08-2023	Gujarat	Talod	Wheat	2430	2530
08-07-2023	Uttar Pradesh	Tundla	Onion	1150	1582
03-01-2024	Madhya Pradesh	Amarpatan	Wheat	2365	3969
22-08-2023	Madhya Pradesh	Patharia	Wheat	2340	4217
10-02-2025	Kerala	Aroor	Onion	3900	3559
26-04-2024	Uttar Pradesh	Nawabganj	Potato	1780	2488
01-06-2025	Maharashtra	Akluj	Onion	800	3922
01-05-2024	Punjab	Dasuya	Potato	2250	1963
24-05-2025	Punjab	Dinanagar	Potato	1000	3203
06-07-2024	Maharashtra	Nasik	Onion	2500	1418
27-07-2023	Madhya Pradesh	Katni(F&V)	Onion	900	3403
22-06-2023	Uttar Pradesh	Gangoh	Onion	1230	3894
02-02-2025	Haryana	Farukh Nagar	Potato	1100	2549
04-11-2023	Madhya Pradesh	Lashkar(F&V)	Onion	3500	1294
13-09-2024	Uttar Pradesh	Puwaha	Potato	2150	661
29-10-2024	Kerala	Mannar	Onion	6000	460
16-04-2025	Gujarat	Mahuva(Station Road)	Onion	750	339
22-01-2024	Uttar Pradesh	Nautnava	Onion	2300	540
10-08-2023	Uttar Pradesh	Bijnaur	Onion	1460	3993
22-04-2025	Himachal Pradesh	Bhuntar	Potato	1100	264
07-05-2025	Kerala	Manjeri	Potato	2550	2307
16-11-2024	Tamilnadu	Sampath Nagar(Uzhavar Sandhai )	Potato	5400	2717
09-06-2023	Maharashtra	Vai	Tomato	1700	2061
26-07-2024	Kerala	Kondotty	Onion	3500	126
09-02-2025	West Bengal	Nadia	Potato	840	1070
27-07-2024	Tamilnadu	Rasipuram(Uzhavar Sandhai )	Potato	5000	1320
02-02-2025	Tamilnadu	Elampillai(Uzhavar Sandhai )	Potato	5000	1286
08-08-2024	Haryana	Rania(Jiwan nagar)	Onion	2200	3660
04-07-2023	Uttar Pradesh	Rasda	Onion	1320	4413
21-02-2025	Rajasthan	Hanumangarh(Urlivas)	Onion	2150	2550
26-10-2023	Rajasthan	Khanpur	Wheat	2680	2810
03-04-2024	Kerala	Anchal	Onion	3700	3388
17-05-2024	Uttar Pradesh	Atarra	Onion	1605	2277
11-04-2025	Tamilnadu	Devaram(Uzhavar Sandhai )	Onion	2500	1353
24-01-2025	Himachal Pradesh	Kangra(Jaisinghpur)	Potato	1200	956
11-09-2024	Bihar	Forbesganj	Potato	2400	2999
07-06-2024	Uttar Pradesh	Bindki	Potato	1840	2166
03-08-2024	Tamilnadu	Srivilliputhur(Uzhavar Sandhai )	Potato	5000	3975
06-04-2025	Punjab	Dudhansadhan	Onion	1900	985
24-02-2024	Uttar Pradesh	Devariya	Potato	840	1506
21-03-2025	Punjab	Khanna	Potato	600	3339
28-09-2023	Uttar Pradesh	Chirgaon	Onion	1760	1905
27-12-2024	Uttar Pradesh	Safdarganj	Potato	1750	1975
21-01-2025	Tamilnadu	Anaiyur(Uzhavar Sandhai )	Potato	5500	4861
06-06-2025	Kerala	Manjeri	Onion	2050	4676
10-07-2024	Uttar Pradesh	Banda	Onion	3060	4015
28-12-2023	West Bengal	Durgapur	Wheat	2400	4706
31-10-2024	Jammu & Kashmir	Rajouri (F&V)	Potato	2700	2448
23-11-2023	Uttar Pradesh	Bindki	Wheat	2480	4337
03-03-2025	Uttar Pradesh	Tamkuhi road	Onion	1775	3415
25-05-2025	Haryana	New Grain Market(main), Karnal	Onion	900	1350
29-01-2025	Tamilnadu	Singanallur(Uzhavar Sandhai )	Potato	5000	1838
23-08-2023	Uttar Pradesh	Achalda	Wheat	2310	544
14-12-2024	Tamilnadu	Mettupalayam(Uzhavar Sandhai )	Potato	5500	1590
27-02-2024	Uttar Pradesh	Gurusarai	Onion	1345	1469
23-11-2023	Gujarat	Dhrol	Wheat	2715	4239
16-09-2023	Uttar Pradesh	Dudhi	Onion	1700	3828
24-09-2024	Rajasthan	Ajmer(F&V)	Potato	2800	1921
18-03-2025	Uttar Pradesh	Dudhi	Onion	2300	3696
04-08-2023	Uttar Pradesh	Varanasi(F&V)	Onion	1525	850
09-02-2024	Punjab	Moga	Potato	630	4579
18-01-2025	Uttar Pradesh	Chutmalpur	Potato	1000	3183
02-06-2025	Himachal Pradesh	Solan(Nalagarh)	Potato	1400	4998
28-05-2024	Punjab	Rayya	Potato	700	1286
14-12-2023	Rajasthan	Bhilwara	Wheat	2500	1878
04-02-2025	Punjab	Hoshiarpur	Potato	1200	2198
04-07-2024	Haryana	Sirsa	Potato	1700	3211
13-07-2023	Uttar Pradesh	Dudhi	Onion	1100	1091
25-09-2024	Punjab	Nabha	Potato	1560	3750
04-04-2025	Uttar Pradesh	Moth	Onion	1300	1133
31-07-2024	 Punjab	Fazilka	Onion	3000	2489
07-05-2025	Tamilnadu	Pollachi(Uzhavar Sandhai )	Onion	2400	2585
05-06-2024	West Bengal	Kandi	Potato	2150	2431
29-09-2023	Himachal Pradesh	Solan	Onion	2600	481
11-09-2023	Haryana	Punhana	Onion	2500	3133
28-07-2023	Orissa	Rayagada	Potato	1700	4846
09-12-2023	Uttar Pradesh	Khurja	Wheat	2550	1866
01-11-2024	West Bengal	Sainthia	Onion	4400	524
02-05-2025	Tamilnadu	Periyakulam(Uzhavar Sandhai )	Potato	3400	4023
09-12-2024	Tamilnadu	Chinnamanur(Uzhavar Sandhai )	Potato	6000	330
23-01-2024	Uttar Pradesh	Badayoun	Potato	625	812
28-08-2023	Himachal Pradesh	Mandi(Takoli)	Potato	1400	1371
20-09-2023	Uttar Pradesh	Ajuha	Onion	2100	2810
27-01-2025	Haryana	Rohtak	Potato	800	401
20-06-2023	Maharashtra	Pandharpur	Wheat	2400	4273
23-04-2025	Uttar Pradesh	Mugrabaadshahpur	Rice	3385	2979
27-02-2025	Tamilnadu	Athur(Uzhavar Sandhai )	Onion	5000	1583
19-12-2023	Madhya Pradesh	Dhamnod	Wheat	2832	3488
15-03-2024	Rajasthan	Udaipur (F&V)	Onion	1800	4771
08-06-2025	Uttar Pradesh	Wazirganj	Potato	1125	1108
20-05-2025	Orissa	Jharsuguda	Rice	4000	3583
20-07-2023	Maharashtra	Nandgaon	Onion	1150	2331
01-07-2023	Maharashtra	Karjat(Raigad)	Wheat	2400	4403
29-06-2024	Tamilnadu	Palakode	Potato	40	4330
21-08-2023	Madhya Pradesh	Katni(F&V)	Onion	1100	2809
15-03-2025	Karnataka	Udupi	Onion	2400	1299
02-05-2025	West Bengal	Sheoraphuly	Rice	3500	2351
08-08-2023	Uttar Pradesh	Tundla	Potato	1050	3347
10-11-2024	Gujarat	Ankleshwar	Potato	2500	4568
19-06-2023	Uttar Pradesh	Khaga	Wheat	2200	3465
22-11-2023	Rajasthan	Sriganganagar (F&V)	Potato	900	749
02-06-2025	Tamilnadu	Thirupathur	Potato	3400	225
28-02-2025	West Bengal	Bethuadahari	Onion	2650	784
07-09-2023	Madhya Pradesh	Alirajpur(F&V)	Onion	1800	2533
09-06-2023	Gujarat	Kalol	Wheat	2275	2186
07-05-2025	Uttar Pradesh	Anoop Shahar	Onion	1000	4016
08-07-2023	Uttar Pradesh	Milak	Onion	1395	425
08-12-2023	Orissa	Keonjhar(Dhekikote)	Potato	2000	4373
26-04-2025	Tamilnadu	Pattukottai(Uzhavar Sandhai )	Potato	3600	2281
28-11-2024	Tamilnadu	Kundrathur(Uzhavar Sandhai )	Potato	5000	423
11-09-2024	Uttar Pradesh	Noida	Onion	3760	3229
19-12-2024	Tamilnadu	Coonoor(Uzhavar Sandhai )	Potato	6000	1021
29-01-2025	Bihar	Forbesganj	Potato	1400	2349
31-12-2024	Kerala	Parappanangadi	Potato	3100	2593
31-08-2023	Haryana	Ganaur	Onion	2800	4991
15-04-2024	Kerala	Chala	Potato	3600	4782
08-02-2025	West Bengal	Durgapur	Potato	1040	4277
30-03-2024	Uttar Pradesh	Hardoi	Onion	1825	4933
21-03-2024	Maharashtra	Mangal Wedha	Onion	1100	2079
29-07-2024	Gujarat	Mahuva(Station Road)	Onion	1750	4773
15-09-2023	Maharashtra	Ulhasnagar	Wheat	3500	1506
11-02-2025	Uttar Pradesh	Bijnaur	Onion	2020	4903
12-04-2024	Uttar Pradesh	Tamkuhi road	Onion	1580	3872
13-12-2024	Punjab	Garh Shankar(Mahalpur)	Potato	1800	4478
19-06-2023	Chattisgarh	Durg	Wheat	2377	2250
29-09-2024	Bihar	Murliganj	Potato	3200	4463
14-05-2025	Madhya Pradesh	Dhamnod(F&V)	Potato	1100	198
19-03-2025	West Bengal	Birbhum	Potato	950	3725
13-06-2023	Kerala	Kattappana	Onion	1500	2704
13-10-2023	Kerala	Kattappana	Onion	7500	3894
01-03-2025	Haryana	Gharaunda	Onion	3500	3930
14-10-2023	Madhya Pradesh	Khurai	Wheat	2511	778
02-09-2024	Jammu & Kashmir	Rajouri (F&V)	Onion	4900	4205
08-05-2025	Himachal Pradesh	Mandi(Mandi)	Onion	1500	3096
15-10-2023	Uttar Pradesh	Gonda	Onion	2450	4066
25-05-2025	Kerala	Aralamoodu	Onion	3500	1919
12-07-2024	Uttar Pradesh	Chaandpur	Onion	1900	2927
19-08-2024	Punjab	Phagwara	Onion	3569	271
16-10-2023	Maharashtra	Shevgaon	Wheat	2300	2579
27-04-2025	Uttar Pradesh	Shahjahanpur	Potato	1185	4340
02-08-2023	Uttar Pradesh	Khaga	Potato	1080	844
12-02-2024	Uttar Pradesh	Rasda	Onion	1510	853
10-08-2023	Madhya Pradesh	Pachaur	Wheat	2400	3587
01-03-2025	Tamilnadu	Gudiyatham(Uzhavar Sandhai )	Potato	3600	1987
15-07-2023	Rajasthan	Bharatpur	Wheat	2219	147
27-07-2024	Punjab	Phagwara	Potato	1255	1410
21-09-2024	Delhi	Azadpur	Potato	1925	693
29-12-2023	Nagaland	Kohima	Potato	3100	2104
09-09-2023	Rajasthan	Jalore	Potato	1100	2624
12-09-2023	Kerala	Punalur	Onion	2800	1001
01-09-2023	Rajasthan	Hanumangarh(Urlivas)	Potato	1000	1476
28-06-2023	Madhya Pradesh	Sonkatch	Wheat	2121	3320
06-03-2025	Tamilnadu	Srivilliputhur(Uzhavar Sandhai )	Potato	3500	650
09-08-2024	Maharashtra	Islampur	Onion	2550	3901
01-07-2024	Gujarat	Vadhvan	Potato	2750	2975
18-12-2023	Punjab	Dudhansadhan	Potato	1200	4303
03-03-2025	Haryana	Shahzadpur	Onion	2000	4735
26-12-2023	Madhya Pradesh	Khandwa	Wheat	1900	1459
17-05-2024	Haryana	Ratia	Onion	1600	1995
30-03-2025	Tamilnadu	Mohanur(Uzhavar Sandhai )	Onion	3500	1873
31-07-2023	Uttar Pradesh	Aligarh	Potato	1120	2115
02-05-2024	Bihar	Bhagwanpur Mandi	Potato	2700	2455
06-04-2025	Haryana	Mustafabad	Onion	2200	4671
28-04-2025	West Bengal	Uluberia	Rice	3800	520
04-10-2023	West Bengal	Bishnupur(Bankura)	Potato	1280	787
27-10-2023	Punjab	Nabha	Potato	800	4097
28-08-2024	Chhattisgarh	Tiphra	Onion	2600	379
26-09-2024	Haryana	Punhana	Potato	2000	4812
18-12-2023	Gujarat	Nadiyad(Piplag)	Potato	1100	174
21-12-2023	Kerala	Chathanoor	Potato	4000	4603
28-07-2023	Andhra Pradesh	Gajwel	Tomato	8000	3813
30-07-2024	Tamilnadu	Nagapattinam(Uzhavar Sandhai )	Onion	4000	4296
06-02-2024	Uttar Pradesh	Achalda	Onion	1500	2942
27-10-2023	Madhya Pradesh	Mow	Wheat	2415	3479
14-07-2023	Karnataka	Srinivasapur	Tomato	6667	4743
28-02-2024	Uttar Pradesh	Purwa	Potato	875	4883
17-05-2025	Uttar Pradesh	Gazipur	Rice	5000	3901
29-11-2024	Uttar Pradesh	Chutmalpur	Onion	2200	1144
11-03-2024	Rajasthan	Bhadara	Potato	1172	2731
13-11-2023	Uttar Pradesh	Gurusarai	Potato	1040	2549
19-02-2024	Haryana	Narwana	Potato	650	3397
21-10-2023	Rajasthan	Iklera	Wheat	2465	474
18-05-2025	Uttar Pradesh	Mauranipur	Onion	985	4151
20-05-2025	Uttar Pradesh	Baraut	Potato	900	358
30-11-2023	Andhra Pradesh	Kurnool	Onion	3851	608
25-03-2025	Punjab	GarhShankar (Kotfatuhi)	Onion	1700	3770
02-11-2023	Maharashtra	Rahata	Potato	1650	1976
24-07-2024	West Bengal	Bolpur	Potato	2700	2513
25-07-2023	Haryana	Pataudi	Onion	1400	676
25-07-2023	Kerala	Perumbavoor	Onion	2500	2390
11-04-2025	Manipur	Bishenpur	Onion	3250	4751
12-07-2024	Madhya Pradesh	Neemuch	Onion	2200	1819
29-05-2024	Haryana	Ladwa	Onion	2000	190
22-08-2023	Punjab	Rajpura	Potato	900	1917
04-03-2025	Tamilnadu	Edapadi (Uzhavar Sandhai )	Onion	5000	2837
15-01-2024	West Bengal	Moynaguri	Potato	1100	4042
18-09-2023	Haryana	Siwan	Onion	2300	1697
15-11-2023	Maharashtra	Pune(Khadiki)	Onion	3250	3550
19-09-2023	Karnataka	Chintamani	Potato	3000	2909
14-05-2024	Uttar Pradesh	Purwa	Onion	1625	1327
05-09-2024	Tamilnadu	Kancheepuram(Uzhavar Sandhai )	Potato	5000	4014
22-07-2023	West Bengal	Asansol	Tomato	10000	4183
09-06-2024	Kerala	Kanjirappally	Potato	4800	383
27-09-2023	Gujarat	Kapadvanj	Wheat	2450	3252
14-08-2024	Tamilnadu	Vellore	Potato	4000	2033
07-01-2025	Bihar	Forbesganj	Potato	1600	2278
08-01-2024	Uttar Pradesh	Jasra	Onion	1900	2155
28-08-2023	Karnataka	Hubli (Amaragol)	Onion	1230	548
17-08-2023	Bihar	Aarah	Potato	1800	211
03-11-2023	Maharashtra	Selu	Wheat	2500	3380
20-05-2025	Uttar Pradesh	Manjhanpur	Potato	1185	3705
30-05-2025	Rajasthan	Alwar (F&V)	Potato	1400	4145
02-05-2024	Punjab	Lehra Gaga	Potato	1500	2027
26-12-2023	West Bengal	Dhupguri	Potato	1100	1455
15-01-2024	Orissa	Khariar Road	Onion	4100	3650
20-04-2024	Haryana	Sohna	Potato	1800	1892
25-09-2023	Uttar Pradesh	Purwa	Potato	1145	4796
31-10-2024	Tamilnadu	Dharmapuri(Uzhavar Sandhai )	Potato	4600	120
30-11-2023	Madhya Pradesh	Burhanpur	Wheat	2651	4325
09-11-2023	Gujarat	Dhrol	Wheat	2650	654
26-06-2023	West Bengal	Birbhum	Tomato	6050	4620
31-07-2024	Tamilnadu	Elampillai(Uzhavar Sandhai )	Onion	5000	574
23-08-2023	Kerala	Chathanoor	Potato	4000	357
13-12-2023	Uttar Pradesh	Auraiya	Wheat	2480	1225
29-04-2025	Orissa	Balugaon	Potato	1300	723
14-09-2023	 Punjab	Jalalabad	Onion	1700	1610
22-02-2024	Rajasthan	Pratapgarh	Onion	1380	967
28-07-2023	Madhya Pradesh	Khargone	Tomato	2500	4069
06-01-2024	Uttar Pradesh	Meerut	Onion	1700	3139
27-07-2023	Maharashtra	Rahata	Tomato	5100	1624
19-11-2024	Gujarat	Anand(Veg,Yard,Anand)	Onion	2500	1246
02-05-2025	Uttar Pradesh	Siyana	Potato	820	4317
23-09-2024	Kerala	Aroor	Potato	4900	952
13-05-2024	Karnataka	Bangalore	Onion	1500	1049
24-11-2024	West Bengal	Pandua	Potato	2700	4401
01-08-2024	Maharashtra	Kalyan	Onion	2800	2758
29-11-2024	Tamilnadu	RSPuram(Uzhavar Sandhai )	Potato	5800	3793
02-07-2023	Kerala	Kanjirappally	Onion	9400	2553
28-09-2023	Rajasthan	Goluwala	Wheat	2389	3052
04-12-2024	Uttar Pradesh	Auraiya	Onion	3800	2715
18-09-2024	Uttar Pradesh	Gorakhpur	Potato	2300	132
20-07-2024	Uttar Pradesh	Chutmalpur	Potato	1400	4077
18-06-2023	Punjab	Dhuri	Potato	950	2975
20-06-2023	Rajasthan	Rajsamand	Potato	1100	3232
06-07-2024	Uttar Pradesh	Khurja	Onion	2900	4267
04-08-2023	Karnataka	Mysore (Bandipalya)	Tomato	7900	2919
22-09-2024	Andhra Pradesh	Warangal	Potato	3100	3695
18-10-2024	West Bengal	Bolpur	Onion	4300	4018
02-08-2024	Tamilnadu	Pollachi(Uzhavar Sandhai )	Onion	4500	486
09-10-2023	Bihar	Murliganj	Potato	1200	483
27-07-2023	Uttar Pradesh	Mainpuri	Wheat	2200	2392
15-02-2024	West Bengal	Birbhum	Onion	1500	3960
01-08-2023	West Bengal	Bishnupur(Bankura)	Wheat	2800	4837
28-11-2024	Tamilnadu	Kundrathur(Uzhavar Sandhai )	Onion	7000	3603
18-01-2024	Jammu and Kashmir	Kulgam	Potato	1250	4264
04-07-2023	Haryana	Hassanpur	Onion	800	1645
11-05-2025	West Bengal	Indus(Bankura Sadar)	Potato	1280	3771
11-07-2023	Uttar Pradesh	Tundla	Tomato	7250	2920
17-08-2023	Gujarat	Jamnagar	Wheat	2690	3746
06-04-2025	West Bengal	Beldanga	Potato	860	2771
06-08-2023	Uttar Pradesh	Bijnaur	Wheat	2340	1407
05-06-2024	Bihar	Jahajharpur	Potato	2600	3465
09-02-2024	Punjab	Garh Shankar(Mahalpur)	Onion	1200	628
24-01-2024	Rajasthan	Bharatpur	Wheat	2552	747
08-06-2025	Punjab	Dharamkot	Potato	1200	2833
21-05-2025	Tamilnadu	Hasthampatti(Uzhavar Sandhai )	Potato	6000	2247
16-12-2024	Orissa	Bargarh(Barapalli)	Potato	4300	4077
24-03-2025	Maharashtra	Nampur	Onion	1400	2530
19-03-2024	West Bengal	Alipurduar	Potato	1550	675
21-05-2024	Orissa	Rayagada	Onion	2200	3139
02-02-2025	Uttar Pradesh	Balrampur	Potato	1045	3450
26-07-2023	Maharashtra	Phaltan	Tomato	4900	4331
20-04-2024	Punjab	Khanna	Onion	1500	3443
16-12-2023	Maharashtra	Yeola	Wheat	2600	4196
05-07-2023	Uttar Pradesh	Basti	Potato	1170	320
27-08-2024	Punjab	Ajnala	Onion	2450	1200
07-04-2025	Haryana	Ratia	Potato	670	4680
03-10-2024	Tamilnadu	Palayamkottai(Uzhavar Sandhai )	Onion	5700	645
16-08-2024	Karnataka	Bangalore	Potato	2100	561
11-06-2023	West Bengal	Durgapur	Wheat	2800	3130
12-05-2025	Punjab	Sahnewal	Onion	1600	234
01-02-2024	Madhya Pradesh	Nagod	Wheat	2360	2958
25-10-2024	Orissa	Khariar Road	Onion	6000	1982
30-06-2023	Himachal Pradesh	Bharuasumerpur	Onion	1125	4919
03-10-2023	West Bengal	Kalyani	Potato	1600	556
17-06-2023	Uttar Pradesh	Safdarganj	Tomato	2000	3223
10-10-2023	Kerala	Pothencode	Onion	14440	1663
18-02-2024	West Bengal	Dhupguri	Onion	2500	3413
10-02-2025	Haryana	Farukh Nagar	Onion	1900	3648
26-07-2024	Manipur	Bishenpur	Potato	3750	1814
26-02-2024	Uttar Pradesh	Jasra	Onion	1560	2022
02-01-2025	Madhya Pradesh	Indore	Potato	2510	4630
11-02-2025	Uttar Pradesh	Bharthna	Onion	2260	2884
06-10-2023	Delhi	Azadpur	Potato	1349	1940
20-04-2025	Uttar Pradesh	Unnao	Onion	1525	4858
29-11-2023	Himachal Pradesh	Shimla	Potato	1100	910
01-02-2024	Bihar	Nokha	Potato	1250	3762
03-06-2025	Rajasthan	Bayana	Onion	1200	1026
26-07-2023	Uttar Pradesh	Rampurmaniharan	Potato	1437	3603
05-09-2024	Maharashtra	Khed(Chakan)	Potato	2700	3254
09-02-2025	Maharashtra	Om Chaitanya Multistate Agro Purpose CoOp Society	Onion	2300	1800
19-12-2024	Rajasthan	Sujangarh	Potato	1900	730
09-05-2024	Uttar Pradesh	Basti	Potato	1725	2628
17-09-2024	Himachal Pradesh	Palampur	Potato	3200	379
14-09-2023	Delhi	Azadpur	Onion	2156	3195
29-06-2023	Haryana	Safidon	Potato	1000	2686
28-08-2023	Kerala	Angamaly	Tomato	4000	1340
19-09-2024	Chandigarh	Chandigarh(Grain/Fruit)	Potato	2000	3003
19-02-2024	Uttar Pradesh	Ajuha	Onion	1440	3307
02-03-2024	Maharashtra	Pen	Onion	2000	1007
01-06-2024	Haryana	Siwan	Potato	1800	4847
03-06-2025	Uttar Pradesh	Divai	Potato	900	3039
06-02-2025	Haryana	Panipat	Potato	600	4469
28-04-2024	Uttar Pradesh	Mauranipur	Potato	1700	3037
19-03-2025	Kerala	Thalayolaparambu	Onion	2600	4706
14-03-2024	Uttar Pradesh	Bangarmau	Onion	2050	1700
23-06-2024	Tamilnadu	Sivagangai	Potato	70	1960
25-06-2024	Himachal Pradesh	Muskara	Potato	1890	4613
17-06-2023	Orissa	Bargarh	Onion	1600	405
04-11-2024	Karnataka	Udupi	Potato	3100	1818
30-06-2023	Uttar Pradesh	Tulsipur	Tomato	5050	4545
16-03-2024	Punjab	Faridkot	Onion	2100	1128
23-01-2024	Uttar Pradesh	Ajuha	Onion	1750	4930
29-09-2024	Haryana	Jind	Potato	2252	4624
14-12-2023	Uttar Pradesh	Bareilly	Wheat	2470	4842
24-04-2024	Uttar Pradesh	Jaunpur	Potato	1725	2777
15-01-2024	Madhya Pradesh	Rewa	Wheat	2485	1501
19-05-2025	Uttar Pradesh	Bharthna	Potato	1000	704
17-06-2023	Uttar Pradesh	Mauranipur	Wheat	2300	628
30-05-2025	Tamilnadu	Palanganatham(Uzhavar Sandhai )	Potato	5000	2808
06-10-2023	Maharashtra	Karjat(Raigad)	Wheat	2400	2054
05-01-2024	Haryana	Panipat	Onion	1400	1390
03-05-2025	Madhya Pradesh	Manasa	Onion	512	110
14-07-2023	West Bengal	Birbhum	Potato	1740	4760
18-11-2024	Punjab	Mukerian	Potato	3500	4721
08-10-2024	Himachal Pradesh	Kangra(Jassour)	Onion	5400	4101
04-03-2024	Orissa	Chandabali	Potato	1500	3956
26-09-2024	Punjab	Phagwara	Onion	4688	1745
23-07-2024	Tamilnadu	Kahithapattarai(Uzhavar Sandhai )	Onion	4400	334
09-03-2024	Haryana	Pipli	Potato	850	2038
11-04-2025	Tamilnadu	Tirupatthur(Uzhavar Sandhai )	Potato	4500	3516
02-06-2024	Rajasthan	Kota (F&V)	Potato	1750	3385
24-07-2023	Haryana	Shahabad	Onion	1500	1634
16-09-2024	Punjab	Malout	Potato	700	1243
29-01-2024	 Punjab	Fazilka	Onion	2000	4778
12-06-2023	Himachal Pradesh	Hamirpur	Onion	1900	125
26-08-2023	Gujarat	Kalol	Wheat	2500	1235
30-07-2024	Tamilnadu	Anna nagar(Uzhavar Sandhai )	Potato	4800	1702
23-01-2024	Kerala	Kanjirappally	Onion	3300	1567
09-10-2024	Kerala	Kayamkulam	Potato	3300	4233
26-03-2025	Tamilnadu	Ulundurpettai	Onion	4000	1493
23-08-2023	Rajasthan	Chhabra	Wheat	2459	3327
29-01-2024	Uttar Pradesh	Milak	Onion	1625	1104
15-05-2024	Uttar Pradesh	Fatehabad	Potato	1450	3682
25-02-2024	Uttar Pradesh	Jahangirabad	Onion	1510	3047
12-05-2025	Haryana	Panipat	Potato	800	1274
29-06-2023	Uttar Pradesh	Dudhi	Tomato	1100	2680
12-06-2023	Kerala	Chengannur	Onion	6200	507
21-03-2025	Manipur	Thoubal	Onion	3750	3533
02-12-2023	Rajasthan	Rawatsar	Onion	3000	1865
18-04-2024	Haryana	Barara	Potato	900	2085
15-07-2023	Karnataka	Kadur	Onion	1387	4108
13-04-2024	Maharashtra	Vai	Onion	1100	3623
23-06-2024	Andhra Pradesh	Erragadda(Rythu Bazar)	Potato	3500	3563
06-03-2024	Uttar Pradesh	Chandausi	Onion	1650	4987
08-05-2025	Haryana	Pehowa	Potato	900	3517
12-07-2023	Madhya Pradesh	Shamgarh	Wheat	2125	1854
25-07-2024	Uttar Pradesh	Jasvantnagar	Potato	2200	4268
21-01-2024	Maharashtra	Pune	Potato	1200	2605
20-05-2024	Haryana	Safidon	Potato	1700	2956
29-08-2024	Karnataka	Belgaum	Potato	2800	2021
29-06-2023	Punjab	Malout	Onion	1100	1813
23-11-2023	Uttar Pradesh	Chandoli	Potato	1000	3173
24-01-2025	Tamilnadu	Rajapalayam(Uzhavar Sandhai )	Potato	4000	1227
07-06-2025	Karnataka	Chickkaballapura	Onion	1900	4414
11-07-2023	Gujarat	Ahmedabad(Chimanbhai Patal Market Vasana)	Onion	1300	1917
17-11-2023	Haryana	Ch. Dadri	Potato	850	2662
27-11-2024	Uttar Pradesh	Purwa	Onion	3850	1470
01-10-2023	Haryana	Sirsa	Potato	600	2041
21-04-2025	Uttar Pradesh	Balrampur	Onion	1600	4903
16-09-2024	Tamilnadu	Periyakulam(Uzhavar Sandhai )	Onion	5800	1274
24-04-2025	Uttar Pradesh	Basti	Onion	1500	546
07-08-2024	Tamilnadu	Sathiyamagalam(Uzhavar Sandhai )	Onion	4500	291
01-08-2024	West Bengal	Balarampur	Potato	2260	1387
16-03-2024	Uttar Pradesh	Mirzapur	Onion	1900	1040
13-03-2025	Haryana	Bhiwani	Potato	1110	3506
22-02-2025	Himachal Pradesh	Hamirpur	Potato	1250	3929
03-06-2025	Uttar Pradesh	Lucknow	Rice	3370	2490
06-11-2023	Punjab	Moga	Potato	650	2693
18-07-2024	Uttar Pradesh	Chirgaon	Onion	2960	3169
08-09-2023	Nagaland	Jalukie	Potato	10100	2849
03-08-2023	Haryana	New Grain Market(main), Karnal	Tomato	8500	1221
26-07-2023	Uttar Pradesh	Baberu	Potato	1265	2403
18-07-2024	Rajasthan	Goluwala	Potato	1800	1308
13-09-2024	Uttar Pradesh	Hargaon (Laharpur)	Potato	1800	3506
15-09-2023	West Bengal	Barasat	Potato	1500	2639
22-12-2023	Gujarat	Porbandar	Wheat	2420	969
22-06-2024	Orissa	Bargarh	Potato	2700	999
18-10-2023	Madhya Pradesh	Shajapur(F&V)	Onion	2300	3709
12-10-2023	Uttar Pradesh	Dhanaura	Potato	900	2815
19-10-2023	Uttar Pradesh	Saharanpur	Potato	1170	4589
20-08-2024	West Bengal	Kalipur	Potato	2440	999
13-07-2024	Haryana	Rania(Jiwan nagar)	Potato	1600	218
16-06-2024	Haryana	Ganaur	Potato	1800	1675
08-02-2024	Maharashtra	Pen	Potato	2000	1721
20-06-2023	Rajasthan	Pilibanga	Wheat	2154	4049
08-09-2024	Tamilnadu	Cuddalore(Uzhavar Sandhai )	Onion	6400	4602
15-07-2024	Maharashtra	Hingna	Onion	1900	4629
08-11-2023	Rajasthan	Madanganj Kishangarh	Potato	1300	2140
27-11-2024	Uttar Pradesh	Puwaha	Potato	2020	2151
04-07-2023	Kerala	Angamaly	Tomato	12500	2575
13-10-2023	Maharashtra	Kopargaon	Onion	2300	1008
18-09-2023	Rajasthan	Hanumangarh Town	Onion	1500	2028
18-10-2024	Tamilnadu	Jalagandapuram(Uzhavar Sandhai )	Potato	5000	3038
22-05-2025	Uttar Pradesh	Amroha	Onion	1200	1026
21-06-2023	Punjab	Jalandhar City(Jalandhar)	Tomato	500	4504
09-11-2024	Gujarat	Porbandar	Potato	3000	1110
18-08-2023	Maharashtra	Pune(Pimpri)	Onion	1900	730
16-11-2024	Uttar Pradesh	Etah	Onion	3850	1682
28-07-2023	Madhya Pradesh	Guna	Wheat	2515	4833
02-05-2024	Haryana	Radaur	Onion	1400	1097
05-11-2024	Kerala	Kanjirappally	Onion	6800	3454
16-08-2024	Uttar Pradesh	Tulsipur	Potato	2430	1844
28-05-2025	Kerala	Kottakkal	Onion	2100	4192
14-05-2024	Orissa	Bhadrak	Potato	2800	3666
08-08-2023	Gujarat	Ahmedabad	Tomato	11500	1670
28-06-2024	Uttar Pradesh	Bareilly	Potato	1975	2524
10-01-2025	Punjab	Tanda Urmur	Potato	1400	2289
20-04-2025	Orissa	Hindol	Onion	2400	1104
23-04-2025	West Bengal	Jalpaiguri Sadar	Potato	1400	684
23-09-2024	West Bengal	Bethuadahari	Potato	2620	3402
22-01-2025	Uttar Pradesh	Bewar	Potato	1300	3847
30-09-2024	West Bengal	Jalpaiguri Sadar	Onion	4900	1793
27-03-2024	Himachal Pradesh	Chamba	Potato	1750	1638
28-12-2023	Punjab	Moga	Onion	2300	2783
02-02-2025	Tamilnadu	Mettur(Uzhavar Sandhai )	Potato	6000	563
19-09-2023	Uttar Pradesh	Akbarpur	Potato	1190	593
29-09-2023	Kerala	Kannur	Onion	3200	3814
28-09-2023	Uttar Pradesh	Varanasi	Wheat	2370	810
27-04-2025	West Bengal	Belacoba	Potato	1350	101
11-07-2024	Maharashtra	Ramtek	Onion	4100	2226
20-05-2025	Madhya Pradesh	Khurai(F&V)	Potato	1400	1965
22-04-2024	Uttar Pradesh	Gadaura	Potato	1200	581
16-01-2024	Uttar Pradesh	Ujhani	Potato	600	4837
02-11-2024	Uttar Pradesh	Sandi	Potato	2120	1448
15-11-2024	Uttar Pradesh	Unnao	Potato	2125	3948
09-10-2024	Rajasthan	Goluwala	Potato	1700	4458
07-11-2024	Tamilnadu	Paramathivelur(Uzhavar Sandhai )	Onion	7400	335
28-08-2023	Uttar Pradesh	Fatehpur	Wheat	2310	1833
09-04-2024	Uttar Pradesh	Awagarh	Potato	1100	4442
09-09-2023	Madhya Pradesh	Bhopal(F&V)	Onion	1000	625
02-04-2024	Haryana	Shahzadpur	Onion	1500	1446
10-11-2023	Madhya Pradesh	Manawar	Wheat	3000	4889
28-12-2023	Rajasthan	Goluwala	Onion	2200	2321
27-06-2023	Uttar Pradesh	Gurusarai	Potato	1190	961
05-07-2023	Haryana	Farukh Nagar	Onion	1200	4321
20-07-2024	Gujarat	Surat	Potato	2150	277
17-01-2024	Uttar Pradesh	Gazipur	Onion	1750	4620
16-12-2023	Uttar Pradesh	Sambhal	Onion	2200	4581
16-10-2023	Madhya Pradesh	Jabalpur	Wheat	2436	2411
11-03-2024	Uttar Pradesh	Jafarganj	Onion	1900	1991
25-11-2023	Gujarat	Ahmedabad(Chimanbhai Patal Market Vasana)	Potato	1300	1414
04-01-2025	Rajasthan	Goluwala	Potato	1500	376
02-12-2024	Tamilnadu	Rasipuram(Uzhavar Sandhai )	Potato	5000	3657
13-04-2024	Uttar Pradesh	Puwaha	Onion	1750	1027
17-09-2024	Uttar Pradesh	Bijnaur	Onion	3720	4567
15-10-2024	Tamilnadu	Palacode(Uzhavar Sandhai )	Potato	5000	4517
06-07-2024	Tamilnadu	Virudhunagar	Potato	56	418
06-07-2023	Chattisgarh	Durg	Onion	1600	2279
24-06-2024	West Bengal	Nadia	Potato	2660	112
21-02-2024	Haryana	Nuh	Potato	700	2761
08-01-2024	Rajasthan	Bundi	Wheat	2348	3852
04-10-2024	Uttar Pradesh	Bangarmau	Onion	3900	4757
11-10-2023	Kerala	Thrippunithura	Potato	4000	1201
24-09-2024	Maharashtra	Ramtek	Onion	4000	636
01-12-2023	Uttar Pradesh	Ahirora	Onion	3670	3841
13-08-2023	Uttar Pradesh	Balrampur	Onion	1600	3694
16-04-2025	Rajasthan	Udaipur (F&V)	Potato	1250	4067
06-02-2025	Rajasthan	Bhadara	Potato	927	4467
08-11-2024	Kerala	Anchal	Potato	4600	3054
09-12-2023	Uttar Pradesh	Hasanpur	Onion	1450	3604
22-07-2023	Uttar Pradesh	Jahangirabad	Onion	1575	3597
20-12-2023	Uttar Pradesh	Ghaziabad	Wheat	2550	3994
17-06-2024	Kerala	Pampady	Potato	3900	2336
09-08-2023	Madhya Pradesh	Thandla	Potato	1400	2480
10-06-2025	Rajasthan	Madanganj Kishangarh	Onion	1200	275
10-10-2024	Andhra Pradesh	Jainath	Onion	587	3220
31-05-2025	Tamilnadu	Palayamkottai(Uzhavar Sandhai )	Onion	2700	2559
09-01-2025	Tamilnadu	Hosur(Uzhavar Sandhai )	Potato	4000	2306
07-08-2024	Uttar Pradesh	Azamgarh	Onion	2840	2805
25-12-2023	Punjab	Garh Shankar(Mahalpur)	Potato	500	4502
09-06-2024	Haryana	Gurgaon	Potato	1200	3398
25-02-2025	Uttar Pradesh	Wazirganj	Onion	2400	2064
04-08-2023	Haryana	Sirsa	Onion	1100	193
24-11-2024	Kerala	Chathanoor	Potato	5000	2282
13-09-2023	Rajasthan	Rajsamand	Onion	1600	1747
05-09-2023	Madhya Pradesh	Deori	Potato	1600	1616
11-08-2024	Punjab	Rajpura	Potato	1600	1676
12-11-2024	Haryana	Ballabhgarh	Onion	2000	4313
22-09-2023	Uttar Pradesh	Basti	Wheat	2350	837
15-02-2025	Haryana	Radaur	Potato	800	3917
15-08-2024	Uttar Pradesh	Meerut	Potato	2420	4057
14-08-2023	Orissa	Balugaon	Potato	1650	4106
21-02-2025	Maharashtra	Manmad	Onion	2100	4125
27-06-2023	Uttar Pradesh	Madhoganj	Onion	1125	4301
19-08-2024	Tamilnadu	Tiruchengode	Onion	4500	3168
14-09-2024	Uttar Pradesh	Etawah	Onion	3550	4998
06-02-2024	Madhya Pradesh	Bina	Wheat	2466	2629
03-03-2025	Kerala	North Paravur	Onion	7000	927
21-11-2023	Maharashtra	Chandrapur(Ganjwad)	Onion	4000	362
27-09-2023	Madhya Pradesh	Mahidpur	Wheat	2400	4580
26-07-2024	Bihar	Tajpur	Onion	3500	3653
29-04-2024	Uttar Pradesh	Bahedi	Potato	900	2289
28-10-2024	Tamilnadu	Karur(Uzhavar Sandhai )	Potato	6000	3187
01-07-2023	Madhya Pradesh	Jabalpur(F&V)	Onion	1200	3647
15-04-2024	Haryana	Sirsa	Onion	1400	3634
31-10-2023	Madhya Pradesh	Kailaras	Wheat	2471	3436
11-09-2024	Tamilnadu	Sathur(Uzhavar Sandhai )	Onion	6500	3768
25-03-2024	West Bengal	Belacoba	Onion	1900	661
09-10-2024	Uttar Pradesh	Safdarganj	Onion	4250	1814
08-08-2024	Uttar Pradesh	Bangarmau	Potato	2330	679
06-10-2024	Tamilnadu	Dindigul(Uzhavar Sandhai )	Potato	6000	3235
20-03-2024	Karnataka	Malur	Potato	2000	3833
07-09-2024	Uttar Pradesh	Chirgaon	Potato	2290	2817
19-07-2024	Madhya Pradesh	Shujalpur	Onion	1800	1753
14-04-2025	Uttar Pradesh	Fatehpur	Potato	1040	684
22-03-2025	Punjab	Lehra Gaga	Potato	800	893
08-05-2024	Madhya Pradesh	Narsinghgarh	Onion	1000	2020
18-08-2023	Madhya Pradesh	Vidisha	Wheat	2715	4802
26-04-2025	Punjab	Patran	Onion	700	3962
01-09-2024	Tamilnadu	Thathakapatti(Uzhavar Sandhai )	Onion	6000	3979
06-10-2023	Madhya Pradesh	Silvani	Wheat	2380	1246
31-12-2023	Kerala	Vandiperiyar	Onion	3500	190
01-02-2024	Uttar Pradesh	Bharwari	Potato	640	2892
06-08-2024	Himachal Pradesh	Muskara	Potato	2250	4465
24-02-2025	Tamilnadu	Sirkali(Uzhavar Sandhai )	Onion	5000	2859
20-05-2024	Rajasthan	Sriganganagar (F&V)	Onion	1300	2708
08-04-2024	Rajasthan	Sangriya	Onion	1000	4536
01-06-2024	West Bengal	Barasat	Potato	2380	3713
01-05-2025	Jammu & Kashmir	Rajouri (F&V)	Potato	1300	916
16-08-2024	Chattisgarh	Rajnandgaon	Potato	2800	244
23-04-2024	Uttar Pradesh	Ahirora	Potato	1660	1918
